17052,0.0,0.0,0.0,0.0
17062,0.0,0.0,0.0,0.0
17072,0.0,0.0,0.0,0.0
17082,0.0,0.0,0.0,0.0
17092,0.0,0.0,0.0,0.0
17102,0.0,0.0,0.0,0.0
17112,0.0,0.0,0.0,0.0
17122,0.0,0.0,0.0,0.0
17132,0.0,0.0,0.0,0.0
17142,0.0,0.0,0.0,0.0
17152,0.0,0.0,0.0,0.0
17162,0.0,0.0,0.0,0.0
17172,0.0,0.0,0.0,0.0
17182,0.0,0.0,0.0,0.0
17192,0.0,0.0,0.0,0.0
17202,0.0,0.0,0.0,0.0
17212,0.0,0.0,0.0,0.0
17222,0.0,0.0,0.0,0.0
17232,0.0,0.0,0.0,0.0
17242,0.0,0.0,0.0,0.0
17252,0.0,0.0,0.0,0.0
17262,0.0,0.0,0.0,0.0
17272,0.0,0.0,0.0,0.0
17282,0.0,0.0,0.0,0.0
17292,0.0,0.0,0.0,0.0
17302,0.0,0.0,0.0,0.0
17312,0.0,0.0,0.0,0.0
17322,0.0,0.0,0.0,0.0
17332,0.0,0.0,0.0,0.0
17342,0.0,0.0,0.0,0.0
17352,0.0,0.0,0.0,0.0
17362,0.0,0.0,0.0,0.0
17372,0.0,0.0,0.0,0.0
17382,0.0,0.0,0.0,0.0
17392,0.0,0.0,0.0,0.0
17402,0.0,0.0,0.0,0.0
17412,0.0,0.0,0.0,0.0
17422,0.0,0.0,0.0,0.0
17432,0.0,0.0,0.0,0.0
17442,0.0,0.0,0.0,0.0
17452,0.0,0.0,0.0,0.0
17462,0.0,0.0,0.0,0.0
17472,0.0,0.0,0.0,0.0
17482,0.0,0.0,0.0,0.0
17492,0.0,0.0,0.0,0.0
17502,0.0,0.0,0.0,0.0
17512,0.0,0.0,0.0,0.0
17522,0.0,0.0,0.0,0.0
17532,0.0,0.0,0.0,0.0
17542,0.0,0.0,0.0,0.0
17552,0.0,0.0,0.0,0.0
17562,0.0,0.0,0.0,0.0
17572,0.0,0.0,0.0,0.0
17582,0.0,0.0,0.0,0.0
17592,0.0,0.0,0.0,0.0
17602,0.0,0.0,0.0,0.0
17612,0.0,0.0,0.0,0.0
17622,0.0,0.0,0.0,0.0
17632,0.0,0.0,0.0,0.0
17642,0.0,0.0,0.0,0.0
17652,0.0,0.0,0.0,0.0
17662,0.0,0.0,0.0,0.0
17672,0.0,0.0,0.0,0.0
17682,0.0,0.0,0.0,0.0
17692,0.0,0.0,0.0,0.0
17702,0.0,0.0,0.0,0.0
17712,0.0,0.0,0.0,0.0
17722,0.0,0.0,0.0,0.0
17732,0.0,0.0,0.0,0.0
17742,0.0,0.0,0.0,0.0
17752,0.0,0.0,0.0,0.0
17762,0.0,0.0,0.0,0.0
17772,0.0,0.0,0.0,0.0
17782,0.0,0.0,0.0,0.0
17792,0.0,0.0,0.0,0.0
17802,0.0,0.0,0.0,0.0
17812,0.0,0.0,0.0,0.0
17822,0.0,0.0,0.0,0.0
17832,0.0,0.0,0.0,0.0
17842,0.0,0.0,0.0,0.0
17852,0.0,0.0,0.0,0.0
17862,0.0,0.0,0.0,0.0
17872,0.0,0.0,0.0,0.0
17882,0.0,0.0,0.0,0.0
17892,0.0,0.0,0.0,0.0
17902,0.0,0.0,0.0,0.0
17912,0.0,0.0,0.0,0.0
17922,0.0,0.0,0.0,0.0
17932,0.0,0.0,0.0,0.0
17942,0.0,0.0,0.0,0.0
17952,0.0,0.0,0.0,0.0
17962,0.0,0.0,0.0,0.0
17972,0.0,0.0,0.0,0.0
17982,0.0,0.0,0.0,0.0
17992,0.0,0.0,0.0,0.0
18002,0.0,0.0,0.0,0.0
18012,0.0,0.0,0.0,0.0
18022,0.0,0.0,0.0,0.0
18032,0.0,0.0,0.0,0.0
18042,0.0,0.0,0.0,0.0
18052,0.0,0.0,0.0,0.0
18062,0.0,0.0,0.0,0.0
18072,0.0,0.0,0.0,0.0
18082,0.0,0.0,0.0,0.0
18092,0.0,0.0,0.0,0.0
18102,0.0,0.0,0.0,0.0
18112,0.0,0.0,0.0,0.0
18122,0.0,0.0,0.0,0.0
18132,0.0,0.0,0.0,0.0
18142,0.0,0.0,0.0,0.0
18152,0.0,0.0,0.0,0.0
18162,0.0,0.0,0.0,0.0
18172,0.0,0.0,0.0,0.0
18182,0.0,0.0,0.0,0.0
18192,0.0,0.0,0.0,0.0
18202,0.0,0.0,0.0,0.0
18212,0.0,0.0,0.0,0.0
18222,0.0,0.0,0.0,0.0
18232,0.0,0.0,0.0,0.0
18242,0.0,0.0,0.0,0.0
18252,0.0,0.0,0.0,0.0
18262,0.0,0.0,0.0,0.0
18272,0.0,0.0,0.0,0.0
18282,0.0,0.0,0.0,0.0
18292,0.0,0.0,0.0,0.0
18302,0.0,0.0,0.0,0.0
18312,0.0,0.0,0.0,0.0
18322,0.0,0.0,0.0,0.0
18332,0.0,0.0,0.0,0.0
18342,0.0,0.0,0.0,0.0
18352,0.0,0.0,0.0,0.0
18362,0.0,0.0,0.0,0.0
18372,0.0,0.0,0.0,0.0
18382,0.0,0.0,0.0,0.0
18392,0.0,0.0,0.0,0.0
18402,0.0,0.0,0.0,0.0
18412,0.0,0.0,0.0,0.0
18422,0.0,0.0,0.0,0.0
18432,0.0,0.0,0.0,0.0
18442,0.0,0.0,0.0,0.0
18452,0.0,0.0,0.0,0.0
18462,0.0,0.0,0.0,0.0
18472,0.0,0.0,0.0,0.0
18482,0.0,0.0,0.0,0.0
18492,0.0,0.0,0.0,0.0
18502,0.0,0.0,0.0,0.0
18512,0.0,0.0,0.0,0.0
18522,0.0,0.0,0.0,0.0
18532,0.0,0.0,0.0,0.0
18542,0.0,0.0,0.0,0.0
18552,0.0,0.0,0.0,0.0
18562,0.0,0.0,0.0,0.0
18572,0.0,0.0,0.0,0.0
18582,0.0,0.0,0.0,0.0
18592,0.0,0.0,0.0,0.0
18602,0.0,0.0,0.0,0.0
18612,0.0,0.0,0.0,0.0
18622,0.0,0.0,0.0,0.0
18632,0.0,0.0,0.0,0.0
18642,0.0,0.0,0.0,0.0
18652,0.0,0.0,0.0,0.0
18662,0.0,0.0,0.0,0.0
18672,0.0,0.0,0.0,0.0
18682,0.0,0.0,0.0,0.0
18692,0.0,0.0,0.0,0.0
18702,0.0,0.0,0.0,0.0
18712,0.0,0.0,0.0,0.0
18722,0.0,0.0,0.0,0.0
18732,0.0,0.0,0.0,0.0
18742,0.0,0.0,0.0,0.0
18752,0.0,0.0,0.0,0.0
18762,0.0,0.0,0.0,0.0
18772,0.0,0.0,0.0,0.0
18782,0.0,0.0,0.0,0.0
18792,0.0,0.0,0.0,0.0
18802,0.0,0.0,0.0,0.0
18812,0.0,0.0,0.0,0.0
18822,0.0,0.0,0.0,0.0
18832,0.0,0.0,0.0,0.0
18842,0.0,0.0,0.0,0.0
18852,0.0,0.0,0.0,0.0
18862,0.0,0.0,0.0,0.0
18872,0.0,0.0,0.0,0.0
18882,0.0,0.0,0.0,0.0
18892,0.0,0.0,0.0,0.0
18902,0.0,0.0,0.0,0.0
18912,0.0,0.0,0.0,0.0
18922,0.0,0.0,0.0,0.0
18932,0.0,0.0,0.0,0.0
18942,0.0,0.0,0.0,0.0
18952,0.0,0.0,0.0,0.0
18962,0.0,0.0,0.0,0.0
18972,0.0,0.0,0.0,0.0
18982,0.0,0.0,0.0,0.0
18992,0.0,0.0,0.0,0.0
19002,0.0,0.0,0.0,0.0
19012,0.0,0.0,0.0,0.0
19022,0.0,0.0,0.0,0.0
19032,0.0,0.0,0.0,0.0
19042,0.0,0.0,0.0,0.0
19052,0.0,0.0,0.0,0.0
19062,0.0,0.0,0.0,0.0
19072,0.0,0.0,0.0,0.0
19082,0.0,0.0,0.0,0.0
19092,0.0,0.0,0.0,0.0
19102,0.0,0.0,0.0,0.0
19112,0.0,0.0,0.0,0.0
19122,0.0,0.0,0.0,0.0
19132,0.0,0.0,0.0,0.0
19142,0.0,0.0,0.0,0.0
19152,0.0,0.0,0.0,0.0
19162,0.0,0.0,0.0,0.0
19172,0.0,0.0,0.0,0.0
19182,0.0,0.0,0.0,0.0
19192,0.0,0.0,0.0,0.0
19202,0.0,0.0,0.0,0.0
19212,0.0,0.0,0.0,0.0
19222,0.0,0.0,0.0,0.0
19232,0.0,0.0,0.0,0.0
19242,0.0,0.0,0.0,0.0
19252,0.0,0.0,0.0,0.0
19262,0.0,0.0,0.0,0.0
19272,0.0,0.0,0.0,0.0
19282,0.0,0.0,0.0,0.0
19292,0.0,0.0,0.0,0.0
19302,0.0,0.0,0.0,0.0
19312,0.0,0.0,0.0,0.0
19322,0.0,0.0,0.0,0.0
19332,0.0,0.0,0.0,0.0
19342,0.0,0.0,0.0,0.0
19352,0.0,0.0,0.0,0.0
19362,0.0,0.0,0.0,0.0
19372,0.0,0.0,0.0,0.0
19382,0.0,0.0,0.0,0.0
19392,0.0,0.0,0.0,0.0
19402,0.0,0.0,0.0,0.0
19412,0.0,0.0,0.0,0.0
19422,0.0,0.0,0.0,0.0
19432,0.0,0.0,0.0,0.0
19442,0.0,0.0,0.0,0.0
19452,0.0,0.0,0.0,0.0
19462,0.0,0.0,0.0,0.0
19472,0.0,0.0,0.0,0.0
19482,0.0,0.0,0.0,0.0
19492,0.0,0.0,0.0,0.0
19502,0.0,0.0,0.0,0.0
19512,0.0,0.0,0.0,0.0
19522,0.0,0.0,0.0,0.0
19532,0.0,0.0,0.0,0.0
19542,0.0,0.0,0.0,0.0
19552,0.0,0.0,0.0,0.0
19562,0.0,0.0,0.0,0.0
19572,0.0,0.0,0.0,0.0
19582,0.0,0.0,0.0,0.0
19592,0.0,0.0,0.0,0.0
19602,0.0,0.0,0.0,0.0
19612,0.0,0.0,0.0,0.0
19622,0.0,0.0,0.0,0.0
19632,0.0,0.0,0.0,0.0
19642,0.0,0.0,0.0,0.0
19652,0.0,0.0,0.0,0.0
19662,0.0,0.0,0.0,0.0
19672,0.0,0.0,0.0,0.0
19682,0.0,0.0,0.0,0.0
19692,0.0,0.0,0.0,0.0
19702,0.0,0.0,0.0,0.0
19712,0.0,0.0,0.0,0.0
19722,0.0,0.0,0.0,0.0
19732,0.0,0.0,0.0,0.0
19742,0.0,0.0,0.0,0.0
19752,0.0,0.0,0.0,0.0
19762,0.0,0.0,0.0,0.0
19772,0.0,0.0,0.0,0.0
19782,0.0,0.0,0.0,0.0
19792,0.0,0.0,0.0,0.0
19802,0.0,0.0,0.0,0.0
19812,0.0,0.0,0.0,0.0
19822,0.0,0.0,0.0,0.0
19832,0.0,0.0,0.0,0.0
19842,0.0,0.0,0.0,0.0
19852,0.0,0.0,0.0,0.0
19862,0.0,0.0,0.0,0.0
19872,0.0,0.0,0.0,0.0
19882,0.0,0.0,0.0,0.0
19892,0.0,0.0,0.0,0.0
19902,0.0,0.0,0.0,0.0
19912,0.0,0.0,0.0,0.0
19922,0.0,0.0,0.0,0.0
19932,0.0,0.0,0.0,0.0
19942,0.0,0.0,0.0,0.0
19952,0.0,0.0,0.0,0.0
19962,0.0,0.0,0.0,0.0
19972,0.0,0.0,0.0,0.0
19982,0.0,0.0,0.0,0.0
19992,0.0,0.0,0.0,0.0
20002,0.0,0.0,0.0,0.0
20012,0.0,0.0,0.0,0.0
20022,0.0,0.0,0.0,0.0
20032,0.0,0.0,0.0,0.0
20042,0.0,0.0,0.0,0.0
20052,0.0,0.0,0.0,0.0
20062,0.0,0.0,0.0,0.0
20072,0.0,0.0,0.0,0.0
20082,0.0,0.0,0.0,0.0
20092,0.0,0.0,0.0,0.0
20102,0.0,0.0,0.0,0.0
20112,0.0,0.0,0.0,0.0
20122,0.0,0.0,0.0,0.0
20132,0.0,0.0,0.0,0.0
20142,0.0,0.0,0.0,0.0
20152,0.0,0.0,0.0,0.0
20162,0.0,0.0,0.0,0.0
20172,0.0,0.0,0.0,0.0
20182,0.0,0.0,0.0,0.0
20192,0.0,0.0,0.0,0.0
20202,0.0,0.0,0.0,0.0
20212,0.0,0.0,0.0,0.0
20222,0.0,0.0,0.0,0.0
20232,0.0,0.0,0.0,0.0
20242,0.0,0.0,0.0,0.0
20252,0.0,0.0,0.0,0.0
20262,0.0,0.0,0.0,0.0
20272,0.0,0.0,0.0,0.0
20282,0.0,0.0,0.0,0.0
20292,0.0,0.0,0.0,0.0
20302,0.0,0.0,0.0,0.0
20312,0.0,0.0,0.0,0.0
20322,0.0,0.0,0.0,0.0
20332,0.0,0.0,0.0,0.0
20342,0.0,0.0,0.0,0.0
20352,0.0,0.0,0.0,0.0
20362,0.0,0.0,0.0,0.0
20372,0.0,0.0,0.0,0.0
20382,0.0,0.0,0.0,0.0
20392,0.0,0.0,0.0,0.0
20402,0.0,0.0,0.0,0.0
20412,0.0,0.0,0.0,0.0
20422,0.0,0.0,0.0,0.0
20432,0.0,0.0,0.0,0.0
20442,0.0,0.0,0.0,0.0
20452,0.0,0.0,0.0,0.0
20462,0.0,0.0,0.0,0.0
20472,0.0,0.0,0.0,0.0
20482,0.0,0.0,0.0,0.0
20492,0.0,0.0,0.0,0.0
20502,0.0,0.0,0.0,0.0
20512,0.0,0.0,0.0,0.0
20522,0.0,0.0,0.0,0.0
20532,0.0,0.0,0.0,0.0
20542,0.0,0.0,0.0,0.0
20552,0.0,0.0,0.0,0.0
20562,0.0,0.0,0.0,0.0
20572,0.0,0.0,0.0,0.0
20582,0.0,0.0,0.0,0.0
20592,0.0,0.0,0.0,0.0
20602,0.0,0.0,0.0,0.0
20612,0.0,0.0,0.0,0.0
20622,0.0,0.0,0.0,0.0
20632,0.0,0.0,0.0,0.0
20642,0.0,0.0,0.0,0.0
20652,0.0,0.0,0.0,0.0
20662,0.0,0.0,0.0,0.0
20672,0.0,0.0,0.0,0.0
20682,0.0,0.0,0.0,0.0
20692,0.0,0.0,0.0,0.0
20702,0.0,0.0,0.0,0.0
20712,0.0,0.0,0.0,0.0
20722,0.0,0.0,0.0,0.0
20732,0.0,0.0,0.0,0.0
20742,0.0,0.0,0.0,0.0
20752,0.0,0.0,0.0,0.0
20762,0.0,0.0,0.0,0.0
20772,0.0,0.0,0.0,0.0
20782,0.0,0.0,0.0,0.0
20792,0.0,0.0,0.0,0.0
20802,0.0,0.0,0.0,0.0
20812,0.0,0.0,0.0,0.0
20822,0.0,0.0,0.0,0.0
20832,0.0,0.0,0.0,0.0
20842,0.0,0.0,0.0,0.0
20852,0.0,0.0,0.0,0.0
20862,0.0,0.0,0.0,0.0
20872,0.0,0.0,0.0,0.0
20882,0.0,0.0,0.0,0.0
20892,0.0,0.0,0.0,0.0
20902,0.0,0.0,0.0,0.0
20912,0.0,0.0,0.0,0.0
20922,0.0,0.0,0.0,0.0
20932,0.0,0.0,0.0,0.0
20942,0.0,0.0,0.0,0.0
20952,0.0,0.0,0.0,0.0
20962,0.0,0.0,0.0,0.0
20972,0.0,0.0,0.0,0.0
20982,0.0,0.0,0.0,0.0
20992,0.0,0.0,0.0,0.0
21002,0.0,0.0,0.0,0.0
21012,0.0,0.0,0.0,0.0
21022,0.0,0.0,0.0,0.0
21032,0.0,0.0,0.0,0.0
21042,0.0,0.0,0.0,0.0
21052,0.0,0.0,0.0,0.0
21062,0.0,0.0,0.0,0.0
21072,0.0,0.0,0.0,0.0
21082,0.0,0.0,0.0,0.0
21092,0.0,0.0,0.0,0.0
21102,0.0,0.0,0.0,0.0
21112,0.0,0.0,0.0,0.0
21122,0.0,0.0,0.0,0.0
21132,0.0,0.0,0.0,0.0
21142,0.0,0.0,0.0,0.0
21152,0.0,0.0,0.0,0.0
21162,0.0,0.0,0.0,0.0
21172,0.0,0.0,0.0,0.0
21182,0.0,0.0,0.0,0.0
21192,0.0,0.0,0.0,0.0
21202,0.0,0.0,0.0,0.0
21212,0.0,0.0,0.0,0.0
21222,0.0,0.0,0.0,0.0
21232,0.0,0.0,0.0,0.0
21242,0.0,0.0,0.0,0.0
21252,0.0,0.0,0.0,0.0
21262,0.0,0.0,0.0,0.0
21272,0.0,0.0,0.0,0.0
21282,0.0,0.0,0.0,0.0
21292,0.0,0.0,0.0,0.0
21302,0.0,0.0,0.0,0.0
21312,0.0,0.0,0.0,0.0
21322,0.0,0.0,0.0,0.0
21332,0.0,0.0,0.0,0.0
21342,0.0,0.0,0.0,0.0
21352,0.0,0.0,0.0,0.0
21362,0.0,0.0,0.0,0.0
21372,0.0,0.0,0.0,0.0
21382,0.0,0.0,0.0,0.0
21392,0.0,0.0,0.0,0.0
21402,0.0,0.0,0.0,0.0
21412,0.0,0.0,0.0,0.0
21422,0.0,0.0,0.0,0.0
21432,0.0,0.0,0.0,0.0
21442,0.0,0.0,0.0,0.0
21452,0.0,0.0,0.0,0.0
21462,0.0,0.0,0.0,0.0
21472,0.0,0.0,0.0,0.0
21482,0.0,0.0,0.0,0.0
21492,0.0,0.0,0.0,0.0
21502,0.0,0.0,0.0,0.0
21512,0.0,0.0,0.0,0.0
21522,0.0,0.0,0.0,0.0
21532,0.0,0.0,0.0,0.0
21542,0.0,0.0,0.0,0.0
21552,0.0,0.0,0.0,0.0
21562,0.0,0.0,0.0,0.0
21572,0.0,0.0,0.0,0.0
21582,0.0,0.0,0.0,0.0
21592,0.0,0.0,0.0,0.0
21602,0.0,0.0,0.0,0.0
21612,0.0,0.0,0.0,0.0
21622,0.0,0.0,0.0,0.0
21632,0.0,0.0,0.0,0.0
21642,0.0,0.0,0.0,0.0
21652,0.0,0.0,0.0,0.0
21662,0.0,0.0,0.0,0.0
21672,0.0,0.0,0.0,0.0
21682,0.0,0.0,0.0,0.0
21692,0.0,0.0,0.0,0.0
21702,0.0,0.0,0.0,0.0
21712,0.0,0.0,0.0,0.0
21722,0.0,0.0,0.0,0.0
21732,0.0,0.0,0.0,0.0
21742,0.0,0.0,0.0,0.0
21752,0.0,0.0,0.0,0.0
21762,0.0,0.0,0.0,0.0
21772,0.0,0.0,0.0,0.0
21782,0.0,0.0,0.0,0.0
21792,0.0,0.0,0.0,0.0
21802,0.0,0.0,0.0,0.0
21812,0.0,0.0,0.0,0.0
21822,0.0,0.0,0.0,0.0
21832,0.0,0.0,0.0,0.0
21842,0.0,0.0,0.0,0.0
21852,0.0,0.0,0.0,0.0
21862,0.0,0.0,0.0,0.0
21872,0.0,0.0,0.0,0.0
21882,0.0,0.0,0.0,0.0
21892,0.0,0.0,0.0,0.0
21902,0.0,0.0,0.0,0.0
21912,0.0,0.0,0.0,0.0
21922,0.0,0.0,0.0,0.0
21932,0.0,0.0,0.0,0.0
21942,0.0,0.0,0.0,0.0
21952,0.0,0.0,0.0,0.0
21962,0.0,0.0,0.0,0.0
21972,0.0,0.0,0.0,0.0
21982,0.0,0.0,0.0,0.0
21992,0.0,0.0,0.0,0.0
22002,0.0,0.0,0.0,0.0
22012,0.0,0.0,0.0,0.0
22022,0.0,0.0,0.0,0.0
22032,0.0,0.0,0.0,0.0
22042,0.0,0.0,0.0,0.0
22052,0.0,0.0,0.0,0.0
22062,0.0,0.0,0.0,0.0
22072,0.0,0.0,0.0,0.0
22082,0.0,0.0,0.0,0.0
22092,0.0,0.0,0.0,0.0
22102,0.0,0.0,0.0,0.0
22112,0.0,0.0,0.0,0.0
22122,0.0,0.0,0.0,0.0
22132,0.0,0.0,0.0,0.0
22142,0.0,0.0,0.0,0.0
22152,0.0,0.0,0.0,0.0
22162,0.0,0.0,0.0,0.0
22172,0.0,0.0,0.0,0.0
22182,0.0,0.0,0.0,0.0
22192,0.0,0.0,0.0,0.0
22202,0.0,0.0,0.0,0.0
22212,0.0,0.0,0.0,0.0
22222,0.0,0.0,0.0,0.0
22232,0.0,0.0,0.0,0.0
22242,0.0,0.0,0.0,0.0
22252,0.0,0.0,0.0,0.0
22262,0.0,0.0,0.0,0.0
22272,0.0,0.0,0.0,0.0
22282,0.0,0.0,0.0,0.0
22292,0.0,0.0,0.0,0.0
22302,0.0,0.0,0.0,0.0
22313,0.0,0.0,0.0,0.0
22322,0.0,0.0,0.0,0.0
22332,0.0,0.0,0.0,0.0
22342,0.0,0.0,0.0,0.0
22352,0.0,0.0,0.0,0.0
22362,0.0,0.0,0.0,0.0
22372,0.0,0.0,0.0,0.0
22382,0.0,0.0,0.0,0.0
22392,0.0,0.0,0.0,0.0
22402,0.0,0.0,0.0,0.0
22412,0.0,0.0,0.0,0.0
22422,0.0,0.0,0.0,0.0
22432,0.0,0.0,0.0,0.0
22442,0.0,0.0,0.0,0.0
22452,0.0,0.0,0.0,0.0
22462,0.0,0.0,0.0,0.0
22472,0.0,0.0,0.0,0.0
22482,0.0,0.0,0.0,0.0
22492,0.0,0.0,0.0,0.0
22502,0.0,0.0,0.0,0.0
22512,0.0,0.0,0.0,0.0
22522,0.0,0.0,0.0,0.0
22532,0.0,0.0,0.0,0.0
22542,0.0,0.0,0.0,0.0
22552,0.0,0.0,0.0,0.0
22562,0.0,0.0,0.0,0.0
22572,0.0,0.0,0.0,0.0
22582,0.0,0.0,0.0,0.0
22592,0.0,0.0,0.0,0.0
22602,0.0,0.0,0.0,0.0
22612,0.0,0.0,0.0,0.0
22622,0.0,0.0,0.0,0.0
22632,0.0,0.0,0.0,0.0
22642,0.0,0.0,0.0,0.0
22652,0.0,0.0,0.0,0.0
22662,0.0,0.0,0.0,0.0
22672,0.0,0.0,0.0,0.0
22682,0.0,0.0,0.0,0.0
22692,0.0,0.0,0.0,0.0
22702,0.0,0.0,0.0,0.0
22712,0.0,0.0,0.0,0.0
22722,0.0,0.0,0.0,0.0
22732,0.0,0.0,0.0,0.0
22742,0.0,0.0,0.0,0.0
22752,0.0,0.0,0.0,0.0
22762,0.0,0.0,0.0,0.0
22772,0.0,0.0,0.0,0.0
22782,0.0,0.0,0.0,0.0
22792,0.0,0.0,0.0,0.0
22802,0.0,0.0,0.0,0.0
22812,0.0,0.0,0.0,0.0
22822,0.0,0.0,0.0,0.0
22832,0.0,0.0,0.0,0.0
22842,0.0,0.0,0.0,0.0
22852,0.0,0.0,0.0,0.0
22862,0.0,0.0,0.0,0.0
22872,0.0,0.0,0.0,0.0
22882,0.0,0.0,0.0,0.0
22892,0.0,0.0,0.0,0.0
22902,0.0,0.0,0.0,0.0
22912,0.0,0.0,0.0,0.0
22922,0.0,0.0,0.0,0.0
22932,0.0,0.0,0.0,0.0
22942,0.0,0.0,0.0,0.0
22952,0.0,0.0,0.0,0.0
22962,0.0,0.0,0.0,0.0
22972,0.0,0.0,0.0,0.0
22982,0.0,0.0,0.0,0.0
22992,0.0,0.0,0.0,0.0
23002,0.0,0.0,0.0,0.0
23012,0.0,0.0,0.0,0.0
23022,0.0,0.0,0.0,0.0
23032,0.0,0.0,0.0,0.0
23042,0.0,0.0,0.0,0.0
23052,0.0,0.0,0.0,0.0
23062,0.0,0.0,0.0,0.0
23072,0.0,0.0,0.0,0.0
23082,0.0,0.0,0.0,0.0
23092,0.0,0.0,0.0,0.0
23102,0.0,0.0,0.0,0.0
23112,0.0,0.0,0.0,0.0
23122,0.0,0.0,0.0,0.0
23132,0.0,0.0,0.0,0.0
23142,0.0,0.0,0.0,0.0
23152,0.0,0.0,0.0,0.0
23162,0.0,0.0,0.0,0.0
23172,0.0,0.0,0.0,0.0
23182,0.0,0.0,0.0,0.0
23192,0.0,0.0,0.0,0.0
23202,0.0,0.0,0.0,0.0
23212,0.0,0.0,0.0,0.0
23222,0.0,0.0,0.0,0.0
23232,0.0,0.0,0.0,0.0
23242,0.0,0.0,0.0,0.0
23252,0.0,0.0,0.0,0.0
23262,0.0,0.0,0.0,0.0
23272,0.0,0.0,0.0,0.0
23282,0.0,0.0,0.0,0.0
23292,0.0,0.0,0.0,0.0
23302,0.0,0.0,0.0,0.0
23312,0.0,0.0,0.0,0.0
23322,0.0,0.0,0.0,0.0
23332,0.0,0.0,0.0,0.0
23342,0.0,0.0,0.0,0.0
23352,0.0,0.0,0.0,0.0
23362,0.0,0.0,0.0,0.0
23372,0.0,0.0,0.0,0.0
23382,0.0,0.0,0.0,0.0
23392,0.0,0.0,0.0,0.0
23402,0.0,0.0,0.0,0.0
23412,0.0,0.0,0.0,0.0
23422,0.0,0.0,0.0,0.0
23432,0.0,0.0,0.0,0.0
23442,0.0,0.0,0.0,0.0
23452,0.0,0.0,0.0,0.0
23462,0.0,0.0,0.0,0.0
23472,0.0,0.0,0.0,0.0
23482,0.0,0.0,0.0,0.0
23492,0.0,0.0,0.0,0.0
23502,0.0,0.0,0.0,0.0
23512,0.0,0.0,0.0,0.0
23522,0.0,0.0,0.0,0.0
23532,0.0,0.0,0.0,0.0
23542,0.0,0.0,0.0,0.0
23552,0.0,0.0,0.0,0.0
23562,0.0,0.0,0.0,0.0
23572,0.0,0.0,0.0,0.0
23582,0.0,0.0,0.0,0.0
23592,0.0,0.0,0.0,0.0
23602,0.0,0.0,0.0,0.0
23612,0.0,0.0,0.0,0.0
23622,0.0,0.0,0.0,0.0
23632,0.0,0.0,0.0,0.0
23642,0.0,0.0,0.0,0.0
23652,0.0,0.0,0.0,0.0
23662,0.0,0.0,0.0,0.0
23672,0.0,0.0,0.0,0.0
23682,0.0,0.0,0.0,0.0
23692,0.0,0.0,0.0,0.0
23702,0.0,0.0,0.0,0.0
23712,0.0,0.0,0.0,0.0
23722,0.0,0.0,0.0,0.0
23732,0.0,0.0,0.0,0.0
23742,0.0,0.0,0.0,0.0
23752,0.0,0.0,0.0,0.0
23762,0.0,0.0,0.0,0.0
23772,0.0,0.0,0.0,0.0
23782,0.0,0.0,0.0,0.0
23792,0.0,0.0,0.0,0.0
23802,0.0,0.0,0.0,0.0
23812,0.0,0.0,0.0,0.0
23822,0.0,0.0,0.0,0.0
23832,0.0,0.0,0.0,0.0
23842,0.0,0.0,0.0,0.0
23852,0.0,0.0,0.0,0.0
23862,0.0,0.0,0.0,0.0
23872,0.0,0.0,0.0,0.0
23882,0.0,0.0,0.0,0.0
23892,0.0,0.0,0.0,0.0
23902,0.0,0.0,0.0,0.0
23912,0.0,0.0,0.0,0.0
23922,0.0,0.0,0.0,0.0
23932,0.0,0.0,0.0,0.0
23942,0.0,0.0,0.0,0.0
23952,0.0,0.0,0.0,0.0
23962,0.0,0.0,0.0,0.0
23972,0.0,0.0,0.0,0.0
23982,0.0,0.0,0.0,0.0
23992,0.0,0.0,0.0,0.0
24002,0.0,0.0,0.0,0.0
24012,0.0,0.0,0.0,0.0
24022,0.0,0.0,0.0,0.0
24032,0.0,0.0,0.0,0.0
24042,0.0,0.0,0.0,0.0
24052,0.0,0.0,0.0,0.0
24062,0.0,0.0,0.0,0.0
24072,0.0,0.0,0.0,0.0
24082,0.0,0.0,0.0,0.0
24092,0.0,0.0,0.0,0.0
24102,0.0,0.0,0.0,0.0
24112,0.0,0.0,0.0,0.0
24122,0.0,0.0,0.0,0.0
24132,0.0,0.0,0.0,0.0
24142,0.0,0.0,0.0,0.0
24152,0.0,0.0,0.0,0.0
24162,0.0,0.0,0.0,0.0
24172,0.0,0.0,0.0,0.0
24182,0.0,0.0,0.0,0.0
24192,0.0,0.0,0.0,0.0
24202,0.0,0.0,0.0,0.0
24212,0.0,0.0,0.0,0.0
24222,0.0,0.0,0.0,0.0
24232,0.0,0.0,0.0,0.0
24242,0.0,0.0,0.0,0.0
24252,0.0,0.0,0.0,0.0
24262,0.0,0.0,0.0,0.0
24272,0.0,0.0,0.0,0.0
24282,0.0,0.0,0.0,0.0
24292,0.0,0.0,0.0,0.0
24302,0.0,0.0,0.0,0.0
24312,0.0,0.0,0.0,0.0
24322,0.0,0.0,0.0,0.0
24332,0.0,0.0,0.0,0.0
24342,0.0,0.0,0.0,0.0
24352,0.0,0.0,0.0,0.0
24362,0.0,0.0,0.0,0.0
24372,0.0,0.0,0.0,0.0
24382,0.0,0.0,0.0,0.0
24392,0.0,0.0,0.0,0.0
24402,0.0,0.0,0.0,0.0
24412,0.0,0.0,0.0,0.0
24422,0.0,0.0,0.0,0.0
24432,0.0,0.0,0.0,0.0
24442,0.0,0.0,0.0,0.0
24452,0.0,0.0,0.0,0.0
24462,0.0,0.0,0.0,0.0
24472,0.0,0.0,0.0,0.0
24482,0.0,0.0,0.0,0.0
24492,0.0,0.0,0.0,0.0
24502,0.0,0.0,0.0,0.0
24512,0.0,0.0,0.0,0.0
24522,0.0,0.0,0.0,0.0
24532,0.0,0.0,0.0,0.0
24542,0.0,0.0,0.0,0.0
24552,0.0,0.0,0.0,0.0
24562,0.0,0.0,0.0,0.0
24572,0.0,0.0,0.0,0.0
24582,0.0,0.0,0.0,0.0
24592,0.0,0.0,0.0,0.0
24602,0.0,0.0,0.0,0.0
24612,0.0,0.0,0.0,0.0
24622,0.0,0.0,0.0,0.0
24632,0.0,0.0,0.0,0.0
24642,0.0,0.0,0.0,0.0
24652,0.0,0.0,0.0,0.0
24662,0.0,0.0,0.0,0.0
24672,0.0,0.0,0.0,0.0
24682,0.0,0.0,0.0,0.0
24692,0.0,0.0,0.0,0.0
24702,0.0,0.0,0.0,0.0
24712,0.0,0.0,0.0,0.0
24722,0.0,0.0,0.0,0.0
24732,0.0,0.0,0.0,0.0
24742,0.0,0.0,0.0,0.0
24752,0.0,0.0,0.0,0.0
24762,0.0,0.0,0.0,0.0
24772,0.0,0.0,0.0,0.0
24782,0.0,0.0,0.0,0.0
24792,0.0,0.0,0.0,0.0
24802,0.0,0.0,0.0,0.0
24812,0.0,0.0,0.0,0.0
24822,0.0,0.0,0.0,0.0
24832,0.0,0.0,0.0,0.0
24842,0.0,0.0,0.0,0.0
24852,0.0,0.0,0.0,0.0
24862,0.0,0.0,0.0,0.0
24872,0.0,0.0,0.0,0.0
24882,0.0,0.0,0.0,0.0
24892,0.0,0.0,0.0,0.0
24902,0.0,0.0,0.0,0.0
24912,0.0,0.0,0.0,0.0
24922,0.0,0.0,0.0,0.0
24932,0.0,0.0,0.0,0.0
24942,0.0,0.0,0.0,0.0
24952,0.0,0.0,0.0,0.0
24962,0.0,0.0,0.0,0.0
24972,0.0,0.0,0.0,0.0
24982,0.0,0.0,0.0,0.0
24992,0.0,0.0,0.0,0.0
25002,0.0,0.0,0.0,0.0
25012,0.0,0.0,0.0,0.0
25022,0.0,0.0,0.0,0.0
25032,0.0,0.0,0.0,0.0
25042,0.0,0.0,0.0,0.0
25052,0.0,0.0,0.0,0.0
25062,0.0,0.0,0.0,0.0
25072,0.0,0.0,0.0,0.0
25082,0.0,0.0,0.0,0.0
25092,0.0,0.0,0.0,0.0
25102,0.0,0.0,0.0,0.0
25112,0.0,0.0,0.0,0.0
25122,0.0,0.0,0.0,0.0
25132,0.0,0.0,0.0,0.0
25142,0.0,0.0,0.0,0.0
25152,0.0,0.0,0.0,0.0
25162,0.0,0.0,0.0,0.0
25172,0.0,0.0,0.0,0.0
25182,0.0,0.0,0.0,0.0
25192,0.0,0.0,0.0,0.0
25202,0.0,0.0,0.0,0.0
25212,0.0,0.0,0.0,0.0
25222,0.0,0.0,0.0,0.0
25232,0.0,0.0,0.0,0.0
25242,0.0,0.0,0.0,0.0
25252,0.0,0.0,0.0,0.0
25262,0.0,0.0,0.0,0.0
25272,0.0,0.0,0.0,0.0
25282,0.0,0.0,0.0,0.0
25292,0.0,0.0,0.0,0.0
25302,0.0,0.0,0.0,0.0
25312,0.0,0.0,0.0,0.0
25322,0.0,0.0,0.0,0.0
25332,0.0,0.0,0.0,0.0
25342,0.0,0.0,0.0,0.0
25352,0.0,0.0,0.0,0.0
25362,0.0,0.0,0.0,0.0
25372,0.0,0.0,0.0,0.0
25382,0.0,0.0,0.0,0.0
25392,0.0,0.0,0.0,0.0
25402,0.0,0.0,0.0,0.0
25412,0.0,0.0,0.0,0.0
25422,0.0,0.0,0.0,0.0
25432,0.0,0.0,0.0,0.0
25442,0.0,0.0,0.0,0.0
25452,0.0,0.0,0.0,0.0
25462,0.0,0.0,0.0,0.0
25472,0.0,0.0,0.0,0.0
25482,0.0,0.0,0.0,0.0
25492,0.0,0.0,0.0,0.0
25502,0.0,0.0,0.0,0.0
25512,0.0,0.0,0.0,0.0
25522,0.0,0.0,0.0,0.0
25532,0.0,0.0,0.0,0.0
25542,0.0,0.0,0.0,0.0
25552,0.0,0.0,0.0,0.0
25562,0.0,0.0,0.0,0.0
25572,0.0,0.0,0.0,0.0
25582,0.0,0.0,0.0,0.0
25592,0.0,0.0,0.0,0.0
25602,0.0,0.0,0.0,0.0
25612,0.0,0.0,0.0,0.0
25622,0.0,0.0,0.0,0.0
25632,0.0,0.0,0.0,0.0
25642,0.0,0.0,0.0,0.0
25652,0.0,0.0,0.0,0.0
25662,0.0,0.0,0.0,0.0
25672,0.0,0.0,0.0,0.0
25682,0.0,0.0,0.0,0.0
25692,0.0,0.0,0.0,0.0
25702,0.0,0.0,0.0,0.0
25712,0.0,0.0,0.0,0.0
25722,0.0,0.0,0.0,0.0
25732,0.0,0.0,0.0,0.0
25742,0.0,0.0,0.0,0.0
25752,0.0,0.0,0.0,0.0
25762,0.0,0.0,0.0,0.0
25772,0.0,0.0,0.0,0.0
25782,0.0,0.0,0.0,0.0
25792,0.0,0.0,0.0,0.0
25802,0.0,0.0,0.0,0.0
25812,0.0,0.0,0.0,0.0
25822,0.0,0.0,0.0,0.0
25832,0.0,0.0,0.0,0.0
25842,0.0,0.0,0.0,0.0
25852,0.0,0.0,0.0,0.0
25862,0.0,0.0,0.0,0.0
25872,0.0,0.0,0.0,0.0
25882,0.0,0.0,0.0,0.0
25892,0.0,0.0,0.0,0.0
25902,0.0,0.0,0.0,0.0
25912,0.0,0.0,0.0,0.0
25922,0.0,0.0,0.0,0.0
25932,0.0,0.0,0.0,0.0
25942,0.0,0.0,0.0,0.0
25952,0.0,0.0,0.0,0.0
25962,0.0,0.0,0.0,0.0
25972,0.0,0.0,0.0,0.0
25982,0.0,0.0,0.0,0.0
25992,0.0,0.0,0.0,0.0
26002,0.0,0.0,0.0,0.0
26012,0.0,0.0,0.0,0.0
26022,0.0,0.0,0.0,0.0
26032,0.0,0.0,0.0,0.0
26042,0.0,0.0,0.0,0.0
26052,0.0,0.0,0.0,0.0
26062,0.0,0.0,0.0,0.0
26072,0.0,0.0,0.0,0.0
26082,0.0,0.0,0.0,0.0
26092,0.0,0.0,0.0,0.0
26102,0.0,0.0,0.0,0.0
26112,0.0,0.0,0.0,0.0
26122,0.0,0.0,0.0,0.0
26132,0.0,0.0,0.0,0.0
26142,0.0,0.0,0.0,0.0
26152,0.0,0.0,0.0,0.0
26162,0.0,0.0,0.0,0.0
26172,0.0,0.0,0.0,0.0
26182,0.0,0.0,0.0,0.0
26192,0.0,0.0,0.0,0.0
26202,0.0,0.0,0.0,0.0
26212,0.0,0.0,0.0,0.0
26222,0.0,0.0,0.0,0.0
26232,0.0,0.0,0.0,0.0
26242,0.0,0.0,0.0,0.0
26252,0.0,0.0,0.0,0.0
26262,0.0,0.0,0.0,0.0
26272,0.0,0.0,0.0,0.0
26282,0.0,0.0,0.0,0.0
26292,0.0,0.0,0.0,0.0
26302,0.0,0.0,0.0,0.0
26312,0.0,0.0,0.0,0.0
26322,0.0,0.0,0.0,0.0
26332,0.0,0.0,0.0,0.0
26342,0.0,0.0,0.0,0.0
26352,0.0,0.0,0.0,0.0
26362,0.0,0.0,0.0,0.0
26372,0.0,0.0,0.0,0.0
26382,0.0,0.0,0.0,0.0
26392,0.0,0.0,0.0,0.0
26402,0.0,0.0,0.0,0.0
26412,0.0,0.0,0.0,0.0
26422,0.0,0.0,0.0,0.0
26432,0.0,0.0,0.0,0.0
26442,0.0,0.0,0.0,0.0
26452,0.0,0.0,0.0,0.0
26462,0.0,0.0,0.0,0.0
26472,0.0,0.0,0.0,0.0
26482,0.0,0.0,0.0,0.0
26492,0.0,0.0,0.0,0.0
26502,0.0,0.0,0.0,0.0
26512,0.0,0.0,0.0,0.0
26522,0.0,0.0,0.0,0.0
26532,0.0,0.0,0.0,0.0
26542,0.0,0.0,0.0,0.0
26552,0.0,0.0,0.0,0.0
26562,0.0,0.0,0.0,0.0
26572,0.0,0.0,0.0,0.0
26582,0.0,0.0,0.0,0.0
26592,0.0,0.0,0.0,0.0
26602,0.0,0.0,0.0,0.0
26612,0.0,0.0,0.0,0.0
26622,0.0,0.0,0.0,0.0
26632,0.0,0.0,0.0,0.0
26642,0.0,0.0,0.0,0.0
26652,0.0,0.0,0.0,0.0
26662,0.0,0.0,0.0,0.0
26672,0.0,0.0,0.0,0.0
26682,0.0,0.0,0.0,0.0
26692,0.0,0.0,0.0,0.0
26702,0.0,0.0,0.0,0.0
26712,0.0,0.0,0.0,0.0
26722,0.0,0.0,0.0,0.0
26732,0.0,0.0,0.0,0.0
26742,0.0,0.0,0.0,0.0
26752,0.0,0.0,0.0,0.0
26762,0.0,0.0,0.0,0.0
26772,0.0,0.0,0.0,0.0
26782,0.0,0.0,0.0,0.0
26792,0.0,0.0,0.0,0.0
26802,0.0,0.0,0.0,0.0
26812,0.0,0.0,0.0,0.0
26822,0.0,0.0,0.0,0.0
26832,0.0,0.0,0.0,0.0
26842,0.0,0.0,0.0,0.0
26852,0.0,0.0,0.0,0.0
26862,0.0,0.0,0.0,0.0
26872,0.0,0.0,0.0,0.0
26882,0.0,0.0,0.0,0.0
26892,0.0,0.0,0.0,0.0
26902,0.0,0.0,0.0,0.0
26912,0.0,0.0,0.0,0.0
26922,0.0,0.0,0.0,0.0
26932,0.0,0.0,0.0,0.0
26942,0.0,0.0,0.0,0.0
26952,0.0,0.0,0.0,0.0
26962,0.0,0.0,0.0,0.0
26972,0.0,0.0,0.0,0.0
26982,0.0,0.0,0.0,0.0
26992,0.0,0.0,0.0,0.0
27002,0.0,0.0,0.0,0.0
27012,0.0,0.0,0.0,0.0
27022,0.0,0.0,0.0,0.0
27032,0.0,0.0,0.0,0.0
27042,0.0,0.0,0.0,0.0
27052,0.0,0.0,0.0,0.0
27062,0.0,0.0,0.0,0.0
27072,0.0,0.0,0.0,0.0
27082,0.0,0.0,0.0,0.0
27092,0.0,0.0,0.0,0.0
27102,0.0,0.0,0.0,0.0
27112,0.0,0.0,0.0,0.0
27122,0.0,0.0,0.0,0.0
27132,0.0,0.0,0.0,0.0
27142,0.0,0.0,0.0,0.0
27152,0.0,0.0,0.0,0.0
27162,0.0,0.0,0.0,0.0
27172,0.0,0.0,0.0,0.0
27182,0.0,0.0,0.0,0.0
27192,0.0,0.0,0.0,0.0
27202,0.0,0.0,0.0,0.0
27212,0.0,0.0,0.0,0.0
27222,0.0,0.0,0.0,0.0
27232,0.0,0.0,0.0,0.0
27243,0.0,0.0,0.0,0.0
27252,0.0,0.0,0.0,0.0
27262,0.0,0.0,0.0,0.0
27272,0.0,0.0,0.0,0.0
27282,0.0,0.0,0.0,0.0
27292,0.0,0.0,0.0,0.0
27302,0.0,0.0,0.0,0.0
27312,0.0,0.0,0.0,0.0
27322,0.0,0.0,0.0,0.0
27332,0.0,0.0,0.0,0.0
27342,0.0,0.0,0.0,0.0
27352,0.0,0.0,0.0,0.0
27362,0.0,0.0,0.0,0.0
27372,0.0,0.0,0.0,0.0
27382,0.0,0.0,0.0,0.0
27392,0.0,0.0,0.0,0.0
27402,0.0,0.0,0.0,0.0
27412,0.0,0.0,0.0,0.0
27422,0.0,0.0,0.0,0.0
27432,0.0,0.0,0.0,0.0
27442,0.0,0.0,0.0,0.0
27452,0.0,0.0,0.0,0.0
27463,0.0,0.0,0.0,0.0
27472,0.0,0.0,0.0,0.0
27482,0.0,0.0,0.0,0.0
27492,0.0,0.0,0.0,0.0
27502,0.0,0.0,0.0,0.0
27512,0.0,0.0,0.0,0.0
27522,0.0,0.0,0.0,0.0
27532,0.0,0.0,0.0,0.0
27542,0.0,0.0,0.0,0.0
27552,0.0,0.0,0.0,0.0
27562,0.0,0.0,0.0,0.0
27572,0.0,0.0,0.0,0.0
27582,0.0,0.0,0.0,0.0
27592,0.0,0.0,0.0,0.0
27602,0.0,0.0,0.0,0.0
27612,0.0,0.0,0.0,0.0
27622,0.0,0.0,0.0,0.0
27632,0.0,0.0,0.0,0.0
27642,0.0,0.0,0.0,0.0
27652,0.0,0.0,0.0,0.0
27662,0.0,0.0,0.0,0.0
27672,0.0,0.0,0.0,0.0
27682,0.0,0.0,0.0,0.0
27692,0.0,0.0,0.0,0.0
27702,0.0,0.0,0.0,0.0
27712,0.0,0.0,0.0,0.0
27722,0.0,0.0,0.0,0.0
27732,0.0,0.0,0.0,0.0
27742,0.0,0.0,0.0,0.0
27752,0.0,0.0,0.0,0.0
27762,0.0,0.0,0.0,0.0
27772,0.0,0.0,0.0,0.0
27782,0.0,0.0,0.0,0.0
27792,0.0,0.0,0.0,0.0
27802,0.0,0.0,0.0,0.0
27812,0.0,0.0,0.0,0.0
27822,0.0,0.0,0.0,0.0
27832,0.0,0.0,0.0,0.0
27842,0.0,0.0,0.0,0.0
27852,0.0,0.0,0.0,0.0
27862,0.0,0.0,0.0,0.0
27872,0.0,0.0,0.0,0.0
27882,0.0,0.0,0.0,0.0
27892,0.0,0.0,0.0,0.0
27902,0.0,0.0,0.0,0.0
27912,0.0,0.0,0.0,0.0
27922,0.0,0.0,0.0,0.0
27932,0.0,0.0,0.0,0.0
27942,0.0,0.0,0.0,0.0
27952,0.0,0.0,0.0,0.0
27962,0.0,0.0,0.0,0.0
27972,0.0,0.0,0.0,0.0
27982,0.0,0.0,0.0,0.0
27992,0.0,0.0,0.0,0.0
28002,0.0,0.0,0.0,0.0
28012,0.0,0.0,0.0,0.0
28022,0.0,0.0,0.0,0.0
28032,0.0,0.0,0.0,0.0
28042,0.0,0.0,0.0,0.0
28052,0.0,0.0,0.0,0.0
28062,0.0,0.0,0.0,0.0
28072,0.0,0.0,0.0,0.0
28082,0.0,0.0,0.0,0.0
28092,0.0,0.0,0.0,0.0
28102,0.0,0.0,0.0,0.0
28112,0.0,0.0,0.0,0.0
28122,0.0,0.0,0.0,0.0
28132,0.0,0.0,0.0,0.0
28142,0.0,0.0,0.0,0.0
28152,0.0,0.0,0.0,0.0
28162,0.0,0.0,0.0,0.0
28172,0.0,0.0,0.0,0.0
28182,0.0,0.0,0.0,0.0
28192,0.0,0.0,0.0,0.0
28202,0.0,0.0,0.0,0.0
28212,0.0,0.0,0.0,0.0
28222,0.0,0.0,0.0,0.0
28232,0.0,0.0,0.0,0.0
28242,0.0,0.0,0.0,0.0
28252,0.0,0.0,0.0,0.0
28262,0.0,0.0,0.0,0.0
28272,0.0,0.0,0.0,0.0
28282,0.0,0.0,0.0,0.0
28292,0.0,0.0,0.0,0.0
28302,0.0,0.0,0.0,0.0
28312,0.0,0.0,0.0,0.0
28322,0.0,0.0,0.0,0.0
28332,0.0,0.0,0.0,0.0
28342,0.0,0.0,0.0,0.0
28352,0.0,0.0,0.0,0.0
28362,0.0,0.0,0.0,0.0
28372,0.0,0.0,0.0,0.0
28382,0.0,0.0,0.0,0.0
28392,0.0,0.0,0.0,0.0
28402,0.0,0.0,0.0,0.0
28412,0.0,0.0,0.0,0.0
28423,0.0,0.0,0.0,0.0
28432,0.0,0.0,0.0,0.0
28443,0.0,0.0,0.0,0.0
28452,0.0,0.0,0.0,0.0
28462,0.0,0.0,0.0,0.0
28472,0.0,0.0,0.0,0.0
28483,0.0,0.0,0.0,0.0
28492,0.0,0.0,0.0,0.0
28502,0.0,0.0,0.0,0.0
28512,0.0,0.0,0.0,0.0
28523,0.0,0.0,0.0,0.0
28532,0.0,0.0,0.0,0.0
28542,0.0,0.0,0.0,0.0
28552,0.0,0.0,0.0,0.0
28562,0.0,0.0,0.0,0.0
28572,0.0,0.0,0.0,0.0
28582,0.0,0.0,0.0,0.0
28592,0.0,0.0,0.0,0.0
28602,0.0,0.0,0.0,0.0
28612,0.0,0.0,0.0,0.0
28622,0.0,0.0,0.0,0.0
28632,0.0,0.0,0.0,0.0
28642,0.0,0.0,0.0,0.0
28652,0.0,0.0,0.0,0.0
28662,0.0,0.0,0.0,0.0
28672,0.0,0.0,0.0,0.0
28682,0.0,0.0,0.0,0.0
28692,0.0,0.0,0.0,0.0
28702,0.0,0.0,0.0,0.0
28712,0.0,0.0,0.0,0.0
28722,0.0,0.0,0.0,0.0
28732,0.0,0.0,0.0,0.0
28742,0.0,0.0,0.0,0.0
28752,0.0,0.0,0.0,0.0
28762,0.0,0.0,0.0,0.0
28772,0.0,0.0,0.0,0.0
28782,0.0,0.0,0.0,0.0
28792,0.0,0.0,0.0,0.0
28802,0.0,0.0,0.0,0.0
28812,0.0,0.0,0.0,0.0
28822,0.0,0.0,0.0,0.0
28832,0.0,0.0,0.0,0.0
28842,0.0,0.0,0.0,0.0
28852,0.0,0.0,0.0,0.0
28862,0.0,0.0,0.0,0.0
28872,0.0,0.0,0.0,0.0
28882,0.0,0.0,0.0,0.0
28892,0.0,0.0,0.0,0.0
28902,0.0,0.0,0.0,0.0
28912,0.0,0.0,0.0,0.0
28922,0.0,0.0,0.0,0.0
28932,0.0,0.0,0.0,0.0
28942,0.0,0.0,0.0,0.0
28952,0.0,0.0,0.0,0.0
28962,0.0,0.0,0.0,0.0
28972,0.0,0.0,0.0,0.0
28982,0.0,0.0,0.0,0.0
28992,0.0,0.0,0.0,0.0
29002,0.0,0.0,0.0,0.0
29012,0.0,0.0,0.0,0.0
29022,0.0,0.0,0.0,0.0
29032,0.0,0.0,0.0,0.0
29042,0.0,0.0,0.0,0.0
29052,0.0,0.0,0.0,0.0
29062,0.0,0.0,0.0,0.0
29072,0.0,0.0,0.0,0.0
29082,0.0,0.0,0.0,0.0
29092,0.0,0.0,0.0,0.0
29102,0.0,0.0,0.0,0.0
29112,0.0,0.0,0.0,0.0
29122,0.0,0.0,0.0,0.0
29132,0.0,0.0,0.0,0.0
29142,0.0,0.0,0.0,0.0
29152,0.0,0.0,0.0,0.0
29162,0.0,0.0,0.0,0.0
29172,0.0,0.0,0.0,0.0
29182,0.0,0.0,0.0,0.0
29192,0.0,0.0,0.0,0.0
29202,0.0,0.0,0.0,0.0
29212,0.0,0.0,0.0,0.0
29222,0.0,0.0,0.0,0.0
29232,0.0,0.0,0.0,0.0
29242,0.0,0.0,0.0,0.0
29252,0.0,0.0,0.0,0.0
29262,0.0,0.0,0.0,0.0
29272,0.0,0.0,0.0,0.0
29282,0.0,0.0,0.0,0.0
29292,0.0,0.0,0.0,0.0
29302,0.0,0.0,0.0,0.0
29312,0.0,0.0,0.0,0.0
29322,0.0,0.0,0.0,0.0
29332,0.0,0.0,0.0,0.0
29342,0.0,0.0,0.0,0.0
29352,0.0,0.0,0.0,0.0
29362,0.0,0.0,0.0,0.0
29372,0.0,0.0,0.0,0.0
29382,0.0,0.0,0.0,0.0
29392,0.0,0.0,0.0,0.0
29402,0.0,0.0,0.0,0.0
29412,0.0,0.0,0.0,0.0
29422,0.0,0.0,0.0,0.0
29432,0.0,0.0,0.0,0.0
29442,0.0,0.0,0.0,0.0
29452,0.0,0.0,0.0,0.0
29462,0.0,0.0,0.0,0.0
29472,0.0,0.0,0.0,0.0
29482,0.0,0.0,0.0,0.0
29492,0.0,0.0,0.0,0.0
29502,0.0,0.0,0.0,0.0
29512,0.0,0.0,0.0,0.0
29522,0.0,0.0,0.0,0.0
29532,0.0,0.0,0.0,0.0
29542,0.0,0.0,0.0,0.0
29552,0.0,0.0,0.0,0.0
29562,0.0,0.0,0.0,0.0
29572,0.0,0.0,0.0,0.0
29582,0.0,0.0,0.0,0.0
29592,0.0,0.0,0.0,0.0
29602,0.0,0.0,0.0,0.0
29612,0.0,0.0,0.0,0.0
29622,0.0,0.0,0.0,0.0
29632,0.0,0.0,0.0,0.0
29642,0.0,0.0,0.0,0.0
29652,0.0,0.0,0.0,0.0
29662,0.0,0.0,0.0,0.0
29672,0.0,0.0,0.0,0.0
29682,0.0,0.0,0.0,0.0
29692,0.0,0.0,0.0,0.0
29702,0.0,0.0,0.0,0.0
29712,0.0,0.0,0.0,0.0
29722,0.0,0.0,0.0,0.0
29732,0.0,0.0,0.0,0.0
29742,0.0,0.0,0.0,0.0
29752,0.0,0.0,0.0,0.0
29762,0.0,0.0,0.0,0.0
29772,0.0,0.0,0.0,0.0
29782,0.0,0.0,0.0,0.0
29792,0.0,0.0,0.0,0.0
29802,0.0,0.0,0.0,0.0
29812,0.0,0.0,0.0,0.0
29822,0.0,0.0,0.0,0.0
29832,0.0,0.0,0.0,0.0
29842,0.0,0.0,0.0,0.0
29852,0.0,0.0,0.0,0.0
29862,0.0,0.0,0.0,0.0
29872,0.0,0.0,0.0,0.0
29882,0.0,0.0,0.0,0.0
29892,0.0,0.0,0.0,0.0
29902,0.0,0.0,0.0,0.0
29912,0.0,0.0,0.0,0.0
29922,0.0,0.0,0.0,0.0
29932,0.0,0.0,0.0,0.0
29942,0.0,0.0,0.0,0.0
29952,0.0,0.0,0.0,0.0
29962,0.0,0.0,0.0,0.0
29972,0.0,0.0,0.0,0.0
29982,0.0,0.0,0.0,0.0
29992,0.0,0.0,0.0,0.0
30002,0.0,0.0,0.0,0.0
30012,0.0,0.0,0.0,0.0
30022,0.0,0.0,0.0,0.0
30032,0.0,0.0,0.0,0.0
30042,0.0,0.0,0.0,0.0
30052,0.0,0.0,0.0,0.0
30062,0.0,0.0,0.0,0.0
30072,0.0,0.0,0.0,0.0
30082,0.0,0.0,0.0,0.0
30092,0.0,0.0,0.0,0.0
30102,0.0,0.0,0.0,0.0
30112,0.0,0.0,0.0,0.0
30122,0.0,0.0,0.0,0.0
30132,0.0,0.0,0.0,0.0
30142,0.0,0.0,0.0,0.0
30152,0.0,0.0,0.0,0.0
30162,0.0,0.0,0.0,0.0
30172,0.0,0.0,0.0,0.0
30182,0.0,0.0,0.0,0.0
30192,0.0,0.0,0.0,0.0
30202,0.0,0.0,0.0,0.0
30212,0.0,0.0,0.0,0.0
30222,0.0,0.0,0.0,0.0
30232,0.0,0.0,0.0,0.0
30242,0.0,0.0,0.0,0.0
30252,0.0,0.0,0.0,0.0
30262,0.0,0.0,0.0,0.0
30272,0.0,0.0,0.0,0.0
30282,0.0,0.0,0.0,0.0
30292,0.0,0.0,0.0,0.0
30302,0.0,0.0,0.0,0.0
30312,0.0,0.0,0.0,0.0
30322,0.0,0.0,0.0,0.0
30332,0.0,0.0,0.0,0.0
30342,0.0,0.0,0.0,0.0
30352,0.0,0.0,0.0,0.0
30362,0.0,0.0,0.0,0.0
30372,0.0,0.0,0.0,0.0
30382,0.0,0.0,0.0,0.0
30392,0.0,0.0,0.0,0.0
30402,0.0,0.0,0.0,0.0
30412,0.0,0.0,0.0,0.0
30422,0.0,0.0,0.0,0.0
30432,0.0,0.0,0.0,0.0
30442,0.0,0.0,0.0,0.0
30452,0.0,0.0,0.0,0.0
30462,0.0,0.0,0.0,0.0
30472,0.0,0.0,0.0,0.0
30482,0.0,0.0,0.0,0.0
30492,0.0,0.0,0.0,0.0
30502,0.0,0.0,0.0,0.0
30512,0.0,0.0,0.0,0.0
30522,0.0,0.0,0.0,0.0
30532,0.0,0.0,0.0,0.0
30542,0.0,0.0,0.0,0.0
30552,0.0,0.0,0.0,0.0
30562,0.0,0.0,0.0,0.0
30572,0.0,0.0,0.0,0.0
30582,0.0,0.0,0.0,0.0
