83074,1.1094239950180054,0.04241717979311943,0.30252718925476074,False
83084,1.110021710395813,0.0449037030339241,0.3027403652667999,False
83094,1.1092889308929443,0.047117218375205994,0.3029291033744812,False
83104,1.1084867715835571,0.04782993718981743,0.30309900641441345,False
83114,1.1082762479782104,0.0484289787709713,0.30185818672180176,False
83124,1.1087740659713745,0.051660869270563126,0.3018612265586853,False
83134,1.1086721420288086,0.054870158433914185,0.301827073097229,False
83144,1.1084429025650024,0.05642611160874367,0.3017885684967041,False
83154,1.1090378761291504,0.0579984150826931,0.30173754692077637,False
83164,1.1082545518875122,0.06194170191884041,0.30130767822265625,False
83174,1.1088547706604004,0.063673235476017,0.301194429397583,False
83184,1.1081256866455078,0.06609353423118591,0.3010576367378235,False
83194,1.1079353094100952,0.06829724460840225,0.30089402198791504,False
83204,1.1061872243881226,0.06822147965431213,0.30034536123275757,False
83214,1.1064621210098267,0.06928643584251404,0.3001154363155365,False
83224,1.1062737703323364,0.07026870548725128,0.29987120628356934,False
83234,1.1058658361434937,0.0756523609161377,0.3028780221939087,False
83244,1.1063646078109741,0.0768832191824913,0.3027926981449127,False
83254,1.106813669204712,0.07895246148109436,0.3027040958404541,False
83264,1.1066073179244995,0.07935792207717896,0.3026289939880371,False
83274,1.105534315109253,0.08370620012283325,0.3033928871154785,False
83284,1.1051907539367676,0.08487491309642792,0.3033330738544464,False
83294,1.1055755615234375,0.08759625256061554,0.3032512068748474,False
83304,1.1049010753631592,0.09156331419944763,0.3128143548965454,False
83314,1.1050751209259033,0.09288492798805237,0.3132491111755371,False
83324,1.104610800743103,0.09563394635915756,0.3136786222457886,False
83334,1.1047285795211792,0.09640654921531677,0.31752097606658936,False
83344,1.1048681735992432,0.09988509863615036,0.3181471526622772,False
83354,1.103601098060608,0.10255587100982666,0.31877490878105164,False
83364,1.1037366390228271,0.10341443866491318,0.3194693922996521,False
83374,1.1037086248397827,0.10707418620586395,0.3276112377643585,False
83384,1.1028701066970825,0.10753410309553146,0.3286153972148895,False
83394,1.1022425889968872,0.10888131707906723,0.3295755982398987,False
83404,1.1024820804595947,0.11327207088470459,0.33047670125961304,False
83414,1.1022785902023315,0.11369208246469498,0.31822168827056885,False
83424,1.1012616157531738,0.11461417376995087,0.3183043897151947,False
83434,1.1008402109146118,0.11608317494392395,0.3183334767818451,False
83444,1.1018304824829102,0.1183871179819107,0.31829071044921875,False
83454,1.1009799242019653,0.11991041898727417,0.31367459893226624,False
83464,1.101246953010559,0.1207551658153534,0.3132361173629761,False
83474,1.1011525392532349,0.12406125664710999,0.3127308189868927,False
83484,1.1006321907043457,0.1238441988825798,0.3127288222312927,False
83494,1.1009472608566284,0.12475278973579407,0.31216898560523987,False
83504,1.100630521774292,0.12645913660526276,0.30739879608154297,False
83514,1.1036791801452637,0.12728960812091827,0.3065309226512909,False
83524,1.1023327112197876,0.1279408186674118,0.30561450123786926,False
83534,1.1018435955047607,0.1298692375421524,0.31596890091896057,False
83544,1.1011451482772827,0.13134507834911346,0.3215385675430298,False
83554,1.1002596616744995,0.129534050822258,0.3215844929218292,False
83564,1.0997649431228638,0.12996868789196014,0.32163140177726746,False
83574,1.099110722541809,0.13123716413974762,0.32167720794677734,False
83584,1.0980011224746704,0.13133887946605682,0.3142399489879608,False
83594,1.0976539850234985,0.1318812370300293,0.3138415217399597,False
83604,1.096849799156189,0.13292889297008514,0.31344595551490784,False
83614,1.0978567600250244,0.13430184125900269,0.31300804018974304,False
83624,1.0971944332122803,0.1358482986688614,0.31262439489364624,False
83634,1.0952504873275757,0.13696102797985077,0.31222623586654663,False
83644,1.0953702926635742,0.1365770697593689,0.31181296706199646,False
83654,1.0948424339294434,0.13613325357437134,0.311373770236969,False
83664,1.0934957265853882,0.13777118921279907,0.30338841676712036,False
83674,1.0923672914505005,0.13779328763484955,0.30251556634902954,False
83684,1.0899523496627808,0.13859078288078308,0.30162158608436584,False
83694,1.0888274908065796,0.13771425187587738,0.3007369041442871,False
83704,1.0881396532058716,0.13770562410354614,0.29628464579582214,False
83714,1.0871000289916992,0.13759148120880127,0.2952439486980438,False
83724,1.0862185955047607,0.13822703063488007,0.2942343056201935,False
83734,1.0832182168960571,0.13859862089157104,0.2922932207584381,False
83744,1.08433997631073,0.13895493745803833,0.2853049337863922,False
83754,1.0796327590942383,0.13722799718379974,0.2826937139034271,False
83764,1.0811454057693481,0.13734130561351776,0.28270667791366577,False
83774,1.0785422325134277,0.13776054978370667,0.28034132719039917,False
83784,1.0778871774673462,0.13580211997032166,0.2803346812725067,False
83794,1.0723707675933838,0.13635073602199554,0.27818161249160767,False
83804,1.074966549873352,0.13626410067081451,0.27820566296577454,False
83814,1.0707550048828125,0.1353895664215088,0.27844178676605225,False
83824,1.068617582321167,0.13460366427898407,0.27780064940452576,False
83834,1.0679057836532593,0.1336769461631775,0.2772733271121979,False
83844,1.0656845569610596,0.13362093269824982,0.27684107422828674,False
83854,1.0627211332321167,0.13217729330062866,0.2765137851238251,False
83864,1.0607157945632935,0.13097038865089417,0.280526727437973,False
83874,1.0607539415359497,0.1315278261899948,0.28070592880249023,False
83884,1.0575470924377441,0.13087041676044464,0.2809634506702423,False
83894,1.0546088218688965,0.13016186654567719,0.28131774067878723,False
83904,1.0542855262756348,0.12931588292121887,0.2776031196117401,False
83914,1.0527008771896362,0.12915734946727753,0.2779283821582794,False
83924,1.0488508939743042,0.12839120626449585,0.27830785512924194,False
83934,1.0472958087921143,0.1270989179611206,0.27876344323158264,False
83944,1.0456637144088745,0.12659858167171478,0.28014013171195984,False
83954,1.0470415353775024,0.12632066011428833,0.2801510989665985,False
83964,1.0432848930358887,0.12685394287109375,0.2807358205318451,False
83974,1.0417263507843018,0.12430647760629654,0.2821319103240967,False
83984,1.0400561094284058,0.12453338503837585,0.28211379051208496,False
83994,1.0379282236099243,0.12349531054496765,0.28169241547584534,False
84004,1.03754723072052,0.12382598221302032,0.28238850831985474,False
84014,1.0365734100341797,0.12421396374702454,0.283109575510025,False
84024,1.0347849130630493,0.12307775020599365,0.28353366255760193,False
84034,1.0317009687423706,0.12275957316160202,0.2842392921447754,False
84044,1.0312942266464233,0.12138604372739792,0.28495487570762634,False
84054,1.02731454372406,0.12104672938585281,0.29314854741096497,False
84064,1.0262491703033447,0.12029621005058289,0.294258713722229,False
84074,1.024962306022644,0.12017520517110825,0.29535943269729614,False
84084,1.0236732959747314,0.11934901028871536,0.29644787311553955,False
84094,1.0202113389968872,0.11868371069431305,0.29801931977272034,False
84104,1.0180646181106567,0.11800377815961838,0.29909825325012207,False
84114,1.0164827108383179,0.11807797104120255,0.3001575469970703,False
84124,1.0156123638153076,0.11815153807401657,0.30145424604415894,False
84134,1.0123041868209839,0.1162416934967041,0.30232736468315125,False
84144,1.011600136756897,0.1162405014038086,0.3032956123352051,False
84154,1.0102909803390503,0.11618028581142426,0.3042110204696655,False
84164,1.00689697265625,0.11622558534145355,0.3050466477870941,False
84174,1.0058437585830688,0.11570107191801071,0.3067789375782013,False
84184,1.0054060220718384,0.11580963432788849,0.3075721561908722,False
84194,1.0043290853500366,0.1160944253206253,0.3083161413669586,False
84204,1.000722885131836,0.11640815436840057,0.30899614095687866,False
84214,1.0000691413879395,0.11537742614746094,0.3096257448196411,False
84224,0.9994804263114929,0.1154303178191185,0.3067702054977417,False
84234,0.9957456588745117,0.11556921154260635,0.30707013607025146,False
84244,0.9943209290504456,0.11542113870382309,0.30732491612434387,False
84254,0.993328332901001,0.11506178230047226,0.3075209856033325,False
84264,0.9922738671302795,0.11462277919054031,0.307962566614151,False
84274,0.991267740726471,0.1141590029001236,0.30805668234825134,False
84284,0.9897449612617493,0.1137130931019783,0.308090478181839,False
84294,0.9883926510810852,0.11401256918907166,0.3080763816833496,False
84304,0.9872483015060425,0.11381977796554565,0.30709555745124817,False
84314,0.9867526292800903,0.11369233578443527,0.3069486618041992,False
84324,0.9857081770896912,0.11379699409008026,0.3067573606967926,False
84334,0.9858587980270386,0.11327182501554489,0.30651935935020447,False
84344,0.983836829662323,0.11351650953292847,0.3062562942504883,False
84354,0.9827388525009155,0.11341815441846848,0.3045749068260193,False
84364,0.9816964864730835,0.11334533244371414,0.30420756340026855,False
84374,0.9821464419364929,0.11435247212648392,0.30382290482521057,False
84384,0.9812557101249695,0.11432981491088867,0.3034330904483795,False
84394,0.9804264903068542,0.11432075500488281,0.3032267987728119,False
84404,0.9822236895561218,0.11172803491353989,0.3028884530067444,False
84414,0.9821334481239319,0.11192145198583603,0.3025459945201874,False
84424,0.9827476739883423,0.11218199878931046,0.3022036552429199,False
84434,0.9819198250770569,0.11256146430969238,0.3063104748725891,False
84444,0.9819247126579285,0.11249019205570221,0.3062434196472168,False
84454,0.982433021068573,0.1124630942940712,0.3061821758747101,False
84464,0.982106626033783,0.11246754974126816,0.30613383650779724,False
84474,0.9820736050605774,0.11275340616703033,0.3061038851737976,False
84484,0.9824846982955933,0.11288326978683472,0.3103329837322235,False
84494,0.9817621111869812,0.11335743218660355,0.31058499217033386,False
84504,0.9816067218780518,0.11377046257257462,0.3108519911766052,False
84514,0.9820000529289246,0.11362618207931519,0.3111233413219452,False
84524,0.9833517074584961,0.11341261863708496,0.30694785714149475,False
84534,0.9827477931976318,0.11415214836597443,0.30701082944869995,False
84544,0.9827794432640076,0.1139330342411995,0.3070910573005676,False
84554,0.9840133786201477,0.11430192738771439,0.3088138699531555,False
84564,0.9835298657417297,0.11471561342477798,0.30898284912109375,False
84574,0.9840412735939026,0.11473486572504044,0.3091379404067993,False
84584,0.9845743179321289,0.11476774513721466,0.30785059928894043,False
84594,0.9857708811759949,0.11486751586198807,0.30789369344711304,False
84604,0.9860184788703918,0.11498009413480759,0.30791616439819336,False
84614,0.986112117767334,0.11594299226999283,0.31046634912490845,False
84624,0.9868484139442444,0.11656521260738373,0.31061360239982605,False
84634,0.9881018996238708,0.11658790707588196,0.3107515871524811,False
84644,0.9887762069702148,0.1165568083524704,0.3108787536621094,False
84654,0.9895994663238525,0.11746664345264435,0.31100231409072876,False
84664,0.9897063970565796,0.11780799925327301,0.30853745341300964,False
84674,0.9899661540985107,0.11765214800834656,0.30848851799964905,False
84684,0.9914763569831848,0.11749844253063202,0.3084030747413635,False
84694,0.991901159286499,0.11766556650400162,0.30830714106559753,False
84704,0.9909293055534363,0.11892165243625641,0.30592358112335205,False
84714,0.9923343658447266,0.11891045421361923,0.30567997694015503,False
84724,0.9932729601860046,0.119430311024189,0.3054293692111969,False
84734,0.9936167001724243,0.11941679567098618,0.3051704466342926,False
84744,0.9945534467697144,0.12002640217542648,0.3016394376754761,False
84754,0.9950205683708191,0.12008943408727646,0.3011819124221802,False
84764,0.9948305487632751,0.12061506509780884,0.30070874094963074,False
84774,0.9951615929603577,0.12062568217515945,0.29810959100723267,False
84784,0.9967156648635864,0.12056706845760345,0.2975292205810547,False
84794,0.9978057146072388,0.12166859209537506,0.29696527123451233,False
84804,0.9982670545578003,0.12188196927309036,0.296414852142334,False
84814,0.9974134564399719,0.12090222537517548,0.29588782787323,False
84824,0.9977467060089111,0.12144598364830017,0.28914472460746765,False
84834,0.9987465143203735,0.12140446901321411,0.28831976652145386,False
84844,0.9985164999961853,0.12196158617734909,0.2875365614891052,False
84854,0.9997451305389404,0.12194494903087616,0.2921055853366852,False
84864,1.0001448392868042,0.12211579084396362,0.29171475768089294,False
84874,1.000533938407898,0.12228281795978546,0.29136934876441956,False
84884,1.0009119510650635,0.12244576215744019,0.2910839319229126,False
84894,0.9993581175804138,0.12472302466630936,0.2928774058818817,False
84904,0.9994096159934998,0.12444769591093063,0.29284757375717163,False
84914,0.9995245337486267,0.12493648380041122,0.2928839921951294,False
84924,1.000569224357605,0.124942846596241,0.2929810583591461,False
84934,1.0010770559310913,0.1258029043674469,0.2923903465270996,False
84944,1.0014604330062866,0.12574391067028046,0.29252028465270996,False
84954,1.0017240047454834,0.12593865394592285,0.2926734387874603,False
84964,1.001975417137146,0.12612862884998322,0.2928532063961029,False
84974,1.002510666847229,0.12688584625720978,0.2937502861022949,False
84984,1.003090500831604,0.12735456228256226,0.2940467894077301,False
84994,1.0033212900161743,0.12755030393600464,0.29437947273254395,False
85004,1.0035399198532104,0.1277393102645874,0.29474595189094543,False
85014,1.0022696256637573,0.12797439098358154,0.29513418674468994,False
85024,1.002415418624878,0.128149151802063,0.29740625619888306,False
85034,1.002557396888733,0.12831847369670868,0.29792752861976624,False
85044,1.0026869773864746,0.12848077714443207,0.2984457015991211,False
85054,1.0035725831985474,0.1283145695924759,0.296029657125473,False
85064,1.0036981105804443,0.12845365703105927,0.2963654100894928,False
85074,1.0038119554519653,0.12858524918556213,0.2966822683811188,False
85084,1.0038821697235107,0.12870115041732788,0.2996963560581207,False
85094,1.0039737224578857,0.12881681323051453,0.3001329302787781,False
85104,1.0037959814071655,0.1299133598804474,0.30055591464042664,False
85114,1.0041723251342773,0.13002638518810272,0.300957590341568,True
85124,1.0042544603347778,0.1301620751619339,0.3005295991897583,True
85134,1.0043078660964966,0.13027383387088776,0.3008482754230499,True
85144,1.0043519735336304,0.13037793338298798,0.3011624813079834,True
85154,1.0113372802734375,0.12940208613872528,0.30146560072898865,True
85164,1.0118722915649414,0.12949450314044952,0.29613491892814636,True
85174,1.0119816064834595,0.1295488476753235,0.29609498381614685,True
85184,1.0120363235473633,0.12989528477191925,0.29603222012519836,True
85194,1.0123436450958252,0.1300153136253357,0.2959396243095398,True
85204,1.0121742486953735,0.13023607432842255,0.29582491517066956,True
85214,1.0126703977584839,0.1301191747188568,0.29518386721611023,True
85224,1.012669324874878,0.13023990392684937,0.29503023624420166,True
85234,1.0127640962600708,0.13004173338413239,0.29488152265548706,True
85244,1.0131356716156006,0.13005338609218597,0.2947389483451843,True
85254,1.0135149955749512,0.1300024688243866,0.301689475774765,True
85264,1.0134966373443604,0.12944361567497253,0.30198726058006287,True
85274,1.0138816833496094,0.1295856386423111,0.3023029863834381,True
85284,1.014401912689209,0.12956425547599792,0.3026297390460968,True
85294,1.0155272483825684,0.12951965630054474,0.30285561084747314,True
85304,1.0163984298706055,0.12949609756469727,0.3031468987464905,True
85314,1.017074465751648,0.12945802509784698,0.30343198776245117,True
85324,1.0177961587905884,0.12941375374794006,0.3037140667438507,True
85334,1.0161844491958618,0.13049054145812988,0.30133169889450073,True
85344,1.0169167518615723,0.13047736883163452,0.3014371693134308,True
85354,1.0170248746871948,0.13065949082374573,0.3015425503253937,True
85364,1.017783522605896,0.13023199141025543,0.3016238212585449,True
85374,1.0185701847076416,0.13041844964027405,0.3016827404499054,True
85384,1.0194242000579834,0.1303921937942505,0.2985585331916809,True
85394,1.020505428314209,0.1305643618106842,0.2984078526496887,True
85404,1.0213136672973633,0.13050036132335663,0.2982560396194458,True
85414,1.0225085020065308,0.130149245262146,0.3084372282028198,True
85424,1.0237457752227783,0.1301250010728836,0.30885088443756104,True
85434,1.0255823135375977,0.13009589910507202,0.309244304895401,True
85444,1.0269160270690918,0.13011451065540314,0.31034085154533386,True
85454,1.0281485319137573,0.12987136840820312,0.310756117105484,True
85464,1.0288710594177246,0.13008654117584229,0.31115812063217163,True
85474,1.0307711362838745,0.12979120016098022,0.31623366475105286,True
85484,1.0326827764511108,0.12967391312122345,0.31683093309402466,True
85494,1.0339759588241577,0.12962929904460907,0.31740516424179077,True
85504,1.0353009700775146,0.12977372109889984,0.31795409321784973,True
85514,1.036787509918213,0.12950176000595093,0.3088640570640564,True
85524,1.0384576320648193,0.129675954580307,0.30880793929100037,True
85534,1.0396877527236938,0.12956814467906952,0.3087194561958313,True
85544,1.0410135984420776,0.1295231729745865,0.30857375264167786,True
85554,1.0433441400527954,0.1291692554950714,0.30836671590805054,True
85564,1.04393470287323,0.12920507788658142,0.2978426516056061,True
85574,1.0456926822662354,0.1291969269514084,0.2970593571662903,True
85584,1.047802209854126,0.12894251942634583,0.296253502368927,True
85594,1.0499351024627686,0.12868903577327728,0.2954370379447937,True
85604,1.0509802103042603,0.1284244805574417,0.29126495122909546,True
85614,1.052793264389038,0.12876728177070618,0.29027119278907776,True
85624,1.0555988550186157,0.12878452241420746,0.2891862690448761,True
85634,1.0568989515304565,0.1281755417585373,0.28825339674949646,True
85644,1.0584053993225098,0.1281677484512329,0.28794893622398376,True
85654,1.0610212087631226,0.12809821963310242,0.28711503744125366,True
85664,1.063175082206726,0.12803784012794495,0.28633323311805725,True
85674,1.0654641389846802,0.12762261927127838,0.28560733795166016,True
85684,1.0661731958389282,0.1275995671749115,0.28499311208724976,True
85694,1.0693514347076416,0.12752878665924072,0.29025959968566895,True
85704,1.0725233554840088,0.1274813413619995,0.29005739092826843,True
85714,1.0746636390686035,0.12737497687339783,0.2899392247200012,True
85724,1.075190782546997,0.1262940764427185,0.2899179458618164,True
85734,1.0774387121200562,0.12619470059871674,0.28994470834732056,True
85744,1.0786489248275757,0.12649565935134888,0.29277291893959045,True
85754,1.081368088722229,0.12639008462429047,0.29308775067329407,True
85764,1.0841153860092163,0.12624987959861755,0.2934618294239044,True
85774,1.0852611064910889,0.12615033984184265,0.29643741250038147,True
85784,1.0875132083892822,0.1260293871164322,0.29707804322242737,True
85794,1.0907986164093018,0.1259143352508545,0.29774075746536255,True
85804,1.0920982360839844,0.12580491602420807,0.29658859968185425,True
85814,1.094061017036438,0.12567313015460968,0.2972051501274109,True
85824,1.0955371856689453,0.1256456822156906,0.29784315824508667,True
85834,1.0984270572662354,0.1255984753370285,0.2984718382358551,True
85844,1.0998492240905762,0.12512436509132385,0.29620465636253357,True
85854,1.1018650531768799,0.1250481754541397,0.2966592311859131,True
85864,1.104486346244812,0.12502901256084442,0.29710087180137634,True
85874,1.1064910888671875,0.12497401982545853,0.2975437343120575,True
85884,1.1075643301010132,0.12494440376758575,0.2979902923107147,True
85894,1.1101375818252563,0.12491271644830704,0.2980250120162964,True
85904,1.112770438194275,0.12488748878240585,0.2984076142311096,True
85914,1.1138837337493896,0.12488164752721786,0.2987857460975647,True
85924,1.1149890422821045,0.12487928569316864,0.29885852336883545,True
85934,1.1182447671890259,0.12436482310295105,0.29917311668395996,True
85944,1.1200082302093506,0.1243751049041748,0.2994905710220337,True
85954,1.1211317777633667,0.12392805516719818,0.2997904419898987,True
85964,1.1238638162612915,0.12399369478225708,0.30078211426734924,True
85974,1.1249935626983643,0.12404532730579376,0.3010566532611847,True
85984,1.1278282403945923,0.12411424517631531,0.301277756690979,True
85994,1.1298879384994507,0.12403208017349243,0.301472544670105,True
86004,1.131352424621582,0.12456676363945007,0.29991215467453003,True
86014,1.1323883533477783,0.12459875643253326,0.29996663331985474,True
86024,1.1340460777282715,0.12401438504457474,0.2999848425388336,True
86034,1.135624885559082,0.12338393926620483,0.299970805644989,True
86044,1.1372549533843994,0.12384150177240372,0.2999388575553894,True
86054,1.1387368440628052,0.12375704944133759,0.29938262701034546,True
86064,1.1403417587280273,0.12374001741409302,0.2993227541446686,True
86074,1.142646312713623,0.12314010411500931,0.29925376176834106,True
86084,1.1439775228500366,0.12318398803472519,0.29918020963668823,True
86094,1.1451070308685303,0.12321154773235321,0.2990976572036743,True
86104,1.1467998027801514,0.12334288656711578,0.2983027398586273,True
86114,1.1485815048217773,0.1234058365225792,0.2981925308704376,True
86124,1.1504507064819336,0.12337300926446915,0.2980952560901642,True
86134,1.149347186088562,0.123720683157444,0.29369044303894043,True
86144,1.1515979766845703,0.1237529069185257,0.2933626174926758,True
86154,1.1526765823364258,0.12317300587892532,0.2930631637573242,True
86164,1.154306173324585,0.12316963076591492,0.29277321696281433,True
86174,1.156278371810913,0.12304821610450745,0.29773932695388794,True
86184,1.1580164432525635,0.12363573163747787,0.2977805733680725,True
86194,1.1597915887832642,0.12364521622657776,0.2978373169898987,True
86204,1.1591110229492188,0.12347978353500366,0.29794132709503174,True
86214,1.1607311964035034,0.12336120009422302,0.2980560064315796,True
86224,1.1627044677734375,0.12338779866695404,0.30244454741477966,True
86234,1.1634678840637207,0.12245363742113113,0.30284661054611206,True
86244,1.165319800376892,0.12287499010562897,0.3032630681991577,True
86254,1.166480541229248,0.12260226160287857,0.3036949634552002,True
86264,1.1675364971160889,0.12240803241729736,0.3018854856491089,True
86274,1.1692267656326294,0.12228761613368988,0.30218929052352905,True
86284,1.1713786125183105,0.12223675847053528,0.30249205231666565,True
86294,1.1730834245681763,0.1222372055053711,0.3027975559234619,True
86304,1.1715015172958374,0.12195387482643127,0.30307701230049133,True
86314,1.1731665134429932,0.12188896536827087,0.3033744692802429,True
86324,1.1742290258407593,0.12186535447835922,0.3036627769470215,True
86334,1.1760320663452148,0.12244745343923569,0.3039160668849945,True
86344,1.1772381067276,0.12235581874847412,0.30413293838500977,True
86354,1.1799836158752441,0.12237609922885895,0.3018033802509308,True
86364,1.1810779571533203,0.122298963367939,0.30185016989707947,True
86374,1.1821184158325195,0.12233138084411621,0.3018815219402313,True
86384,1.184384822845459,0.122401662170887,0.31231945753097534,True
86394,1.1854983568191528,0.12244059890508652,0.3128718137741089,True
86404,1.1865040063858032,0.12240298092365265,0.3134114146232605,True
86414,1.1893346309661865,0.121871218085289,0.3139221668243408,True
86424,1.190852165222168,0.12180496752262115,0.31349411606788635,True
86434,1.1918786764144897,0.12179853022098541,0.3139382004737854,True
86444,1.1923484802246094,0.12116748839616776,0.3143588602542877,True
86454,1.1945576667785645,0.12175527960062027,0.3147393763065338,True
86464,1.1956771612167358,0.12174316495656967,0.30607742071151733,True
86474,1.1972370147705078,0.12176620215177536,0.30589309334754944,True
86484,1.20005202293396,0.12185890227556229,0.30566972494125366,True
86494,1.2018017768859863,0.12184195220470428,0.3054099380970001,True
86504,1.1989742517471313,0.12234514951705933,0.30514755845069885,True
86514,1.2002097368240356,0.12184862047433853,0.3024100959300995,True
86524,1.2042200565338135,0.12200429290533066,0.3019006550312042,True
86534,1.2059438228607178,0.12199139595031738,0.30140331387519836,True
86544,1.2036168575286865,0.12250787019729614,0.30006131529808044,True
86554,1.205820918083191,0.12261991202831268,0.29951032996177673,True
86564,1.2070940732955933,0.12209224700927734,0.29890763759613037,True
86574,1.208223819732666,0.122159443795681,0.2983637750148773,True
86584,1.209869146347046,0.1216045543551445,0.2982600927352905,True
86594,1.2128511667251587,0.12164591997861862,0.2977502942085266,True
86604,1.213134765625,0.12228230386972427,0.29728785157203674,True
86614,1.2147607803344727,0.12229866534471512,0.2968563735485077,True
86624,1.217071533203125,0.12171578407287598,0.29293861985206604,True
86634,1.2177308797836304,0.1217174381017685,0.29241564869880676,True
86644,1.2185338735580444,0.12118690460920334,0.2919292151927948,True
86654,1.219794511795044,0.12085501104593277,0.2964550256729126,True
86664,1.2226675748825073,0.12039294093847275,0.2963108420372009,True
86674,1.2226039171218872,0.11995778232812881,0.29623278975486755,True
86684,1.223016619682312,0.11859957873821259,0.2962110936641693,True
86694,1.2272708415985107,0.11919562518596649,0.29621773958206177,True
86704,1.229321837425232,0.11799296736717224,0.29538944363594055,True
86714,1.2290446758270264,0.11868397146463394,0.2954581677913666,True
86724,1.2304331064224243,0.11795807629823685,0.2955448031425476,True
86734,1.2331550121307373,0.11930210888385773,0.2995761036872864,True
86744,1.2334378957748413,0.11914177238941193,0.29996776580810547,True
86754,1.235363483428955,0.11928532272577286,0.30039459466934204,True
86764,1.2375855445861816,0.11826043576002121,0.30427286028862,True
86774,1.2383270263671875,0.11857901513576508,0.3049274981021881,True
86784,1.2390902042388916,0.11789320409297943,0.3055720329284668,True
86794,1.2396841049194336,0.11695214360952377,0.30280712246894836,True
86804,1.2428483963012695,0.11569355428218842,0.3032446503639221,True
86814,1.244131088256836,0.11508966982364655,0.3037020266056061,True
86824,1.241925835609436,0.11339037120342255,0.3041561543941498,True
86834,1.2435234785079956,0.11253408342599869,0.3015817701816559,True
86844,1.2438846826553345,0.11107643693685532,0.30180859565734863,True
86854,1.2451074123382568,0.1106746718287468,0.3020026385784149,True
86864,1.2457506656646729,0.10993269830942154,0.3021676242351532,True
86874,1.2466354370117188,0.10952391475439072,0.3023309111595154,True
86884,1.2470725774765015,0.10865845531225204,0.3050539791584015,True
86894,1.2475839853286743,0.10729259252548218,0.30532151460647583,True
86904,1.248165488243103,0.10521606355905533,0.3055645227432251,True
86914,1.248884677886963,0.10459332913160324,0.305787593126297,True
86924,1.2495410442352295,0.10291606932878494,0.31076475977897644,True
86934,1.2501569986343384,0.10256744921207428,0.3111974000930786,True
86944,1.2500544786453247,0.10000612586736679,0.3115926682949066,True
86954,1.2497851848602295,0.0987076535820961,0.31196850538253784,True
86964,1.2502009868621826,0.09739764779806137,0.3115772306919098,True
86974,1.2505407333374023,0.09444712102413177,0.31185609102249146,True
86984,1.250991702079773,0.09312703460454941,0.31212398409843445,True
86994,1.2499710321426392,0.09198203682899475,0.3131146728992462,True
87004,1.2511407136917114,0.08938716351985931,0.3133862316608429,True
87014,1.2501882314682007,0.08787098526954651,0.31363022327423096,True
87024,1.250758171081543,0.08698705583810806,0.31385570764541626,True
87034,1.2514090538024902,0.08481185138225555,0.314002126455307,True
87044,1.250779390335083,0.08139089494943619,0.31167957186698914,True
87054,1.2494099140167236,0.08028479665517807,0.31162765622138977,True
87064,1.2501811981201172,0.0788184180855751,0.3115379214286804,True
87074,1.2488868236541748,0.07660071551799774,0.31139102578163147,True
87084,1.2483632564544678,0.07546550035476685,0.30638307332992554,True
87094,1.2490297555923462,0.0736653208732605,0.3059106767177582,True
87104,1.2497124671936035,0.07273323833942413,0.30542516708374023,True
87114,1.2488101720809937,0.0681794062256813,0.3071701228618622,True
87124,1.2485743761062622,0.06655649095773697,0.30678310990333557,True
87134,1.246891736984253,0.06499722599983215,0.3063817024230957,True
87144,1.246521234512329,0.06087171286344528,0.3059391677379608,True
87154,1.2469861507415771,0.05926596745848656,0.305280476808548,True
87164,1.2474730014801025,0.05842451751232147,0.3048411011695862,True
87174,1.2456493377685547,0.0571175217628479,0.3044031262397766,True
87184,1.246342420578003,0.05206047743558884,0.30394938588142395,True
87194,1.2452747821807861,0.05147697404026985,0.3035362958908081,True
87204,1.245835542678833,0.050242915749549866,0.29970085620880127,True
87214,1.2438901662826538,0.047951024025678635,0.29911184310913086,True
87224,1.244193196296692,0.0454593151807785,0.2985363006591797,True
87234,1.244848608970642,0.044400256127119064,0.2979913353919983,True
87244,1.2452703714370728,0.04278084635734558,0.29587996006011963,True
87254,1.2433234453201294,0.03943316638469696,0.29529935121536255,True
87264,1.2427188158035278,0.03682427108287811,0.29476791620254517,True
87274,1.2414699792861938,0.03598405420780182,0.294270396232605,True
87284,1.240897297859192,0.0315294973552227,0.29465487599372864,True
87294,1.2409991025924683,0.03150443732738495,0.2942603826522827,True
87304,1.240427851676941,0.030516251921653748,0.29389524459838867,True
87314,1.2407640218734741,0.02780812792479992,0.29355260729789734,True
87324,1.2402708530426025,0.024147596210241318,0.2932611405849457,True
87334,1.2383173704147339,0.024906503036618233,0.28685006499290466,True
87344,1.238706111907959,0.023748870939016342,0.2863270342350006,True
87354,1.2391167879104614,0.019046252593398094,0.2858215570449829,True
87364,1.2379635572433472,0.01800059713423252,0.28539782762527466,True
87374,1.2389944791793823,0.016742631793022156,0.2850269377231598,True
87384,1.236780047416687,0.01566181518137455,0.2847178280353546,True
87394,1.2362785339355469,0.011060048826038837,0.28444769978523254,True
87404,1.2364866733551025,0.010673969984054565,0.2842833399772644,True
87414,1.2366816997528076,0.010457374155521393,0.2834972143173218,True
87424,1.2364202737808228,0.00674748420715332,0.28335338830947876,True
87434,1.2367311716079712,0.004898160230368376,0.28327831625938416,True
87444,1.2360697984695435,0.002903898246586323,0.28323981165885925,True
87454,1.2354127168655396,0.0026850781869143248,0.28935039043426514,True
87464,1.235483169555664,-0.0003550781402736902,0.28968489170074463,True
87474,1.235501766204834,-0.0017263565678149462,0.29008254408836365,True
87484,1.2347873449325562,-0.003231700975447893,0.29052969813346863,True
87494,1.234967827796936,-0.006493126042187214,0.2910154461860657,True
87504,1.2351596355438232,-0.0074096438474953175,0.2911350727081299,True
87514,1.234458088874817,-0.008294989354908466,0.2917098104953766,True
87524,1.2346278429031372,-0.009943419136106968,0.29230067133903503,True
87534,1.2353848218917847,-0.011584341526031494,0.2935374677181244,True
87544,1.2353408336639404,-0.014701301231980324,0.294187068939209,True
87554,1.2344677448272705,-0.014681675471365452,0.2948720455169678,True
87564,1.23433256149292,-0.017068296670913696,0.29555922746658325,True
87574,1.2341790199279785,-0.018830187618732452,0.2975262403488159,True
87584,1.234110713005066,-0.02075597457587719,0.2982669770717621,True
87594,1.2347015142440796,-0.019295580685138702,0.29901397228240967,True
87604,1.2344890832901,-0.02169020101428032,0.2990197539329529,True
87614,1.2343345880508423,-0.02264927513897419,0.29969438910484314,True
87624,1.2341711521148682,-0.023689575493335724,0.300354927778244,True
87634,1.2341359853744507,-0.026125216856598854,0.3009813129901886,True
87644,1.2340909242630005,-0.02710389532148838,0.30061328411102295,True
87654,1.2340412139892578,-0.029599778354167938,0.3011396527290344,True
87664,1.2340508699417114,-0.03133204206824303,0.3016582429409027,True
87674,1.2340158224105835,-0.03226335719227791,0.3021554946899414,True
87684,1.2340387105941772,-0.034580081701278687,0.30261552333831787,True
87694,1.2332558631896973,-0.03486514464020729,0.3055950701236725,True
87704,1.2331764698028564,-0.037841249257326126,0.30611103773117065,True
87714,1.2338184118270874,-0.039376046508550644,0.3065931797027588,True
87724,1.2337976694107056,-0.0406317338347435,0.314604252576828,True
87734,1.2337443828582764,-0.043779730796813965,0.31543704867362976,True
87744,1.2337254285812378,-0.04486696422100067,0.31624311208724976,True
87754,1.2337417602539062,-0.04658498987555504,0.31444287300109863,True
87764,1.2331368923187256,-0.04706475883722305,0.315003901720047,True
87774,1.2343592643737793,-0.048323873430490494,0.3154763877391815,True
87784,1.2342443466186523,-0.049529965966939926,0.3158796429634094,True
87794,1.2340844869613647,-0.0511803962290287,0.3118118345737457,True
87804,1.233996033668518,-0.05289303511381149,0.311837375164032,True
87814,1.2345945835113525,-0.054507944732904434,0.3118211328983307,True
87824,1.2345020771026611,-0.05616063252091408,0.3117581903934479,True
87834,1.2344733476638794,-0.056887123733758926,0.31166210770606995,True
87844,1.2352098226547241,-0.05908568203449249,0.31082916259765625,True
87854,1.2352073192596436,-0.06060773506760597,0.31059807538986206,True
87864,1.2345852851867676,-0.06138237193226814,0.31033995747566223,True
87874,1.2346466779708862,-0.06504934281110764,0.3100307285785675,True
87884,1.2353734970092773,-0.06492162495851517,0.3049275577068329,True
87894,1.235289454460144,-0.06645554304122925,0.3043418526649475,True
87904,1.2351973056793213,-0.06723595410585403,0.3037392795085907,True
87914,1.2351808547973633,-0.06946829706430435,0.30312657356262207,True
87924,1.2349807024002075,-0.0707511305809021,0.2977711856365204,True
87934,1.2348698377609253,-0.07154104858636856,0.296925812959671,True
87944,1.234758734703064,-0.0745723620057106,0.29607948660850525,True
87954,1.2345911264419556,-0.0772983655333519,0.30423736572265625,True
87964,1.2344813346862793,-0.0782637745141983,0.3038932681083679,True
87974,1.2350013256072998,-0.07833217084407806,0.3036074936389923,True
87984,1.2356165647506714,-0.08114271610975266,0.3024967610836029,True
87994,1.235464096069336,-0.08256427198648453,0.3021821975708008,True
88004,1.2353968620300293,-0.08404730260372162,0.3019075095653534,True
88014,1.236816167831421,-0.08621390163898468,0.30166947841644287,True
88024,1.2361292839050293,-0.0878080502152443,0.30147430300712585,True
88034,1.2368474006652832,-0.09001030772924423,0.3015131652355194,True
88044,1.2358753681182861,-0.0907609835267067,0.3014141917228699,True
88054,1.2357876300811768,-0.09296013414859772,0.30133336782455444,True
88064,1.2374476194381714,-0.09366058558225632,0.3012858033180237,True
88074,1.2371981143951416,-0.09414758533239365,0.29694366455078125,True
88084,1.2376327514648438,-0.09616293758153915,0.2966754734516144,True
88094,1.2375143766403198,-0.09767216444015503,0.2964265048503876,True
88104,1.2373331785202026,-0.09931491315364838,0.29962754249572754,True
88114,1.238839864730835,-0.10076441615819931,0.2996223270893097,True
88124,1.2379809617996216,-0.10298755764961243,0.2996446490287781,True
88134,1.2380276918411255,-0.10446064174175262,0.2996808886528015,True
88144,1.2376489639282227,-0.10463608056306839,0.2964751124382019,True
88154,1.2392473220825195,-0.10805520415306091,0.29632729291915894,True
88164,1.237291693687439,-0.10848163813352585,0.2962227761745453,True
88174,1.2376645803451538,-0.10963226109743118,0.29614904522895813,True
88184,1.236026644706726,-0.10916882753372192,0.2961098849773407,True
88194,1.2382957935333252,-0.11300843954086304,0.2967759668827057,True
88204,1.2369890213012695,-0.11281906813383102,0.29677847027778625,True
88214,1.2379087209701538,-0.11469957232475281,0.29681268334388733,True
88224,1.2372920513153076,-0.1172543615102768,0.29687997698783875,True
88234,1.23807954788208,-0.11885746568441391,0.29760265350341797,True
88244,1.2373297214508057,-0.12028533220291138,0.2977648377418518,True
88254,1.2375807762145996,-0.12089706212282181,0.29794979095458984,True
88264,1.2378534078598022,-0.12305933237075806,0.29814472794532776,True
88274,1.2372517585754395,-0.12345956265926361,0.2956812381744385,True
88284,1.236999273300171,-0.12357862293720245,0.2957543134689331,True
88294,1.2364689111709595,-0.125212162733078,0.2958024740219116,True
88304,1.2356992959976196,-0.1251334249973297,0.2958422005176544,True
88314,1.2348943948745728,-0.12596292793750763,0.2958800196647644,True
88324,1.2343332767486572,-0.12685057520866394,0.2918754518032074,True
88334,1.2337982654571533,-0.12819305062294006,0.29171222448349,True
88344,1.2331117391586304,-0.12924817204475403,0.2915612459182739,True
88354,1.2330784797668457,-0.12830308079719543,0.2914179265499115,True
88364,1.2326151132583618,-0.1292283684015274,0.29395097494125366,True
88374,1.2316105365753174,-0.12965640425682068,0.29396915435791016,True
88384,1.2314130067825317,-0.12985607981681824,0.29400908946990967,True
88394,1.229710340499878,-0.1302848607301712,0.2933785319328308,True
88404,1.2293975353240967,-0.13045065104961395,0.2933889329433441,True
88414,1.2275909185409546,-0.1315537542104721,0.2934112250804901,True
88424,1.226560115814209,-0.1315535455942154,0.2992737293243408,True
88434,1.2251018285751343,-0.1314789205789566,0.2992660403251648,True
88444,1.2233309745788574,-0.1324089616537094,0.2999746799468994,True
88454,1.2241182327270508,-0.13234254717826843,0.29998013377189636,True
88464,1.222240686416626,-0.13154548406600952,0.3003576397895813,True
88474,1.2207309007644653,-0.13246583938598633,0.29765239357948303,True
88484,1.2175989151000977,-0.1327977478504181,0.2980705797672272,True
88494,1.2181918621063232,-0.1331677883863449,0.2980753183364868,True
88504,1.2134753465652466,-0.13200929760932922,0.2996322214603424,True
88514,1.2141762971878052,-0.13247019052505493,0.2996370494365692,True
88524,1.211775302886963,-0.1324615329504013,0.30013972520828247,True
88534,1.2103248834609985,-0.1324782371520996,0.300128310918808,True
88544,1.2071841955184937,-0.13240335881710052,0.299567312002182,True
88554,1.2070883512496948,-0.13123510777950287,0.2997152805328369,True
88564,1.2054787874221802,-0.13100051879882812,0.29983845353126526,True
88574,1.2016257047653198,-0.13040485978126526,0.2988438606262207,True
88584,1.2007781267166138,-0.13017800450325012,0.2988826036453247,True
88594,1.1983743906021118,-0.13112694025039673,0.29889971017837524,True
88604,1.195291519165039,-0.12880608439445496,0.2988832890987396,True
88614,1.1937239170074463,-0.12965182960033417,0.2981104850769043,True
88624,1.1926764249801636,-0.13023942708969116,0.29805901646614075,True
88634,1.1910473108291626,-0.1292697638273239,0.2980051040649414,True
88644,1.1887098550796509,-0.12852533161640167,0.29793858528137207,True
88654,1.1868796348571777,-0.12799280881881714,0.29792043566703796,True
88664,1.1872612237930298,-0.12746146321296692,0.3009951710700989,True
88674,1.183989405632019,-0.12653326988220215,0.30109578371047974,True
88684,1.1812951564788818,-0.1262691169977188,0.30120396614074707,True
88694,1.1794676780700684,-0.1268342286348343,0.30129969120025635,True
88704,1.1774572134017944,-0.12666752934455872,0.2966650724411011,True
88714,1.1748942136764526,-0.12664614617824554,0.2964872419834137,True
88724,1.1724257469177246,-0.1265881508588791,0.2963245213031769,True
88734,1.1720707416534424,-0.12623713910579681,0.2961842715740204,True
88744,1.1675019264221191,-0.12539689242839813,0.30123668909072876,True
88754,1.1663004159927368,-0.12424935400485992,0.30140358209609985,True
88764,1.1651588678359985,-0.12439457327127457,0.30157575011253357,True
88774,1.1609034538269043,-0.123572938144207,0.31691503524780273,True
88784,1.1580899953842163,-0.12393620610237122,0.3179283142089844,True
88794,1.155203938484192,-0.12356351315975189,0.3189431428909302,True
88804,1.1545764207839966,-0.12306664884090424,0.3199723958969116,True
88814,1.1510372161865234,-0.12286925315856934,0.32097506523132324,True
88824,1.1509579420089722,-0.12305215001106262,0.3155844509601593,True
88834,1.1474465131759644,-0.12292611598968506,0.31616684794425964,True
88844,1.1460388898849487,-0.12262987345457077,0.3167159855365753,True
88854,1.143345594406128,-0.12222348898649216,0.3143666088581085,True
88864,1.1411004066467285,-0.12250830978155136,0.31466150283813477,True
88874,1.1396161317825317,-0.12184137850999832,0.3149053752422333,True
88884,1.1366714239120483,-0.12198777496814728,0.3150818943977356,True
88894,1.1354354619979858,-0.12015634030103683,0.31091374158859253,True
88904,1.1331514120101929,-0.12084674835205078,0.310759037733078,True
88914,1.1294218301773071,-0.12074781209230423,0.31053057312965393,True
88924,1.1287776231765747,-0.12052014470100403,0.3102952539920807,True
88934,1.1267892122268677,-0.12032009661197662,0.30711671710014343,True
88944,1.1253877878189087,-0.12027732282876968,0.30662527680397034,True
88954,1.1218039989471436,-0.12010929733514786,0.3060770332813263,True
88964,1.1211062669754028,-0.11999840289354324,0.30551862716674805,True
88974,1.1190091371536255,-0.12056408077478409,0.30493173003196716,True
88984,1.116159200668335,-0.12044291198253632,0.3049626648426056,True
88994,1.1147944927215576,-0.12094003707170486,0.30438023805618286,True
89004,1.1122807264328003,-0.12066646665334702,0.3037208914756775,True
89014,1.1114367246627808,-0.12031344324350357,0.3031391203403473,True
89024,1.1055699586868286,-0.12165949493646622,0.3023107647895813,True
89034,1.1056329011917114,-0.12219130247831345,0.3017248511314392,True
89044,1.1027458906173706,-0.12185681611299515,0.30113181471824646,True
89054,1.1011874675750732,-0.12222139537334442,0.30057138204574585,True
89064,1.1014267206192017,-0.12260377407073975,0.29927903413772583,True
89074,1.0982451438903809,-0.1222950890660286,0.29873353242874146,True
89084,1.0965681076049805,-0.12274391204118729,0.2982271611690521,True
89094,1.0941871404647827,-0.12398971617221832,0.29773879051208496,True
89104,1.0933269262313843,-0.12457095831632614,0.29730793833732605,True
89114,1.0914231538772583,-0.12454791367053986,0.3003535866737366,True
89124,1.0888653993606567,-0.12443364411592484,0.3002009391784668,True
89134,1.0865094661712646,-0.12421781569719315,0.30010294914245605,True
89144,1.0856128931045532,-0.1254952847957611,0.30006471276283264,True
89154,1.083882212638855,-0.12529009580612183,0.30003678798675537,True
89164,1.0836576223373413,-0.12655743956565857,0.3000898063182831,True
89174,1.0812275409698486,-0.1262851059436798,0.30017316341400146,True
89184,1.080315113067627,-0.12675964832305908,0.29911258816719055,True
89194,1.0779579877853394,-0.1280895322561264,0.2991858124732971,True
89204,1.0764317512512207,-0.12785716354846954,0.29927894473075867,True
89214,1.0764268636703491,-0.12837469577789307,0.2979183495044708,True
89224,1.0740867853164673,-0.12807942926883698,0.2979470193386078,True
89234,1.0715501308441162,-0.1285167932510376,0.2979830801486969,True
89244,1.0704939365386963,-0.1283196210861206,0.29803168773651123,True
89254,1.0688502788543701,-0.12947970628738403,0.2980746030807495,True
89264,1.0673279762268066,-0.13008147478103638,0.2958924174308777,True
89274,1.0665004253387451,-0.1298111379146576,0.2958405017852783,True
89284,1.0662838220596313,-0.13107770681381226,0.29580017924308777,True
89294,1.0646958351135254,-0.1309303343296051,0.29575780034065247,True
89304,1.06064772605896,-0.13142740726470947,0.29695895314216614,True
89314,1.0597583055496216,-0.1320718228816986,0.2969954311847687,True
89324,1.058798909187317,-0.13334882259368896,0.29702916741371155,True
89334,1.0579073429107666,-0.13316844403743744,0.2970649003982544,True
89344,1.0558106899261475,-0.13304375112056732,0.29480990767478943,True
89354,1.0550100803375244,-0.1334189474582672,0.29473984241485596,True
89364,1.0534653663635254,-0.13386745750904083,0.2946704924106598,True
89374,1.051635980606079,-0.13500666618347168,0.2945919334888458,True
89384,1.0501115322113037,-0.13473233580589294,0.29210659861564636,True
89394,1.0499879121780396,-0.1353578269481659,0.2919262647628784,True
89404,1.046792984008789,-0.1359717696905136,0.2917575240135193,True
89414,1.0443179607391357,-0.13586190342903137,0.29446154832839966,True
89424,1.0443038940429688,-0.13649502396583557,0.2944975793361664,True
89434,1.0420904159545898,-0.1371474415063858,0.29452839493751526,True
89444,1.0414319038391113,-0.13720005750656128,0.2945774495601654,True
89454,1.0398684740066528,-0.1371902972459793,0.2946156859397888,True
89464,1.0381906032562256,-0.13799305260181427,0.29326269030570984,True
89474,1.0365245342254639,-0.1379534900188446,0.2932308614253998,True
89484,1.0348433256149292,-0.13941355049610138,0.29321563243865967,True
89494,1.033166766166687,-0.13873784244060516,0.29321545362472534,True
89504,1.0323665142059326,-0.13869252800941467,0.29239776730537415,True
89514,1.030933141708374,-0.1387501209974289,0.2924019694328308,True
89524,1.0293999910354614,-0.13943640887737274,0.2924307882785797,True
89534,1.0272451639175415,-0.1400952935218811,0.2924843430519104,True
89544,1.024587869644165,-0.14070454239845276,0.2983199656009674,True
89554,1.0232725143432617,-0.14061996340751648,0.29875707626342773,True
89564,1.0225224494934082,-0.14065498113632202,0.2992178201675415,True
89574,1.0210397243499756,-0.1413552463054657,0.29969677329063416,True
89584,1.0180343389511108,-0.14195452630519867,0.30016443133354187,True
89594,1.0167711973190308,-0.14189007878303528,0.3061007559299469,True
89604,1.015161395072937,-0.14323757588863373,0.30687859654426575,True
89614,1.0121030807495117,-0.14324237406253815,0.30765819549560547,True
89624,1.0104482173919678,-0.14322979748249054,0.3084522783756256,True
89634,1.0098332166671753,-0.1426510065793991,0.30513712763786316,True
89644,1.0070632696151733,-0.14249861240386963,0.305663526058197,True
89654,1.0068467855453491,-0.14329877495765686,0.3061789274215698,True
89664,1.004520297050476,-0.14189043641090393,0.30663514137268066,True
89674,1.0035771131515503,-0.14191311597824097,0.3050926923751831,True
89684,1.0008494853973389,-0.142078697681427,0.3053451478481293,True
89694,1.0006142854690552,-0.1434076428413391,0.3055810332298279,True
89704,0.9997075796127319,-0.14184194803237915,0.3057800829410553,True
89714,0.9949313402175903,-0.14340431988239288,0.30593711137771606,True
89724,0.9930828809738159,-0.14330077171325684,0.3107122778892517,True
89734,0.9938041567802429,-0.1432841420173645,0.3110903203487396,True
89744,0.9904848337173462,-0.1425030678510666,0.3114323019981384,True
89754,0.9875298738479614,-0.1423773616552353,0.3117620646953583,True
89764,0.9871609210968018,-0.14269648492336273,0.3093179762363434,True
89774,0.9856573939323425,-0.14234194159507751,0.30946406722068787,True
89784,0.9840627312660217,-0.14195889234542847,0.30958136916160583,True
89794,0.982942521572113,-0.14267222583293915,0.30967026948928833,True
89804,0.9822189211845398,-0.14255934953689575,0.3098762035369873,True
89814,0.9795441627502441,-0.14155828952789307,0.3098832666873932,True
89824,0.9798625111579895,-0.14022234082221985,0.309868723154068,True
89834,0.9794878363609314,-0.13913166522979736,0.31231528520584106,True
89844,0.9786466360092163,-0.13839763402938843,0.31237703561782837,True
89854,0.9756168723106384,-0.1385226994752884,0.31241023540496826,True
89864,0.9759084582328796,-0.13739505410194397,0.312412828207016,True
89874,0.9746118187904358,-0.1372683346271515,0.31240662932395935,True
89884,0.9736902713775635,-0.1352597326040268,0.3091906011104584,True
89894,0.9719653725624084,-0.13506028056144714,0.30898845195770264,True
89904,0.9713720083236694,-0.1343117356300354,0.3087640106678009,True
89914,0.9701974987983704,-0.13372068107128143,0.30851659178733826,True
89924,0.9697043299674988,-0.13119670748710632,0.30701035261154175,True
89934,0.9691954255104065,-0.13022470474243164,0.3066616654396057,True
89944,0.9694947004318237,-0.129217267036438,0.30630040168762207,True
89954,0.9684119820594788,-0.12682998180389404,0.30591270327568054,True
89964,0.9665983319282532,-0.126458078622818,0.30465808510780334,True
89974,0.9671257734298706,-0.1250641644001007,0.3042198121547699,True
89984,0.9668065905570984,-0.12386176735162735,0.30379775166511536,True
89994,0.9665482044219971,-0.12154395133256912,0.30338260531425476,True
90004,0.9660934209823608,-0.11939588934183121,0.3029784560203552,True
90014,0.9662633538246155,-0.11816632747650146,0.3051905035972595,True
90024,0.9655444622039795,-0.11546884477138519,0.3049452304840088,True
90034,0.9656374454498291,-0.11401809006929398,0.30471035838127136,True
90044,0.9668901562690735,-0.11168888211250305,0.3127989172935486,True
90054,0.9662950038909912,-0.11099064350128174,0.3131238520145416,True
90064,0.9671195149421692,-0.10815875232219696,0.3134653866291046,True
90074,0.96782386302948,-0.10526608675718307,0.31382158398628235,True
90084,0.9686155319213867,-0.10298563539981842,0.31418779492378235,True
90094,0.9675138592720032,-0.10154976695775986,0.30715084075927734,True
90104,0.9681926369667053,-0.09933774173259735,0.307092547416687,True
90114,0.9674230217933655,-0.09857016801834106,0.3070429861545563,True
90124,0.9682179093360901,-0.09764164686203003,0.3069731593132019,True
90134,0.9686282277107239,-0.0938716009259224,0.30174994468688965,True
90144,0.9688006043434143,-0.09230756014585495,0.3013512194156647,True
90154,0.9688419103622437,-0.09010746330022812,0.30094802379608154,True
90164,0.9696394801139832,-0.08635226637125015,0.3005129098892212,True
90174,0.9686612486839294,-0.0860283374786377,0.29341045022010803,True
90184,0.9696105122566223,-0.08427201956510544,0.29257932305336,True
90194,0.9697094559669495,-0.08193697780370712,0.2917448580265045,True
90204,0.9699883460998535,-0.07874313741922379,0.29090437293052673,True
90214,0.9694629907608032,-0.07766453921794891,0.29008910059928894,True
90224,0.9697267413139343,-0.07690703123807907,0.2869158089160919,True
90234,0.9707005620002747,-0.07226566225290298,0.2859831750392914,True
90244,0.9719286561012268,-0.0705370232462883,0.2851206362247467,True
90254,0.971531867980957,-0.0693826749920845,0.28431543707847595,True
90264,0.971289873123169,-0.06774794310331345,0.29116934537887573,True
90274,0.9731491208076477,-0.06443129479885101,0.29084596037864685,True
90284,0.9734589457511902,-0.06255695223808289,0.290588915348053,True
90294,0.9729141592979431,-0.06144971773028374,0.2904106378555298,True
90304,0.9741682410240173,-0.05732357129454613,0.29358428716659546,True
90314,0.9752819538116455,-0.05568433552980423,0.29378363490104675,True
90324,0.9751268625259399,-0.05455244705080986,0.29405730962753296,True
90334,0.9748693704605103,-0.05252549797296524,0.2943958342075348,True
90344,0.9760618209838867,-0.04983191937208176,0.2948066294193268,True
90354,0.975606381893158,-0.04811593517661095,0.2906700074672699,True
90364,0.9766844511032104,-0.046770114451646805,0.2910016179084778,True
90374,0.9778492450714111,-0.042649075388908386,0.2913511097431183,True
90384,0.9774848222732544,-0.042019572108983994,0.2917836010456085,True
90394,0.9772202968597412,-0.041262537240982056,0.29451215267181396,True
90404,0.9772411584854126,-0.037227075546979904,0.29510509967803955,True
90414,0.9777745604515076,-0.0356772243976593,0.2957491874694824,True
90424,0.9772643446922302,-0.03343788534402847,0.29641810059547424,True
90434,0.9772512316703796,-0.03303370997309685,0.2928900420665741,True
90444,0.9772201776504517,-0.02959410659968853,0.2933501899242401,True
90454,0.9773113131523132,-0.028893722221255302,0.29383280873298645,True
90464,0.97727370262146,-0.02676375024020672,0.2943068742752075,True
90474,0.9774379134178162,-0.025171540677547455,0.29522567987442017,True
90484,0.9774348139762878,-0.022112872451543808,0.2956969141960144,True
90494,0.9780933856964111,-0.021715441718697548,0.29615887999534607,True
90504,0.9774006605148315,-0.02001231722533703,0.296588659286499,True
90514,0.9773720502853394,-0.01788981817662716,0.3029918074607849,True
90524,0.9759408235549927,-0.01613137684762478,0.30371999740600586,True
90534,0.9765672087669373,-0.015041986480355263,0.30443480610847473,True
90544,0.9773715734481812,-0.011299194768071175,0.30509254336357117,True
90554,0.9776595830917358,-0.010630706325173378,0.3012411296367645,True
90564,0.9765231609344482,-0.009059742093086243,0.30157598853111267,True
90574,0.9765719175338745,-0.0070831384509801865,0.3018844723701477,True
90584,0.9760302901268005,-0.004068553447723389,0.30216479301452637,True
90594,0.9764067530632019,-0.002378251636400819,0.3033861815929413,True
90604,0.9759899377822876,-0.0014100103871896863,0.3036561906337738,True
90614,0.9748051762580872,0.0009657589253038168,0.30387744307518005,True
90624,0.9750454425811768,0.0028752763755619526,0.3054289221763611,True
90634,0.9750086665153503,0.004837144166231155,0.305671364068985,True
90644,0.9760411977767944,0.003923458978533745,0.30590155720710754,True
90654,0.9749000668525696,0.005673451814800501,0.3060891628265381,True
90664,0.975121796131134,0.0074715763330459595,0.3069031834602356,True
90674,0.9745644330978394,0.009174752980470657,0.3070594370365143,True
90684,0.972795844078064,0.011646391823887825,0.3071843683719635,True
90694,0.9729518294334412,0.013888741843402386,0.30521315336227417,True
90704,0.9737535119056702,0.01491641253232956,0.30519840121269226,True
90714,0.9732421040534973,0.015838446095585823,0.30516517162323,True
90724,0.9728299975395203,0.018193745985627174,0.3051000237464905,True
90734,0.9723819494247437,0.019621284678578377,0.30028989911079407,True
90744,0.9712552428245544,0.02058299444615841,0.299919068813324,True
90754,0.9714215397834778,0.023640815168619156,0.29953303933143616,True
90764,0.9709184169769287,0.024609308689832687,0.2991516888141632,True
90774,0.971049964427948,0.026471178978681564,0.30176419019699097,True
90784,0.9706025123596191,0.028185604140162468,0.3015296757221222,True
90794,0.9694716334342957,0.02947443351149559,0.3012770116329193,True
90804,0.9696573615074158,0.031110059469938278,0.30104565620422363,True
90814,0.969820499420166,0.032178375869989395,0.3008325397968292,True
90824,0.9698930382728577,0.03519115597009659,0.30030378699302673,True
90834,0.9686557054519653,0.036874473094940186,0.3001050651073456,True
90844,0.9688119292259216,0.03841309994459152,0.2999146580696106,True
90854,0.9682815670967102,0.0398886576294899,0.29973646998405457,True
90864,0.9670068025588989,0.04103126376867294,0.2961975634098053,True
90874,0.9670889377593994,0.04303663596510887,0.29587262868881226,True
90884,0.9669187068939209,0.04489962011575699,0.29556336998939514,True
90894,0.9658132195472717,0.04699559882283211,0.2952662706375122,True
90904,0.9659548997879028,0.048595406115055084,0.2946010231971741,True
90914,0.9654608368873596,0.05015319213271141,0.29433000087738037,True
90924,0.9650425314903259,0.05123693495988846,0.29408466815948486,True
90934,0.9638921618461609,0.05259144306182861,0.2985171973705292,True
90944,0.96403568983078,0.05487023666501045,0.2985652685165405,True
90954,0.9635239839553833,0.057244982570409775,0.2986353635787964,True
90964,0.9621538519859314,0.059642694890499115,0.30049121379852295,True
90974,0.9623593091964722,0.061191052198410034,0.301626056432724,True
90984,0.9618266224861145,0.062036361545324326,0.3019680380821228,True
90994,0.9606408476829529,0.06480570137500763,0.302323579788208,True
91004,0.9605387449264526,0.06637455523014069,0.30420321226119995,True
91014,0.960508406162262,0.06775704026222229,0.3046831786632538,True
91024,0.9599806070327759,0.07042514532804489,0.30515313148498535,True
91034,0.9594451785087585,0.0718434602022171,0.3056237995624542,True
91044,0.9594631791114807,0.07324530184268951,0.3060855269432068,True
91054,0.9594058990478516,0.07454189658164978,0.30240699648857117,True
91064,0.9586239457130432,0.07739027589559555,0.3025662302970886,True
91074,0.9585603475570679,0.07889991998672485,0.3027149736881256,True
91084,0.9585355520248413,0.07976461201906204,0.302853524684906,True
91094,0.9585151076316833,0.08188682049512863,0.3022255599498749,True
91104,0.9572769403457642,0.0834350734949112,0.30227822065353394,True
91114,0.9573795199394226,0.08492838591337204,0.3023134171962738,True
91124,0.95750892162323,0.08646564185619354,0.30232056975364685,False
91134,0.9577502012252808,0.08850539475679398,0.3006855249404907,False
91144,0.9578844308853149,0.09001588076353073,0.30055558681488037,False
91154,0.9569956660270691,0.09039419889450073,0.30040884017944336,False
91164,0.9562799334526062,0.09349409490823746,0.3002241551876068,False
91174,0.9567101001739502,0.09401314705610275,0.300051212310791,False
91184,0.9569422602653503,0.09583357721567154,0.29905006289482117,False
91194,0.958223283290863,0.09542904049158096,0.29885032773017883,False
91204,0.956115186214447,0.10069287568330765,0.29863694310188293,False
91214,0.956951916217804,0.10147146880626678,0.2973911762237549,False
91224,0.9564521312713623,0.10280431061983109,0.29661619663238525,False
91234,0.9567283987998962,0.10538450628519058,0.29634615778923035,False
91244,0.9556003212928772,0.1063753142952919,0.2960878312587738,False
91254,0.9564187526702881,0.10630034655332565,0.2958155572414398,False
91264,0.9542855620384216,0.10780347883701324,0.29503700137138367,False
91274,0.9549070000648499,0.11061614006757736,0.29470258951187134,False
91284,0.9563267230987549,0.11242403090000153,0.29441770911216736,False
91294,0.9566280841827393,0.11274182051420212,0.294172465801239,False
91304,0.9571763873100281,0.11370383948087692,0.29295527935028076,False
91314,0.9577624201774597,0.11604254692792892,0.29269906878471375,False
91324,0.9578896164894104,0.11696568131446838,0.2924783229827881,False
91334,0.9591876864433289,0.11666260659694672,0.2922920286655426,False
91344,0.9595907926559448,0.11914678663015366,0.2921391427516937,False
91354,0.9601551294326782,0.12001478672027588,0.29464203119277954,False
91364,0.9609689712524414,0.12113086134195328,0.2946805953979492,False
91374,0.9599470496177673,0.12251560389995575,0.2947646379470825,False
91384,0.9603530764579773,0.12417817860841751,0.2916865050792694,False
91394,0.9596384763717651,0.12544529139995575,0.2916482985019684,False
91404,0.9618852734565735,0.12567280232906342,0.29160401225090027,False
91414,0.962535560131073,0.1260586977005005,0.2915855944156647,False
91424,0.9629313349723816,0.12697817385196686,0.2884354889392853,False
91434,0.9647794365882874,0.12710165977478027,0.2882850170135498,False
91444,0.9674889445304871,0.12847557663917542,0.28816166520118713,False
91454,0.9688069224357605,0.12866860628128052,0.2880847156047821,False
91464,0.9701882004737854,0.12903307378292084,0.28888893127441406,False
91474,0.9724646210670471,0.129350483417511,0.2889035642147064,False
91484,0.9733090996742249,0.12983737885951996,0.28895998001098633,False
91494,0.9746165871620178,0.13035808503627777,0.29515305161476135,False
91504,0.9764846563339233,0.13017193973064423,0.29560908675193787,False
91514,0.9784483909606934,0.1301078349351883,0.2960924208164215,False
91524,0.9796052575111389,0.1305641084909439,0.29660680890083313,False
91534,0.9816775321960449,0.1309252828359604,0.2971326410770416,False
91544,0.9836606383323669,0.13011975586414337,0.29177236557006836,False
91554,0.9850207567214966,0.12996312975883484,0.2920169234275818,False
91564,0.9858438372612,0.13055264949798584,0.2922828197479248,False
91574,0.9880791902542114,0.13032956421375275,0.2925436198711395,False
91584,0.991290271282196,0.12948398292064667,0.2947544753551483,False
91594,0.9914565086364746,0.1296813189983368,0.2951206564903259,False
91604,0.9937998056411743,0.12961852550506592,0.2954533100128174,False
91614,0.9974618554115295,0.128790020942688,0.2957538962364197,False
91624,0.9977286458015442,0.12975509464740753,0.29016196727752686,False
91634,0.9986622929573059,0.1304464489221573,0.29015153646469116,False
91644,1.0008422136306763,0.12956655025482178,0.29012879729270935,False
91654,1.0037578344345093,0.12862424552440643,0.2900978624820709,False
91664,1.007243275642395,0.12706048786640167,0.3011136054992676,False
91674,1.009519100189209,0.1273985356092453,0.30166420340538025,False
91684,1.011868953704834,0.12593935430049896,0.30220338702201843,False
91694,1.0137138366699219,0.12630365788936615,0.30274006724357605,False
91704,1.0157755613327026,0.12593427300453186,0.3056028187274933,False
91714,1.018136739730835,0.12567761540412903,0.30625295639038086,False
91724,1.0211167335510254,0.12534019351005554,0.3068814277648926,False
91734,1.0238438844680786,0.1253335326910019,0.31360572576522827,False
91744,1.0257699489593506,0.1237897127866745,0.3145040273666382,False
91754,1.029702067375183,0.1219877079129219,0.31535425782203674,False
91764,1.03081214427948,0.12239260226488113,0.31618931889533997,False
91774,1.0319660902023315,0.1224774494767189,0.3087007403373718,False
91784,1.032497525215149,0.12220337986946106,0.308961421251297,False
91794,1.037782907485962,0.1207151859998703,0.3091282546520233,False
91804,1.0393017530441284,0.12092447280883789,0.3092752695083618,False
91814,1.0404667854309082,0.12136167287826538,0.30733275413513184,False
91824,1.0431997776031494,0.12029147148132324,0.30722057819366455,False
91834,1.0449928045272827,0.1195250004529953,0.307068407535553,False
91844,1.047688364982605,0.11924586445093155,0.3068671226501465,False
91854,1.0500215291976929,0.11832517385482788,0.31949910521507263,False
91864,1.052950143814087,0.11727412790060043,0.3198685944080353,False
91874,1.055181860923767,0.11680985242128372,0.32020410895347595,False
91884,1.0574846267700195,0.11707821488380432,0.3205067813396454,False
91894,1.0592448711395264,0.11681868135929108,0.3152729868888855,False
91904,1.0610219240188599,0.11601444333791733,0.31521075963974,False
91914,1.0623142719268799,0.11589750647544861,0.3151073753833771,False
91924,1.0664392709732056,0.1161511018872261,0.3149467706680298,False
91934,1.067317247390747,0.11490067094564438,0.308148056268692,False
91944,1.0669128894805908,0.1145310029387474,0.3075845539569855,False
91954,1.067909598350525,0.11322461068630219,0.30698642134666443,False
91964,1.0732539892196655,0.11394544690847397,0.3050050735473633,False
91974,1.0741019248962402,0.11402836441993713,0.30428260564804077,False
91984,1.0748481750488281,0.11350386589765549,0.3035394847393036,False
91994,1.0790479183197021,0.11341032385826111,0.3027677536010742,False
92004,1.0800271034240723,0.11345204710960388,0.30200380086898804,False
92014,1.0821311473846436,0.11301962286233902,0.299411416053772,False
92024,1.0828065872192383,0.11355045437812805,0.298586368560791,False
92034,1.0836472511291504,0.11173208057880402,0.2977791428565979,False
92044,1.0842101573944092,0.11176998913288116,0.29700756072998047,False
92054,1.084709644317627,0.11054790765047073,0.2951875925064087,False
92064,1.0889619588851929,0.11028562486171722,0.29440590739250183,False
92074,1.0893750190734863,0.10934522747993469,0.29364994168281555,False
92084,1.0898996591567993,0.10841384530067444,0.29741352796554565,False
92094,1.0912625789642334,0.10691847652196884,0.2969762682914734,False
92104,1.0918781757354736,0.10652685910463333,0.29661428928375244,False
92114,1.0929818153381348,0.10561343282461166,0.29632917046546936,False
92124,1.0940170288085938,0.10465040802955627,0.2961100935935974,False
92134,1.0923131704330444,0.10688744485378265,0.29437175393104553,False
92144,1.0927765369415283,0.10583126544952393,0.2942255139350891,False
92154,1.0933606624603271,0.10543553531169891,0.29415634274482727,False
92164,1.094052791595459,0.10435688495635986,0.29415401816368103,False
92174,1.0934563875198364,0.10069263726472855,0.29265862703323364,False
92184,1.0942001342773438,0.09977319091558456,0.291952520608902,False
92194,1.09468412399292,0.09850914776325226,0.2920144200325012,False
92204,1.095009446144104,0.09622630476951599,0.2921212315559387,False
92214,1.0946837663650513,0.09584508836269379,0.2985296845436096,False
92224,1.0951223373413086,0.09393171221017838,0.2990621030330658,False
92234,1.0942660570144653,0.09372828900814056,0.29961901903152466,False
92244,1.0934805870056152,0.0907493457198143,0.3001684546470642,False
92254,1.0934467315673828,0.08989469707012177,0.30015480518341064,False
92264,1.093508005142212,0.08823557943105698,0.30070367455482483,False
92274,1.0923315286636353,0.08599916100502014,0.3012607991695404,False
92284,1.0929951667785645,0.0838966965675354,0.3039308190345764,False
92294,1.091899037361145,0.08351530879735947,0.3046283721923828,False
92304,1.0909404754638672,0.08090891689062119,0.30531126260757446,False
92314,1.0909812450408936,0.0789569765329361,0.3059995472431183,False
92324,1.091639757156372,0.07787082344293594,0.30414918065071106,False
92334,1.0909233093261719,0.0768757238984108,0.3046613335609436,False
92344,1.090606689453125,0.07302025705575943,0.3051359951496124,False
92354,1.0891598463058472,0.07288923114538193,0.30561089515686035,False
92364,1.090301513671875,0.07239315658807755,0.30605998635292053,False
92374,1.0890681743621826,0.06891907006502151,0.303617388010025,False
92384,1.0889633893966675,0.06643056869506836,0.30384156107902527,False
92394,1.0876511335372925,0.06482464075088501,0.3040463626384735,False
92404,1.0876306295394897,0.06309553980827332,0.30422672629356384,False
92414,1.0868570804595947,0.05981765687465668,0.30542075634002686,False
92424,1.0855207443237305,0.05893106758594513,0.30560174584388733,False
92434,1.085405945777893,0.057948946952819824,0.3057708442211151,False
92444,1.0846428871154785,0.05560462176799774,0.30591148138046265,False
92454,1.0838502645492554,0.053404197096824646,0.3040089011192322,False
92464,1.0829534530639648,0.052440155297517776,0.3040172755718231,False
92474,1.0826687812805176,0.04917488992214203,0.3040009140968323,False
92484,1.0811798572540283,0.04802391678094864,0.3039851486682892,False
92494,1.080714464187622,0.04604639485478401,0.3039553165435791,False
92504,1.0803511142730713,0.044741760939359665,0.3043336272239685,False
92514,1.0791277885437012,0.042140766978263855,0.3042958080768585,False
92524,1.0780994892120361,0.0401131846010685,0.3042585253715515,False
92534,1.0770248174667358,0.03900898993015289,0.304220974445343,False
92544,1.0766947269439697,0.03821609169244766,0.29974085092544556,False
92554,1.0761562585830688,0.03474099189043045,0.29946452379226685,False
92564,1.0764126777648926,0.03271228075027466,0.2991904318332672,False
92574,1.0765974521636963,0.031431108713150024,0.2989213764667511,False
92584,1.075451374053955,0.029144225642085075,0.29640433192253113,False
92594,1.0741045475006104,0.02718641795217991,0.29600146412849426,False
92604,1.0740673542022705,0.026623321697115898,0.2956160604953766,False
92614,1.0727059841156006,0.023454807698726654,0.2990323007106781,False
92624,1.072051763534546,0.021341338753700256,0.298873633146286,False
92634,1.0708286762237549,0.020738184452056885,0.29872897267341614,False
92644,1.0710089206695557,0.019199661910533905,0.2985859215259552,False
92654,1.0704842805862427,0.0160091370344162,0.29844626784324646,False
92664,1.069806456565857,0.014814451336860657,0.30115702748298645,False
92674,1.0690746307373047,0.014325929805636406,0.3012121915817261,False
92684,1.0683557987213135,0.01345086470246315,0.3012746572494507,False
92694,1.0673925876617432,0.008315584622323513,0.30132102966308594,False
92704,1.0674456357955933,0.008917756378650665,0.3020131289958954,False
92714,1.0667349100112915,0.006913331337273121,0.3021402657032013,False
92724,1.0653941631317139,0.0043664732947945595,0.30228108167648315,False
92734,1.0654913187026978,0.0018426805036142468,0.3024423122406006,False
92744,1.0656248331069946,0.0010463094804435968,0.3002950847148895,False
92754,1.0650646686553955,-0.0011281953193247318,0.3003535568714142,False
92764,1.0647815465927124,-0.002896229736506939,0.30041733384132385,False
92774,1.0636266469955444,-0.0033321729861199856,0.3004891574382782,False
92784,1.063462495803833,-0.00422510365024209,0.300569623708725,False
92794,1.0632328987121582,-0.005344848148524761,0.2998447120189667,False
92804,1.0628352165222168,-0.007773545570671558,0.2998591363430023,False
92814,1.061257243156433,-0.007172040641307831,0.29987138509750366,False
92824,1.0616625547409058,-0.009392465464770794,0.29988816380500793,False
92834,1.0615540742874146,-0.010159187950193882,0.29937830567359924,False
92844,1.0614864826202393,-0.01102884579449892,0.29938384890556335,False
92854,1.0615026950836182,-0.01155097782611847,0.29938241839408875,False
92864,1.0609203577041626,-0.012878530658781528,0.2993614375591278,False
92874,1.061210036277771,-0.01241130381822586,0.3040946125984192,False
92884,1.061341404914856,-0.013614203780889511,0.3043332099914551,False
92894,1.061341404914856,-0.013614203780889511,0.3043332099914551,False
92904,1.0612425804138184,-0.014551875181496143,0.3045955300331116,False
92914,1.0591397285461426,-0.012549573555588722,0.30513516068458557,False
92924,1.0590592622756958,-0.012599874287843704,0.300896555185318,False
92934,1.0591578483581543,-0.012594915926456451,0.30092811584472656,False
92944,1.0600569248199463,-0.012474169954657555,0.3009587228298187,False
92954,1.0600110292434692,-0.013016127981245518,0.30098167061805725,False
92964,1.059625267982483,-0.012679295614361763,0.29584190249443054,False
92974,1.059565782546997,-0.012755151838064194,0.29556334018707275,False
92984,1.058975100517273,-0.013420581817626953,0.29528626799583435,False
92994,1.0594786405563354,-0.013990493491292,0.2950117886066437,False
93004,1.0595927238464355,-0.012890217825770378,0.29471734166145325,False
93014,1.0594737529754639,-0.01290914136916399,0.29451265931129456,False
93024,1.0595251321792603,-0.012367130257189274,0.2942129671573639,False
93034,1.059356927871704,-0.012377575039863586,0.2939107418060303,False
93044,1.0604287385940552,-0.012341069057583809,0.2936187982559204,False
93054,1.0605117082595825,-0.011106446385383606,0.29604917764663696,False
93064,1.0603193044662476,-0.011221940629184246,0.295974463224411,False
93074,1.0606809854507446,-0.010099893435835838,0.2959176301956177,False
93084,1.0607833862304688,-0.009964088909327984,0.2958867847919464,False
93094,1.0612907409667969,-0.009775152429938316,0.2958804965019226,False
93104,1.0612541437149048,-0.008122568018734455,0.295538991689682,False
93114,1.0622557401657104,-0.007411917205899954,0.295570969581604,False
93124,1.0624186992645264,-0.007124053314328194,0.2956244647502899,False
93134,1.0611509084701538,-0.007940229028463364,0.2956947684288025,False
93144,1.0620626211166382,-0.007577231619507074,0.2987697720527649,False
93154,1.0615630149841309,-0.006711602210998535,0.29932886362075806,False
93164,1.0618892908096313,-0.006362759042531252,0.2993280589580536,False
93174,1.0626227855682373,-0.004098895005881786,0.29993829131126404,False
93184,1.0625979900360107,-0.00417988421395421,0.2984938621520996,False
93194,1.0616337060928345,-0.004168347921222448,0.298965185880661,False
93204,1.0624163150787354,-0.0047347513027489185,0.29896610975265503,False
93214,1.062499761581421,-0.002991492161527276,0.2994186580181122,False
93224,1.0622786283493042,-0.002572548808529973,0.29941773414611816,False
93234,1.0635085105895996,-0.0018592978594824672,0.29710686206817627,False
93244,1.063315510749817,-0.0016294303350150585,0.29710653424263,False
93254,1.0641450881958008,-0.00039180583553388715,0.29723402857780457,False
93264,1.0642011165618896,-0.00019046119996346533,0.2973078191280365,False
93274,1.064123272895813,-4.10371576435864e-05,0.29644766449928284,False
93284,1.0647547245025635,0.0015252477023750544,0.2964385747909546,False
93294,1.0652543306350708,0.0019372759852558374,0.29640570282936096,False
93304,1.0651698112487793,0.0023507559671998024,0.2963595986366272,False
93314,1.0651042461395264,0.002718996023759246,0.2937806248664856,False
93324,1.0656882524490356,0.002685684012249112,0.293594092130661,False
93334,1.066821575164795,0.003938055131584406,0.2934105098247528,False
93344,1.0673903226852417,0.005059005692601204,0.2932335436344147,False
93354,1.0673903226852417,0.005059005692601204,0.2932335436344147,False
93364,1.0676794052124023,0.005311370361596346,0.2962349057197571,False
93374,1.0670195817947388,0.005310068838298321,0.29626333713531494,False
93384,1.068047285079956,0.005971412640064955,0.29630574584007263,False
93394,1.0680458545684814,0.007056262344121933,0.296369343996048,False
93404,1.068722128868103,0.008262444287538528,0.3024466335773468,False
93414,1.0691132545471191,0.009059356525540352,0.30338022112846375,False
93424,1.0691132545471191,0.009059356525540352,0.30338022112846375,False
93434,1.067893624305725,0.008565058931708336,0.3038797378540039,False
93444,1.0691473484039307,0.008501953445374966,0.30158963799476624,False
93454,1.0691980123519897,0.009498548693954945,0.3019188344478607,False
93464,1.0693559646606445,0.009830500930547714,0.30224111676216125,False
93474,1.0676021575927734,0.010191853158175945,0.3025486171245575,False
93484,1.0676982402801514,0.010503812693059444,0.30287835001945496,False
93494,1.0686438083648682,0.01086526270955801,0.3030809164047241,False
93504,1.0687501430511475,0.011152452789247036,0.3033069372177124,False
93514,1.0688503980636597,0.011427131481468678,0.3035004436969757,False
93524,1.0708218812942505,0.010790068656206131,0.3036549687385559,False
93534,1.0703521966934204,0.010919339023530483,0.3025696575641632,False
93544,1.0708156824111938,0.011058587580919266,0.3026128113269806,False
93554,1.070934534072876,0.011250140145421028,0.30265018343925476,False
93564,1.0710469484329224,0.011428484693169594,0.3026747405529022,False
93574,1.0711246728897095,0.011537053622305393,0.3078342080116272,False
93584,1.0712238550186157,0.011688821949064732,0.3081161379814148,False
93594,1.0713173151016235,0.01182833407074213,0.30837544798851013,False
93604,1.0714054107666016,0.011955984868109226,0.30861639976501465,False
93614,1.0715410709381104,0.012178384698927402,0.30117255449295044,False
