37916,0.011317488737404346,-0.09461265057325363,0.3186899721622467,False
37926,0.011918892152607441,-0.09561222046613693,0.31923559308052063,False
37936,0.012013174593448639,-0.09593115746974945,0.32006457448005676,False
37946,0.011995646171271801,-0.09707026928663254,0.32006338238716125,False
37956,0.01265903189778328,-0.09843288362026215,0.3208894431591034,False
37966,0.01265903189778328,-0.09843288362026215,0.3208894431591034,False
37976,0.0128370625898242,-0.09902634471654892,0.3214466869831085,False
37986,0.012926604598760605,-0.09957990050315857,0.32144612073898315,False
37996,0.013110754080116749,-0.1003570705652237,0.32194817066192627,False
38006,0.01258891075849533,-0.10061086714267731,0.32194820046424866,False
38016,0.012765683233737946,-0.10195811092853546,0.3245472311973572,False
38026,0.012349147349596024,-0.10221671313047409,0.3245471715927124,False
38036,0.013157383538782597,-0.10301142185926437,0.32503530383110046,False
38046,0.013234440237283707,-0.10326891392469406,0.32522261142730713,False
38056,0.013481443747878075,-0.1045718789100647,0.32539159059524536,False
38066,0.013523830100893974,-0.10509858280420303,0.3205549418926239,False
38076,0.013465233147144318,-0.10567336529493332,0.3204268217086792,False
38086,0.013390371575951576,-0.10626200586557388,0.3202831745147705,False
38096,0.013352876529097557,-0.10700584203004837,0.32013559341430664,False
38106,0.013428145088255405,-0.10725890845060349,0.3179311454296112,False
38116,0.012933050282299519,-0.10962134599685669,0.317649245262146,False
38126,0.013580252416431904,-0.11025874316692352,0.3173712491989136,False
38136,0.01420878991484642,-0.11021137982606888,0.317111611366272,False
38146,0.014294007793068886,-0.11044315993785858,0.31650954484939575,False
38156,0.013665024191141129,-0.1099456325173378,0.31651008129119873,False
38166,0.013739878311753273,-0.11049982905387878,0.3162611126899719,False
38176,0.013693331740796566,-0.11091049015522003,0.3160249590873718,False
38186,0.013585111126303673,-0.11213171482086182,0.31581971049308777,False
38196,0.013645193539559841,-0.11236802488565445,0.31230440735816956,False
38206,0.015423137694597244,-0.11411691457033157,0.3119799494743347,False
38216,0.014709116891026497,-0.11436901986598969,0.31167206168174744,False
38226,0.01526963897049427,-0.11459154635667801,0.3113807737827301,False
38236,0.01648734137415886,-0.11474483460187912,0.3110671639442444,False
38246,0.01659826561808586,-0.11490461230278015,0.31085205078125,False
38256,0.015684500336647034,-0.11636204272508621,0.3106752336025238,False
38266,0.01629960536956787,-0.11679871380329132,0.310541570186615,False
38276,0.01632162556052208,-0.11715184152126312,0.3106529116630554,False
38286,0.01641218177974224,-0.11730076372623444,0.3106395900249481,False
38296,0.016597433015704155,-0.11790623515844345,0.3106690049171448,False
38306,0.01669917069375515,-0.11854511499404907,0.3107346296310425,False
38316,0.016786321997642517,-0.11867421865463257,0.3108380436897278,False
38326,0.017750926315784454,-0.12037350237369537,0.31215378642082214,False
38336,0.017201632261276245,-0.12128503620624542,0.3123782277107239,False
38346,0.01784796081483364,-0.12146525084972382,0.3126044273376465,False
38356,0.01794728823006153,-0.12159572541713715,0.3128386437892914,False
38366,0.018045756965875626,-0.1217154935002327,0.31305772066116333,False
38376,0.01532190851867199,-0.12259648740291595,0.3133605718612671,False
38386,0.0156786497682333,-0.12301906943321228,0.31369128823280334,False
38396,0.016005905345082283,-0.12300388514995575,0.31405019760131836,False
38406,0.016052376478910446,-0.1230282410979271,0.31945979595184326,False
38416,0.01735580898821354,-0.12392103672027588,0.3224414885044098,False
38426,0.01735047623515129,-0.12347382307052612,0.3233700394630432,False
38436,0.01754598319530487,-0.12474837899208069,0.32424619793891907,False
38446,0.017226656898856163,-0.12492114305496216,0.3251451551914215,False
38456,0.017270037904381752,-0.12503711879253387,0.3234856128692627,False
38466,0.01731109619140625,-0.12510515749454498,0.32425740361213684,False
38476,0.01735009253025055,-0.12516431510448456,0.3250196576118469,False
38486,0.018335282802581787,-0.12810471653938293,0.3257705867290497,False
38496,0.01779908500611782,-0.12828300893306732,0.3265058696269989,False
38506,0.01778106763958931,-0.12882289290428162,0.3282228112220764,False
38516,0.018207905814051628,-0.12886522710323334,0.32893726229667664,False
38526,0.018252717331051826,-0.1289663016796112,0.3296094238758087,False
38536,0.019296685233712196,-0.12942257523536682,0.3302326798439026,False
38546,0.019360186532139778,-0.12953993678092957,0.32940876483917236,False
38556,0.019419316202402115,-0.12963373959064484,0.32988011837005615,False
38566,0.01947513408958912,-0.12972141802310944,0.3303144872188568,False
38576,0.01931651122868061,-0.13390730321407318,0.3306986093521118,False
38586,0.019384941086173058,-0.1335175335407257,0.32915207743644714,False
38596,0.019426357001066208,-0.13366779685020447,0.3293117880821228,False
38606,0.019787970930337906,-0.13409580290317535,0.3294271230697632,False
38616,0.019831666722893715,-0.13453218340873718,0.3294910788536072,False
38626,0.01987817883491516,-0.13470730185508728,0.3267243504524231,False
38636,0.02032857947051525,-0.13530336320400238,0.32657572627067566,False
38646,0.020374728366732597,-0.1354413777589798,0.3263879120349884,False
38656,0.02091362327337265,-0.13686400651931763,0.3261570334434509,False
38666,0.020968783646821976,-0.13701584935188293,0.3258990943431854,False
38676,0.021022949367761612,-0.13715723156929016,0.3257675766944885,False
38686,0.020873215049505234,-0.13779109716415405,0.32547324895858765,False
38696,0.02092156372964382,-0.13792765140533447,0.3251460790634155,False
38706,0.020969031378626823,-0.13805478811264038,0.3247889280319214,False
38716,0.021010970696806908,-0.13814330101013184,0.32693275809288025,False
38726,0.021295273676514626,-0.1395173817873001,0.3266943693161011,False
38736,0.021346064284443855,-0.13964350521564484,0.32646119594573975,False
38746,0.022341277450323105,-0.13970473408699036,0.3262399137020111,False
38756,0.021985067054629326,-0.13992638885974884,0.3222764730453491,False
38766,0.02204827405512333,-0.14002400636672974,0.32188525795936584,False
38776,0.022563878446817398,-0.14029555022716522,0.32151755690574646,False
38786,0.0226389579474926,-0.14037883281707764,0.32116419076919556,False
38796,0.022714486345648766,-0.14045320451259613,0.3208177089691162,False
38806,0.022788040339946747,-0.14047478139400482,0.3242308497428894,False
38816,0.02269883081316948,-0.14195901155471802,0.32412615418434143,False
38826,0.02241499535739422,-0.141660675406456,0.3240351378917694,False
38836,0.022629233077168465,-0.14210255444049835,0.3239409923553467,False
38846,0.022694626823067665,-0.14220790565013885,0.32049620151519775,False
38856,0.02238672412931919,-0.1420215219259262,0.3202745020389557,False
38866,0.022449854761362076,-0.14206725358963013,0.3200981914997101,False
38876,0.022513896226882935,-0.142104834318161,0.3199614882469177,False
38886,0.022997837513685226,-0.1425502449274063,0.31691455841064453,False
38896,0.022862877696752548,-0.1423642486333847,0.315293550491333,False
38906,0.02292798087000847,-0.14238327741622925,0.3149911165237427,False
38916,0.02298964187502861,-0.1423957496881485,0.3147003948688507,False
38926,0.023753495886921883,-0.14308445155620575,0.3145890533924103,False
38936,0.02380293793976307,-0.14270398020744324,0.31435075402259827,False
38946,0.023868978023529053,-0.14270760118961334,0.3141458332538605,False
38956,0.02393040992319584,-0.1427062302827835,0.3139589726924896,False
38966,0.023986686021089554,-0.14269527792930603,0.31417903304100037,False
38976,0.024701792746782303,-0.1446278989315033,0.3140658140182495,False
38986,0.024766966700553894,-0.1446615308523178,0.3139899969100952,False
38996,0.024364208802580833,-0.14438539743423462,0.31395232677459717,False
39006,0.024399735033512115,-0.14435499906539917,0.31808415055274963,False
39016,0.02367466688156128,-0.14513452351093292,0.320499986410141,False
39026,0.0236904826015234,-0.14516152441501617,0.3209523856639862,False
39036,0.023322340101003647,-0.14443112909793854,0.32143494486808777,False
39046,0.023320397362113,-0.14443369209766388,0.3219400644302368,False
39056,0.02331606298685074,-0.14444011449813843,0.3219943344593048,False
39066,0.023306220769882202,-0.14444270730018616,0.32248973846435547,False
39076,0.023291975259780884,-0.14444588124752045,0.32300472259521484,False
39086,0.023273194208741188,-0.14444971084594727,0.32353273034095764,False
39096,0.02324986644089222,-0.1444542109966278,0.3240576684474945,False
39106,0.023237871006131172,-0.14449824392795563,0.3195410668849945,False
39116,0.026493143290281296,-0.14574909210205078,0.3197476863861084,False
39126,0.026550108566880226,-0.14579235017299652,0.31993773579597473,False
39136,0.026603586971759796,-0.14583685994148254,0.3201169967651367,False
39146,0.026652131229639053,-0.1458825170993805,0.3205570876598358,False
39156,0.026700612157583237,-0.14593057334423065,0.32072708010673523,False
39166,0.026747532188892365,-0.14598065614700317,0.3208810091018677,False
39176,0.026793068274855614,-0.14603275060653687,0.32102397084236145,False
39186,0.022600416094064713,-0.1439172774553299,0.3222190737724304,False
39196,0.022510500624775887,-0.14390507340431213,0.3224093019962311,False
39206,0.022665057331323624,-0.1442943811416626,0.3225843608379364,False
39216,0.02257535792887211,-0.1442948579788208,0.3227517902851105,False
39226,0.02248206175863743,-0.1442941278219223,0.32290446758270264,False
39236,0.023340772837400436,-0.14427444338798523,0.32579469680786133,False
39246,0.023005109280347824,-0.14423176646232605,0.32610830664634705,False
39256,0.022930392995476723,-0.14422094821929932,0.3264351785182953,False
39266,0.0228560958057642,-0.144206240773201,0.3267633318901062,False
39276,0.022208260372281075,-0.14532357454299927,0.3232532739639282,False
39286,0.022114915773272514,-0.14534112811088562,0.32336321473121643,False
39296,0.022036883980035782,-0.1460154801607132,0.32347214221954346,False
39306,0.021960319951176643,-0.14596398174762726,0.3235812187194824,False
39316,0.021931888535618782,-0.1456899791955948,0.32231655716896057,False
39326,0.021931057795882225,-0.1459221988916397,0.32233521342277527,False
39336,0.0217296052724123,-0.14591869711875916,0.32235854864120483,False
39346,0.0217132605612278,-0.14571066200733185,0.3223724067211151,False
39356,0.021629370748996735,-0.1457260698080063,0.32236552238464355,False
39366,0.02095475234091282,-0.14589254558086395,0.32260218262672424,False
39376,0.020853472873568535,-0.14591148495674133,0.32259976863861084,False
39386,0.020754752680659294,-0.14592821896076202,0.32260662317276,False
39396,0.02065865509212017,-0.14594224095344543,0.32262298464775085,False
39406,0.020567700266838074,-0.14595378935337067,0.3216440677642822,False
39416,0.02047693356871605,-0.14596211910247803,0.3216169774532318,False
39426,0.02079271525144577,-0.14646916091442108,0.32158976793289185,False
39436,0.020588815212249756,-0.14649057388305664,0.32156750559806824,False
39446,0.020519936457276344,-0.14651361107826233,0.3206075429916382,False
39456,0.020453251898288727,-0.14653444290161133,0.32056063413619995,False
39466,0.020390575751662254,-0.1465538740158081,0.32053378224372864,False
39476,0.020331773906946182,-0.1465715616941452,0.3205236792564392,False
39486,0.020276712253689766,-0.14658710360527039,0.32052522897720337,False
39496,0.020224999636411667,-0.14659634232521057,0.3230672776699066,False
39506,0.021236086264252663,-0.14850327372550964,0.3232344090938568,False
39516,0.021284304559230804,-0.14873874187469482,0.3234236240386963,False
39526,0.021192066371440887,-0.14883340895175934,0.32361602783203125,False
39536,0.021201996132731438,-0.14891856908798218,0.3238082826137543,False
39546,0.02122073993086815,-0.14899994432926178,0.3247520923614502,False
39556,0.020533600822091103,-0.14859236776828766,0.3249971568584442,False
39566,0.02062009833753109,-0.14862556755542755,0.32523247599601746,False
39576,0.020630212500691414,-0.14868244528770447,0.3254551589488983,False
39586,0.02025330252945423,-0.14883601665496826,0.3250494599342346,False
39596,0.020255420356988907,-0.14889344573020935,0.32522404193878174,False
39606,0.02044801041483879,-0.1485634297132492,0.3253897428512573,False
39616,0.020462505519390106,-0.148598775267601,0.32554104924201965,False
39626,0.020486770197749138,-0.14862585067749023,0.32729557156562805,False
39636,0.020504344254732132,-0.14865203201770782,0.3275272846221924,False
39646,0.02137846127152443,-0.14910587668418884,0.32774654030799866,False
39656,0.02143595553934574,-0.1491396278142929,0.3279518187046051,False
39666,0.02123979665338993,-0.14935120940208435,0.3281433880329132,False
39676,0.021321693435311317,-0.14936451613903046,0.3337547779083252,False
39686,0.021049749106168747,-0.1496538370847702,0.33419790863990784,False
39696,0.021064700558781624,-0.14956967532634735,0.3346306383609772,False
39706,0.021113013848662376,-0.14959706366062164,0.33505377173423767,False
39716,0.021152721717953682,-0.1496308445930481,0.33330121636390686,False
39726,0.020715881139039993,-0.14873267710208893,0.33355793356895447,False
39736,0.020752359181642532,-0.14871707558631897,0.3337780833244324,False
39746,0.02079099975526333,-0.14869952201843262,0.3339635729789734,False
39756,0.020826786756515503,-0.14868254959583282,0.3333226144313812,False
39766,0.020868046209216118,-0.14866051077842712,0.33343714475631714,False
39776,0.021301401779055595,-0.14948245882987976,0.33352380990982056,False
39786,0.021274544298648834,-0.1493987888097763,0.33357885479927063,False
39796,0.021289819851517677,-0.14923851191997528,0.33151745796203613,False
39806,0.021304259076714516,-0.1493835598230362,0.33138781785964966,False
39816,0.021355684846639633,-0.14938996732234955,0.33123257756233215,False
39826,0.021521765738725662,-0.1496230959892273,0.3310324549674988,False
39836,0.02157607115805149,-0.14963839948177338,0.3308261036872864,False
39846,0.0216203760355711,-0.14965859055519104,0.328324556350708,False
39856,0.02149275317788124,-0.14973658323287964,0.3279578983783722,False
39866,0.021538203582167625,-0.14974531531333923,0.3275887668132782,False
39876,0.021583374589681625,-0.14974850416183472,0.327213317155838,False
39886,0.021629108116030693,-0.14974448084831238,0.32713577151298523,False
39896,0.021396173164248466,-0.1509058177471161,0.3267809748649597,False
39906,0.02137332782149315,-0.150665745139122,0.3264344334602356,False
39916,0.02140256017446518,-0.15068210661411285,0.3260858952999115,False
39926,0.021432848647236824,-0.15069155395030975,0.32662442326545715,False
39936,0.021459858864545822,-0.15070214867591858,0.32633891701698303,False
39946,0.021485649049282074,-0.15071088075637817,0.32605934143066406,False
39956,0.021510489284992218,-0.15071779489517212,0.3257954716682434,False
39966,0.021054020151495934,-0.14798913896083832,0.3215445578098297,False
39976,0.02105598710477352,-0.14789173007011414,0.3192850351333618,False
39986,0.020861903205513954,-0.14793986082077026,0.3187580704689026,False
39996,0.0208580419421196,-0.14783066511154175,0.31823423504829407,False
40006,0.02085300348699093,-0.14771521091461182,0.31771597266197205,False
40016,0.020416485145688057,-0.1477900743484497,0.31713271141052246,False
40026,0.02056374028325081,-0.14775201678276062,0.31661564111709595,False
40036,0.0205407552421093,-0.14762838184833527,0.3161203861236572,False
40046,0.020514147356152534,-0.14749915897846222,0.31566122174263,False
40056,0.020598286762833595,-0.1476401686668396,0.3152496814727783,False
40066,0.020566944032907486,-0.1474945843219757,0.31772932410240173,False
40076,0.02078980766236782,-0.14722096920013428,0.31756362318992615,False
40086,0.020739737898111343,-0.14698703587055206,0.3174437880516052,False
40096,0.020714502781629562,-0.14683949947357178,0.31738319993019104,False
40106,0.02037920244038105,-0.14717476069927216,0.31761860847473145,False
40116,0.020334530621767044,-0.1470213383436203,0.31768569350242615,False
40126,0.020071636885404587,-0.14686347544193268,0.31781381368637085,False
40136,0.02004198729991913,-0.1467256397008896,0.3180033564567566,False
40146,0.020020222291350365,-0.14634719491004944,0.3196755647659302,False
40156,0.019978830590844154,-0.14621010422706604,0.3200564384460449,False
40166,0.02031647227704525,-0.14543746411800385,0.32045263051986694,False
40176,0.02029077336192131,-0.14528679847717285,0.3208467364311218,False
40186,0.01941491849720478,-0.14505447447299957,0.32125234603881836,False
40196,0.019531384110450745,-0.14520873129367828,0.32076844573020935,False
40206,0.01925174705684185,-0.1451677531003952,0.32111066579818726,False
40216,0.019190624356269836,-0.14504924416542053,0.32144612073898315,False
40226,0.01973688043653965,-0.14488735795021057,0.32178428769111633,False
40236,0.019654283300042152,-0.14483530819416046,0.3252248764038086,False
40246,0.01942758448421955,-0.1447722464799881,0.32572057843208313,False
40256,0.019380904734134674,-0.14467893540859222,0.32620957493782043,False
40266,0.019232571125030518,-0.14439082145690918,0.3266812562942505,False
40276,0.01919497363269329,-0.14430837333202362,0.3213768005371094,False
40286,0.019154159352183342,-0.14422671496868134,0.321501225233078,False
40316,0.018641624599695206,-0.1443188637495041,0.3222162127494812,False
40336,0.018569914624094963,-0.1442265808582306,0.322325736284256,False
40366,0.01828540861606598,-0.14415381848812103,0.32457277178764343,False
40386,0.01824689842760563,-0.14411233365535736,0.3247091472148895,False
40416,0.01646885648369789,-0.14530755579471588,0.32665368914604187,False
40436,0.01614760048687458,-0.1457885354757309,0.3269294202327728,False
40456,0.015565495006740093,-0.14592953026294708,0.32415008544921875,False
40486,0.01568595878779888,-0.1451968252658844,0.3237525224685669,False
40516,0.01581384986639023,-0.14542418718338013,0.32051315903663635,False
40536,0.01503346674144268,-0.14620301127433777,0.3199082314968109,False
40556,0.015365674160420895,-0.14604215323925018,0.31700611114501953,False
40586,0.014403424225747585,-0.14614735543727875,0.31875237822532654,False
40596,0.014294059947133064,-0.14579716324806213,0.3185535967350006,False
40606,0.01425901148468256,-0.14593563973903656,0.31838759779930115,False
40616,0.014813481830060482,-0.1453896462917328,0.31824299693107605,False
40626,0.014660940505564213,-0.14521516859531403,0.3176681101322174,False
40636,0.01445379015058279,-0.14541012048721313,0.3175193965435028,False
40646,0.014587596990168095,-0.1447279453277588,0.3173949718475342,False
40656,0.014474109746515751,-0.14590568840503693,0.3173135221004486,False
40666,0.014389614574611187,-0.14530222117900848,0.31724733114242554,False
40676,0.014563617296516895,-0.1448959857225418,0.3206343352794647,False
40686,0.014736475422978401,-0.14448481798171997,0.3208233714103699,False
40696,0.015066206455230713,-0.1444063037633896,0.3210445046424866,False
40706,0.015069518238306046,-0.14407020807266235,0.3212885856628418,False
40716,0.015072898007929325,-0.1436852663755417,0.32085365056991577,False
40726,0.013139531947672367,-0.14628277719020844,0.32111912965774536,False
40736,0.013328508473932743,-0.1453741490840912,0.3213704526424408,False
40746,0.013116629794239998,-0.14468884468078613,0.32163912057876587,False
40756,0.013273483142256737,-0.14419449865818024,0.32343217730522156,False
40766,0.012959594838321209,-0.1428310126066208,0.32376888394355774,False
40776,0.012918675318360329,-0.14216920733451843,0.3241066336631775,False
40786,0.012942158617079258,-0.14129900932312012,0.32442763447761536,False
40796,0.01298279408365488,-0.1404268741607666,0.32501858472824097,False
40806,0.013176516629755497,-0.13915500044822693,0.3253245949745178,False
40816,0.013137152418494225,-0.13825538754463196,0.32563191652297974,False
40826,0.013773646205663681,-0.1390245109796524,0.32595255970954895,False
40836,0.013853567652404308,-0.1369684487581253,0.32623088359832764,False
40846,0.013834658078849316,-0.13593871891498566,0.32618868350982666,False
40856,0.013552438467741013,-0.13517427444458008,0.32638484239578247,False
40866,0.013486703857779503,-0.13344761729240417,0.32655632495880127,False
40876,0.013521897606551647,-0.13206247985363007,0.3267276883125305,False
40886,0.013376516290009022,-0.13101409375667572,0.3244642913341522,False
40896,0.013318772427737713,-0.1301725059747696,0.32448622584342957,False
40906,0.01321636326611042,-0.12754042446613312,0.3244868814945221,False
40916,0.013240514323115349,-0.12634412944316864,0.32448798418045044,False
40926,0.01376349851489067,-0.12439189106225967,0.320555716753006,False
40936,0.013763059861958027,-0.12229059636592865,0.31853482127189636,False
40946,0.01366397738456726,-0.12104308605194092,0.3181944787502289,False
40956,0.013463456183671951,-0.11989162117242813,0.31784841418266296,False
40966,0.013207963667809963,-0.11860024929046631,0.31749099493026733,False
40976,0.013459883630275726,-0.1158561035990715,0.32038915157318115,False
40986,0.013096870854496956,-0.1139354333281517,0.3202284872531891,False
40996,0.012704025022685528,-0.11193255335092545,0.320060670375824,False
41006,0.013159861788153648,-0.10945618152618408,0.31988757848739624,False
41016,0.013174899853765965,-0.10808056592941284,0.3197327256202698,False
41026,0.01327451877295971,-0.10638667643070221,0.31810250878334045,False
41036,0.013310756534337997,-0.1052815243601799,0.3178960680961609,False
41046,0.013410288840532303,-0.10183824598789215,0.31768885254859924,False
41056,0.014079793356359005,-0.09968031942844391,0.31750866770744324,False
41066,0.014073459431529045,-0.09782913327217102,0.31940171122550964,False
41076,0.014134365133941174,-0.09420816600322723,0.3193662166595459,False
41086,0.015254650264978409,-0.09287671744823456,0.3193506896495819,False
41096,0.015095409005880356,-0.09020140022039413,0.319306343793869,False
41106,0.014972218312323093,-0.0875982716679573,0.31794407963752747,False
41116,0.014959652908146381,-0.08547215163707733,0.3178215026855469,False
41126,0.014876596629619598,-0.08410380780696869,0.31771188974380493,False
41136,0.01481234934180975,-0.08150149136781693,0.31760847568511963,False
41146,0.015357207506895065,-0.07841271162033081,0.317526638507843,False
41156,0.015903320163488388,-0.07669220119714737,0.3172498047351837,False
41166,0.016018448397517204,-0.07429174333810806,0.3171924650669098,False
41176,0.01611967571079731,-0.07047320902347565,0.31712663173675537,False
41186,0.01617981493473053,-0.06857598572969437,0.3170938193798065,False
41196,0.016145162284374237,-0.06790933758020401,0.3166276216506958,False
41206,0.01609310694038868,-0.06591278314590454,0.31656143069267273,False
41216,0.01602242887020111,-0.061828549951314926,0.31648868322372437,False
41226,0.015922077000141144,-0.0598597377538681,0.31645140051841736,False
41236,0.015811923891305923,-0.05851185694336891,0.3201185166835785,False
41246,0.01635713130235672,-0.054562944918870926,0.3202997148036957,False
41256,0.01613209955394268,-0.052798762917518616,0.3205066919326782,False
41266,0.016103867441415787,-0.05099651217460632,0.3207034468650818,False
41276,0.016260527074337006,-0.04908805713057518,0.320634126663208,False
41286,0.016511978581547737,-0.044896870851516724,0.32082074880599976,False
41296,0.016648974269628525,-0.043465498834848404,0.32103028893470764,False
41306,0.016976825892925262,-0.041982416063547134,0.32123205065727234,False
41316,0.01646064966917038,-0.038380809128284454,0.3208524286746979,False
41326,0.015981163829565048,-0.0362572968006134,0.3209911286830902,False
41336,0.016850177198648453,-0.03504055738449097,0.32114607095718384,False
41346,0.016925180330872536,-0.03326671943068504,0.32129326462745667,False
41356,0.017235463485121727,-0.029385803267359734,0.3214135468006134,False
41366,0.018448524177074432,-0.02738846465945244,0.3265872597694397,False
41376,0.016975393518805504,-0.026328083127737045,0.3269912302494049,False
41386,0.017337020486593246,-0.02268582209944725,0.3273724913597107,False
41396,0.016129449009895325,-0.021028859540820122,0.3277513086795807,False
41406,0.01606413722038269,-0.018443943932652473,0.3301127254962921,False
41416,0.015109528787434101,-0.01798635721206665,0.33055296540260315,False
41426,0.017336085438728333,-0.014083166606724262,0.3309493362903595,False
41436,0.016445238143205643,-0.01189973670989275,0.33131635189056396,False
41446,0.016912663355469704,-0.011026876047253609,0.32579174637794495,False
41456,0.018162105232477188,-0.0077694859355688095,0.3257960379123688,False
41466,0.018534375354647636,-0.006336296908557415,0.3257753252983093,False
41476,0.017811961472034454,-0.00532018905505538,0.3257012367248535,False
41486,0.01891113631427288,-0.0043740468099713326,0.32559823989868164,False
41496,0.01684330217540264,-0.0017994387308135629,0.32313260436058044,False
41506,0.0163203664124012,-0.0008646434871479869,0.32284459471702576,False
41516,0.01625620201230049,0.0007279420970007777,0.32254159450531006,False
41526,0.015150115825235844,0.0020913647022098303,0.32222720980644226,False
41536,0.014407851733267307,0.0033717891201376915,0.3233823776245117,False
41546,0.013667544350028038,0.004615542013198137,0.32312527298927307,False
41556,0.013031553477048874,0.00599820027127862,0.32286152243614197,False
41566,0.012747698463499546,0.006149777211248875,0.32260218262672424,False
41576,0.012320626527071,0.007024613209068775,0.3239745497703552,False
41586,0.011533420532941818,0.008176705799996853,0.3238234221935272,False
41596,0.011570630595088005,0.008568307384848595,0.3236953914165497,False
41606,0.010685027576982975,0.009573551826179028,0.3235727846622467,False
41616,0.01276676170527935,0.009718291461467743,0.3234696388244629,False
41626,0.010915831662714481,0.010486090555787086,0.3205942213535309,False
41636,0.009038967080414295,0.011236750520765781,0.320321261882782,False
41646,0.008773214183747768,0.012105653062462807,0.3200587034225464,False
41656,0.007121254689991474,0.011443816125392914,0.3197963833808899,False
41666,0.005135360173881054,0.01245845202356577,0.31962573528289795,False
41676,0.004563377238810062,0.01258765533566475,0.31939804553985596,False
41686,0.0026449591387063265,0.012808984145522118,0.31917697191238403,False
41696,0.0011889557354152203,0.013469988480210304,0.31895798444747925,False
41706,-7.011694833636284e-07,0.01266488153487444,0.3169141113758087,False
41716,-0.0012544473866000772,0.012501941062510014,0.3166237473487854,False
41726,-0.003970013931393623,0.013081233017146587,0.316346138715744,False
41736,-0.005967217963188887,0.012865719385445118,0.3160993158817291,False
41746,-0.006077376194298267,0.013622869737446308,0.3153200149536133,False
41756,-0.009176954627037048,0.014357822015881538,0.31509268283843994,False
41766,-0.009888570755720139,0.01367134228348732,0.3148914575576782,False
41776,-0.012049510143697262,0.012968769297003746,0.3146946132183075,False
41786,-0.01521389652043581,0.013031788170337677,0.31571164727211,False
41796,-0.015054716728627682,0.01252846047282219,0.3156389892101288,False
41806,-0.01916617900133133,0.0120784817263484,0.31556543707847595,False
41816,-0.019968487322330475,0.013115490786731243,0.31554973125457764,False
41826,-0.020731251686811447,0.013060265220701694,0.3155699372291565,False
41836,-0.02514730393886566,0.010308689437806606,0.3180633783340454,False
41846,-0.02724282070994377,0.010138212703168392,0.31826427578926086,False
41856,-0.028600241988897324,0.009036353789269924,0.31849297881126404,False
41866,-0.029809484258294106,0.00959579087793827,0.31873899698257446,False
41876,-0.03485891968011856,0.010346570052206516,0.3233533203601837,False
41886,-0.03631197288632393,0.008849176578223705,0.3238472640514374,False
41896,-0.037738606333732605,0.008924972265958786,0.3243429958820343,False
41906,-0.04215850308537483,0.008305558934807777,0.32481497526168823,False
41916,-0.04254641383886337,0.007399559486657381,0.326755166053772,False
41926,-0.04589160159230232,0.006469294428825378,0.3273071348667145,False
41936,-0.04670783132314682,0.006896014325320721,0.32788217067718506,False
41946,-0.04982921853661537,0.005605325102806091,0.32843685150146484,False
41956,-0.05136049911379814,0.005691578611731529,0.3289763331413269,False
41966,-0.053498774766922,0.005814715288579464,0.32621991634368896,False
41976,-0.05677368491888046,0.0059068831615149975,0.32649973034858704,False
41986,-0.058683447539806366,0.005318273324519396,0.32675132155418396,False
41996,-0.060782741755247116,0.004783946089446545,0.3269607126712799,False
42006,-0.061971113085746765,0.005184551235288382,0.3247697651386261,False
42016,-0.06690328568220139,0.0036606837529689074,0.32474714517593384,False
42026,-0.06904223561286926,0.0031610876321792603,0.3246903419494629,False
42036,-0.07127740234136581,0.00310914171859622,0.3246062994003296,False
42046,-0.07498239725828171,0.003089853562414646,0.32464516162872314,False
42056,-0.07580608874559402,0.002859398489817977,0.3245437443256378,False
42066,-0.0774640291929245,0.0026870286092162132,0.3244248628616333,False
42076,-0.07882493734359741,0.0027315174229443073,0.3242904543876648,False
42086,-0.08370448648929596,0.002707242965698242,0.3241071403026581,False
42096,-0.08427233248949051,0.002024478279054165,0.3230586647987366,False
42106,-0.08660291135311127,0.0021806645672768354,0.3228307068347931,False
42116,-0.08902878314256668,0.002413195790722966,0.3226105272769928,False
42126,-0.0907888114452362,0.0018298524664714932,0.322397381067276,False
42136,-0.09188226610422134,0.0020712262485176325,0.32039424777030945,False
42146,-0.0920361876487732,0.0022202369291335344,0.3200695216655731,False
42156,-0.097416952252388,0.0012526962673291564,0.3197292387485504,False
42166,-0.09976057708263397,0.00135881791356951,0.3193676173686981,False
42176,-0.09969359636306763,0.0011807411210611463,0.31835508346557617,False
42186,-0.10536551475524902,0.0010988672729581594,0.31796905398368835,False
42196,-0.10477297008037567,0.0010096519254148006,0.3176077902317047,False
42206,-0.10656169056892395,-0.00027212174609303474,0.3172726333141327,False
42216,-0.10794203728437424,-0.0006023189635016024,0.3193528354167938,False
42226,-0.1103648766875267,-0.0009393984219059348,0.31921809911727905,False
42236,-0.11189667135477066,-0.0001199179096147418,0.31911560893058777,False
42246,-0.11260910332202911,-3.9616388676222414e-05,0.31904178857803345,False
42256,-0.11472906917333603,5.6384349591098726e-05,0.3189992606639862,False
42266,-0.11655518412590027,0.0004416210576891899,0.31378376483917236,False
42276,-0.1155918762087822,0.00013594000483863056,0.3135538399219513,False
42286,-0.1173049807548523,-0.00013904887600801885,0.3133472502231598,False
42296,-0.11905243992805481,-0.0005902965785935521,0.31315186619758606,False
42306,-0.12009983509778976,-0.0010716452961787581,0.31340184807777405,False
42316,-0.12055888026952744,-0.0008331960998475552,0.31326615810394287,False
42326,-0.12243641167879105,-0.0007040650234557688,0.3131628632545471,False
42336,-0.12348799407482147,-0.0007830092217773199,0.31308749318122864,False
42346,-0.12447018921375275,-0.0008514518849551678,0.31308647990226746,False
42356,-0.1253853589296341,-0.0009099143208004534,0.3130345344543457,False
42366,-0.12623557448387146,-0.0009585904772393405,0.3129960000514984,False
42376,-0.13013069331645966,-0.0057076988741755486,0.31298163533210754,False
42386,-0.13061776757240295,-0.006212696898728609,0.314369797706604,False
42396,-0.13072289526462555,-0.004895824007689953,0.31446439027786255,False
42406,-0.1307186335325241,-0.005222583655267954,0.31459322571754456,False
42416,-0.1314462423324585,-0.004970803391188383,0.3147569000720978,False
42426,-0.13199517130851746,-0.005058542359620333,0.31492772698402405,False
42436,-0.13083656132221222,-0.00465619470924139,0.31375443935394287,False
42446,-0.13125981390476227,-0.004730834625661373,0.3138390779495239,False
42456,-0.1316392570734024,-0.004803364165127277,0.31392520666122437,False
42466,-0.13281691074371338,-0.005073766689747572,0.3140106797218323,False
42476,-0.13217242062091827,-0.004485985264182091,0.3155679702758789,False
42486,-0.13242575526237488,-0.004538471344858408,0.3157350718975067,False
42496,-0.1316961646080017,-0.004418928176164627,0.31590500473976135,False
42506,-0.1316734105348587,-0.004168175160884857,0.3160676956176758,False
42516,-0.1323729306459427,-0.003998890053480864,0.3144908845424652,False
42526,-0.1314511001110077,-0.004181163851171732,0.31457430124282837,False
42536,-0.1310451477766037,-0.003783868160098791,0.31464773416519165,False
42546,-0.1316865086555481,-0.003255409887060523,0.3147130012512207,False
42556,-0.13169007003307343,-0.0031479927711188793,0.31476861238479614,False
42566,-0.13167917728424072,-0.003108898177742958,0.31408676505088806,False
42576,-0.13154064118862152,-0.003086704295128584,0.3141114413738251,False
42586,-0.13073322176933289,-0.0029882227536290884,0.3141170144081116,False
42596,-0.13063083589076996,-0.002997973933815956,0.3141055405139923,False
42606,-0.12936531007289886,-0.002945514163002372,0.3085426390171051,False
42616,-0.12885788083076477,-0.0024170968681573868,0.30558663606643677,False
42626,-0.12934038043022156,-0.0018938796129077673,0.30518200993537903,False
42636,-0.12927083671092987,-0.0012944960035383701,0.3047938346862793,False
42646,-0.129313662648201,-0.001271042157895863,0.3043688237667084,False
42656,-0.12910804152488708,-0.0012798793613910675,0.3036095201969147,False
42666,-0.12838266789913177,-0.0012567025842145085,0.30281487107276917,False
42676,-0.127324178814888,-0.0012514101108536124,0.3028145134449005,False
42686,-0.1274012327194214,-0.000623673724476248,0.3020941913127899,False
42696,-0.1271783709526062,-0.0005487652961164713,0.3020622134208679,False
42706,-0.12638962268829346,-0.00042380052036605775,0.3014426529407501,False
42716,-0.12638962268829346,-0.00042380052036605775,0.3014426529407501,False
42726,-0.1258939951658249,-0.0003287805011495948,0.3009145259857178,False
42736,-0.1258939951658249,-0.0003287805011495948,0.3009145259857178,False
42746,-0.1278819739818573,0.001366477576084435,0.30349189043045044,False
42756,-0.12740901112556458,0.001995067112147808,0.3035345673561096,False
42766,-0.12707746028900146,0.0021088148932904005,0.3036045432090759,False
42776,-0.12689204514026642,0.0022233757190406322,0.3037174642086029,False
42786,-0.12668952345848083,0.002344469539821148,0.3047933280467987,False
42796,-0.1277812123298645,0.0021303566172719,0.3050537705421448,False
42806,-0.12764248251914978,0.0022466490045189857,0.3053390085697174,False
42816,-0.12729044258594513,0.0028956150636076927,0.30565449595451355,False
42826,-0.1265527307987213,0.0026388198602944613,0.3089326024055481,False
42836,-0.12669020891189575,0.002952535869553685,0.3094905912876129,False
42846,-0.1263953447341919,0.003388502635061741,0.31006303429603577,False
42856,-0.12627601623535156,0.003517318982630968,0.31063923239707947,False
42866,-0.12627601623535156,0.003517318982630968,0.31063923239707947,False
42876,-0.12619951367378235,0.0036282483488321304,0.30751025676727295,False
42886,-0.1262388825416565,0.0018291161395609379,0.30787113308906555,False
42896,-0.12622274458408356,0.002159274648874998,0.30822160840034485,False
42906,-0.12614624202251434,0.0022304977755993605,0.30856600403785706,False
42916,-0.12502522766590118,0.003363894298672676,0.3100897967815399,False
42926,-0.12524357438087463,0.003619830124080181,0.31046006083488464,False
42936,-0.1251746118068695,0.003709824988618493,0.3107891082763672,False
42946,-0.12511374056339264,0.003796152537688613,0.3110836446285248,False
42956,-0.12507851421833038,0.003888960462063551,0.3161167800426483,False
42966,-0.12503230571746826,0.003970777150243521,0.3166384994983673,False
42976,-0.12499172985553741,0.004051712341606617,0.31715282797813416,False
42986,-0.12495608627796173,0.004132564645260572,0.31765082478523254,False
42996,-0.12841621041297913,0.0017196615226566792,0.3191947340965271,False
43006,-0.12845511734485626,0.001902959542348981,0.3197143077850342,False
43016,-0.1285315304994583,0.0019185125129297376,0.3202074468135834,False
43026,-0.1286136955022812,0.001932937535457313,0.3206780254840851,False
43036,-0.12870143353939056,0.0019455082947388291,0.3211202025413513,False
43046,-0.12795141339302063,0.003264392726123333,0.31974998116493225,False
43056,-0.1281173974275589,0.003385417629033327,0.32001590728759766,False
43066,-0.12833750247955322,0.0034769466146826744,0.3202468156814575,False
43076,-0.1284252107143402,0.00352392322383821,0.3204457461833954,False
43086,-0.12850338220596313,0.0035557171795517206,0.31999868154525757,True
43096,-0.12872447073459625,0.003590053878724575,0.3200981020927429,True
43106,-0.12861131131649017,0.003818508004769683,0.3201640248298645,True
43116,-0.1285819560289383,0.0038450751453638077,0.3201964795589447,True
43126,-0.1287882775068283,0.004068424459546804,0.3193739354610443,True
43136,-0.12879788875579834,0.004322380293160677,0.3192955553531647,True
43146,-0.12838764488697052,0.004399542231112719,0.3192039728164673,True
43156,-0.1286400556564331,0.004539398476481438,0.31910714507102966,True
43166,-0.1289866417646408,0.004476141184568405,0.3159986138343811,True
43176,-0.12896715104579926,0.004656851291656494,0.31572994589805603,True
43186,-0.12888430058956146,0.005091000813990831,0.3154697120189667,True
43196,-0.12900890409946442,0.005201056599617004,0.31520411372184753,True
43206,-0.1290719211101532,0.005279584787786007,0.31492188572883606,True
43216,-0.12919597327709198,0.004982360638678074,0.3157777488231659,True
43226,-0.12899984419345856,0.0051971017383039,0.3155028223991394,True
43236,-0.12876573204994202,0.005272482521831989,0.3152492940425873,True
43246,-0.12857763469219208,0.005472418386489153,0.31501254439353943,True
43256,-0.12828242778778076,0.005554655101150274,0.3112339973449707,True
43266,-0.12744835019111633,0.005944014061242342,0.3108183741569519,True
43276,-0.12691165506839752,0.006570478435605764,0.3104158937931061,True
43286,-0.12628589570522308,0.006329854018986225,0.31003087759017944,True
43296,-0.12602324783802032,0.0063947937451303005,0.30653464794158936,True
43306,-0.12539105117321014,0.0064920466393232346,0.30598631501197815,True
43316,-0.12469618022441864,0.006588415242731571,0.30544108152389526,True
43326,-0.12640966475009918,0.0068313661031425,0.3049451410770416,True
43336,-0.12495042383670807,0.007152341306209564,0.3044218420982361,True
43346,-0.12371185421943665,0.007268825080245733,0.31133368611335754,True
43356,-0.12437637895345688,0.0069108079187572,0.31132012605667114,True
43366,-0.12318334728479385,0.006920704618096352,0.31131669878959656,True
43376,-0.12219201028347015,0.00719365244731307,0.3113618791103363,True
43386,-0.12129990011453629,0.007522534113377333,0.3122465908527374,True
43396,-0.12042951583862305,0.007616186514496803,0.3124050199985504,True
43406,-0.11852427572011948,0.007628213614225388,0.31256264448165894,True
43416,-0.11745182424783707,0.008046496659517288,0.3127754330635071,True
43426,-0.11612118780612946,0.008034833706915379,0.31303295493125916,True
43436,-0.11406521499156952,0.008003155700862408,0.3154873251914978,True
43446,-0.11291081458330154,0.008271461352705956,0.3159070611000061,True
43456,-0.1117432564496994,0.008226128295063972,0.3163436949253082,True
43466,-0.11064168065786362,0.008131260052323341,0.316781610250473,True
43476,-0.10886445641517639,0.008068826049566269,0.3134121298789978,True
43486,-0.1068025678396225,0.008446851745247841,0.3136269450187683,True
43496,-0.10568784922361374,0.008374285884201527,0.3138215243816376,True
43506,-0.1033562570810318,0.008405320346355438,0.3139709532260895,True
43516,-0.10183287411928177,0.008502095937728882,0.3151196539402008,True
43526,-0.10000351071357727,0.008646770380437374,0.3152613043785095,True
43536,-0.09854217618703842,0.008802896365523338,0.31537723541259766,True
43546,-0.09666868299245834,0.008590697310864925,0.31546133756637573,True
43556,-0.09442521631717682,0.00870182178914547,0.3155287504196167,True
43566,-0.09275897592306137,0.008838711306452751,0.31727880239486694,True
43576,-0.0901031419634819,0.008514467626810074,0.3174007833003998,True
43586,-0.08825097978115082,0.008552652783691883,0.31751111149787903,True
43596,-0.08687986433506012,0.008614340797066689,0.31760305166244507,True
43606,-0.08535608649253845,0.008715997450053692,0.3189330995082855,True
43616,-0.08218271285295486,0.008764700032770634,0.31903570890426636,True
43626,-0.08038043975830078,0.008818198926746845,0.3191254138946533,True
43636,-0.07843202352523804,0.008892183192074299,0.31918442249298096,True
43646,-0.07599681615829468,0.00888945534825325,0.31456050276756287,True
43656,-0.07458432018756866,0.008918081410229206,0.3143099248409271,True
43666,-0.07224783301353455,0.009332816116511822,0.31402724981307983,True
43676,-0.07075444608926773,0.00934804230928421,0.3137354850769043,True
43686,-0.06783770769834518,0.009471944533288479,0.3143559694290161,True
43696,-0.06586919724941254,0.009555107913911343,0.3146292269229889,True
43706,-0.06434019654989243,0.009718704968690872,0.3143657147884369,True
43716,-0.06135369464755058,0.009795734658837318,0.314074844121933,True
43726,-0.059288352727890015,0.009880448691546917,0.3137867748737335,True
43736,-0.057210590690374374,0.009941586293280125,0.31350433826446533,True
43746,-0.05633018538355827,0.009999756701290607,0.31101614236831665,True
43756,-0.05322299897670746,0.010001830756664276,0.31060901284217834,True
43766,-0.05118544399738312,0.010056599043309689,0.31023168563842773,True
43776,-0.04964481666684151,0.009953352622687817,0.30987748503685,True
43786,-0.0467216856777668,0.009868324734270573,0.3070840537548065,True
43796,-0.04425510764122009,0.009815122932195663,0.30659395456314087,True
43806,-0.042001862078905106,0.009868518449366093,0.30612626671791077,True
43816,-0.042010024189949036,0.009445302188396454,0.3057114779949188,True
43826,-0.0389678031206131,0.009894434362649918,0.30405887961387634,True
43836,-0.03745312616229057,0.009849296882748604,0.30363231897354126,True
43846,-0.03533538803458214,0.010345015674829483,0.3032365143299103,True
43856,-0.03310906141996384,0.01021039392799139,0.3028757870197296,True
43866,-0.030791286379098892,0.010213359259068966,0.3025440573692322,True
43876,-0.02959832176566124,0.01021542027592659,0.30361735820770264,True
43886,-0.026183659210801125,0.010877407155930996,0.3034050166606903,True
43896,-0.024470634758472443,0.010783606208860874,0.3032325208187103,True
43906,-0.02277359552681446,0.01079735066741705,0.30308958888053894,True
43916,-0.02130921371281147,0.010647395625710487,0.30140256881713867,True
43926,-0.018547633662819862,0.011132391169667244,0.30123370885849,True
43936,-0.017664112150669098,0.01105406228452921,0.3011050820350647,True
43946,-0.01498252060264349,0.010971185751259327,0.3009772300720215,True
43956,-0.011644531972706318,0.011456668376922607,0.30091485381126404,True
43966,-0.010699697770178318,0.011469170451164246,0.300869345664978,True
43976,-0.009221691638231277,0.0114347068592906,0.30087190866470337,True
43986,-0.007656576111912727,0.011488400399684906,0.30091261863708496,True
43996,-0.005696489475667477,0.011480579152703285,0.2979987859725952,True
44006,-0.00392615282908082,0.01159494649618864,0.29791486263275146,True
44016,-0.001551653491333127,0.013098012655973434,0.29785147309303284,True
44026,0.000331634480971843,0.012714519165456295,0.29781240224838257,True
44036,0.0023725382052361965,0.012786977924406528,0.2978038787841797,True
44046,0.004363923333585262,0.01287718303501606,0.29713088274002075,True
44056,0.004061446990817785,0.013933096081018448,0.2971751391887665,True
44066,0.006434841547161341,0.013924339786171913,0.2972303032875061,True
44076,0.00840836577117443,0.0140406908467412,0.2973178029060364,True
44086,0.007228089030832052,0.013839657418429852,0.2984573543071747,True
44096,0.009885350242257118,0.01446661539375782,0.2986370623111725,True
44106,0.010740706697106361,0.015113244764506817,0.2988296449184418,True
44116,0.01368916966021061,0.014957704581320286,0.2990034520626068,True
44126,0.015770386904478073,0.01509721577167511,0.30176740884780884,True
44136,0.015835270285606384,0.014568557031452656,0.30212172865867615,True
44146,0.01707359217107296,0.014512402936816216,0.30249983072280884,True
44156,0.018891334533691406,0.014347588643431664,0.3029091954231262,True
44166,0.021362507715821266,0.015344809740781784,0.303341805934906,True
44176,0.0231489110738039,0.015139296650886536,0.30379563570022583,True
44186,0.024947628378868103,0.015639888122677803,0.304251104593277,True
44196,0.026133716106414795,0.015535016544163227,0.3047204315662384,True
44206,0.02846575900912285,0.01607525534927845,0.3051737844944,True
44216,0.029757559299468994,0.016110459342598915,0.307555228471756,True
44226,0.030732786282896996,0.01613975502550602,0.3080914318561554,True
44236,0.03235044330358505,0.016221605241298676,0.3085889220237732,True
44246,0.03406944125890732,0.016299953684210777,0.3090640902519226,True
44256,0.03588367626070976,0.016342561691999435,0.3101872205734253,True
44266,0.03693809360265732,0.016197077929973602,0.31066885590553284,True
44276,0.039260134100914,0.01599363423883915,0.3111121654510498,True
44286,0.04029088467359543,0.01588020846247673,0.3115274906158447,True
44296,0.04176221042871475,0.01577444188296795,0.3094978630542755,True
44306,0.044712599366903305,0.016971757635474205,0.3096957802772522,True
44316,0.04634429141879082,0.01691766269505024,0.30987676978111267,True
44326,0.04819142073392868,0.017015285789966583,0.31003618240356445,True
44336,0.04666388779878616,0.018340859562158585,0.3102034628391266,True
44346,0.04937691241502762,0.018519887700676918,0.3086144030094147,True
44356,0.049665819853544235,0.01808858849108219,0.3086434006690979,True
44366,0.05127382278442383,0.01886492595076561,0.3086557984352112,True
44376,0.054057348519563675,0.01881510578095913,0.3086544871330261,True
44386,0.05588630959391594,0.01954994909465313,0.3111722767353058,True
44396,0.05692428722977638,0.019443925470113754,0.31127169728279114,True
44406,0.05921085551381111,0.01938781328499317,0.31132635474205017,True
44416,0.06212153658270836,0.019334914162755013,0.31134170293807983,True
44426,0.06405110657215118,0.019443780183792114,0.31273189187049866,True
44436,0.062190696597099304,0.020539015531539917,0.3128072917461395,True
44446,0.06380065530538559,0.021153582260012627,0.312849760055542,True
44456,0.06550193578004837,0.021141473203897476,0.3128872811794281,True
44466,0.06667136400938034,0.021010661497712135,0.31293103098869324,True
44476,0.06842931360006332,0.021474236622452736,0.3125908374786377,True
44486,0.07021301239728928,0.02193363755941391,0.3125820457935333,True
44496,0.07126740366220474,0.02169693447649479,0.312567800283432,True
44506,0.07304588705301285,0.021827545017004013,0.3125477135181427,True
44516,0.07611750811338425,0.02107979543507099,0.31385770440101624,True
44526,0.07717020064592361,0.02175821177661419,0.3139035701751709,True
44536,0.07879132032394409,0.022445587441325188,0.3139410614967346,True
44546,0.08039950579404831,0.022548817098140717,0.31397274136543274,True
44556,0.08184018731117249,0.022758375853300095,0.31359705328941345,True
44566,0.08273725211620331,0.022243650630116463,0.31359440088272095,True
44576,0.08475804328918457,0.0221922155469656,0.31358546018600464,True
44586,0.0875689759850502,0.022799640893936157,0.31356897950172424,True
44596,0.08945924788713455,0.022901924327015877,0.31410250067710876,True
44606,0.08713799715042114,0.022289510816335678,0.31414273381233215,True
44616,0.09123532474040985,0.021883154287934303,0.3141299784183502,True
44626,0.09182693064212799,0.022495202720165253,0.31413814425468445,True
44636,0.09252340346574783,0.02250591665506363,0.31415578722953796,True
44646,0.0925990641117096,0.021839138120412827,0.3133297264575958,True
44656,0.09524998068809509,0.02274336665868759,0.31331127882003784,True
44666,0.09791956841945648,0.022702286019921303,0.3132977783679962,True
44676,0.09689851105213165,0.02220042794942856,0.3133104145526886,True
44686,0.10212063044309616,0.02460481971502304,0.31150540709495544,True
44696,0.10367219150066376,0.023644855245947838,0.3114011585712433,True
44706,0.10433504730463028,0.023419169709086418,0.3112759590148926,True
44716,0.10548686981201172,0.024435926228761673,0.3111360967159271,True
44726,0.10884106904268265,0.024390973150730133,0.3086952567100525,True
44736,0.11042943596839905,0.024202683940529823,0.30841684341430664,True
44746,0.10882269591093063,0.025636665523052216,0.30815908312797546,True
44756,0.11010197550058365,0.024960298091173172,0.30789047479629517,True
44766,0.11203794926404953,0.02459659054875374,0.31058675050735474,True
44776,0.11343339085578918,0.02417846955358982,0.31193459033966064,True
44786,0.11278320848941803,0.022385725751519203,0.31195342540740967,True
44796,0.11401261389255524,0.022292539477348328,0.31199145317077637,True
44806,0.11527867615222931,0.021398508921265602,0.3120282292366028,True
44816,0.11649508029222488,0.02157372049987316,0.30944475531578064,True
44826,0.11653720587491989,0.019940681755542755,0.3093205392360687,True
44836,0.1178266629576683,0.019811365753412247,0.3092154562473297,True
44846,0.11878465116024017,0.019017959013581276,0.309113472700119,True
44856,0.11741456389427185,0.01994124986231327,0.3090420961380005,True
44866,0.1184304729104042,0.019180551171302795,0.30713948607444763,True
44876,0.1195087805390358,0.018327699974179268,0.3069513440132141,True
44886,0.12002285569906235,0.017423950135707855,0.30674469470977783,True
44896,0.12127171456813812,0.01574150286614895,0.3065255582332611,True
44906,0.121780164539814,0.015311015769839287,0.3046986162662506,True
44916,0.12234923243522644,0.014022414572536945,0.30441880226135254,True
44926,0.12279428541660309,0.012620760127902031,0.30414879322052,True
44936,0.1232190653681755,0.01066036056727171,0.3038700222969055,True
44946,0.122958704829216,0.010253047570586205,0.3008055090904236,True
44956,0.1226087361574173,0.009752603247761726,0.3004336953163147,True
44966,0.12301081418991089,0.0074317120015621185,0.300067275762558,True
44976,0.12414021790027618,0.006561242509633303,0.29971736669540405,True
44986,0.12326306104660034,0.00428698118776083,0.30165451765060425,True
44996,0.12379907071590424,0.0034503680653870106,0.3014216721057892,True
45006,0.1235741376876831,6.481749005615711e-05,0.301221638917923,True
45016,0.12406036257743835,-0.0005705003859475255,0.30108192563056946,True
45026,0.12315577268600464,-0.0020458840299397707,0.30096012353897095,True
45036,0.12385351955890656,-0.0051228636875748634,0.3015078008174896,True
45046,0.12309689819812775,-0.006240264046937227,0.30145785212516785,True
45056,0.12309879064559937,-0.008685852400958538,0.30141568183898926,True
45066,0.12156739830970764,-0.010818369686603546,0.3013998866081238,True
45076,0.12145572155714035,-0.011840207502245903,0.30195632576942444,True
45086,0.1212460845708847,-0.012963920831680298,0.3020351827144623,True
45096,0.12181878089904785,-0.014534750953316689,0.3021293580532074,True
45106,0.12087919563055038,-0.019018465653061867,0.3022163212299347,True
45116,0.12081574648618698,-0.019807200878858566,0.30175796151161194,True
45126,0.11929735541343689,-0.02210441417992115,0.30185654759407043,True
45136,0.11844264715909958,-0.025730885565280914,0.30194416642189026,True
45146,0.11969079077243805,-0.026553720235824585,0.30207064747810364,True
45156,0.11941374838352203,-0.02812049724161625,0.3032558858394623,True
45166,0.11994847655296326,-0.02903846465051174,0.3034532964229584,True
45176,0.11819811165332794,-0.0343046598136425,0.3036206364631653,True
45186,0.11728332936763763,-0.03535589575767517,0.30382493138313293,True
45196,0.11762838810682297,-0.03636424243450165,0.30403971672058105,True
45206,0.1172407791018486,-0.03978649526834488,0.30581602454185486,True
45216,0.11620872467756271,-0.04169629141688347,0.306107759475708,True
45226,0.11670035123825073,-0.042036671191453934,0.30641093850135803,True
45236,0.11559751629829407,-0.04397100210189819,0.3066939115524292,True
45246,0.11532387137413025,-0.04699384421110153,0.30335143208503723,True
45256,0.11486463993787766,-0.04871568828821182,0.30179277062416077,True
45266,0.11451315879821777,-0.05046758055686951,0.30175527930259705,True
45276,0.11448022723197937,-0.05303282290697098,0.3016984760761261,True
45286,0.11400718241930008,-0.054099712520837784,0.30164024233818054,True
45296,0.11346233636140823,-0.055412303656339645,0.30374518036842346,True
45306,0.1136568933725357,-0.056511491537094116,0.30376237630844116,True
45316,0.11235125362873077,-0.06068140268325806,0.3037400543689728,True
45326,0.11271833628416061,-0.061173226684331894,0.3037318289279938,True
45336,0.11072607338428497,-0.06298740208148956,0.3009936213493347,True
45346,0.11021245270967484,-0.06600558757781982,0.30080515146255493,True
45356,0.11045602709054947,-0.06749900430440903,0.30061808228492737,True
45366,0.11059007048606873,-0.06814627349376678,0.300427109003067,True
45376,0.11064130067825317,-0.06975467503070831,0.3002132773399353,True
45386,0.10915102064609528,-0.07298579066991806,0.30141785740852356,True
45396,0.10839960724115372,-0.07464001327753067,0.3012953996658325,True
45406,0.10854802280664444,-0.07625164091587067,0.30119284987449646,True
45416,0.1085686981678009,-0.07869260013103485,0.301098108291626,True
45426,0.10792475938796997,-0.08024284243583679,0.30135494470596313,True
45436,0.10811424255371094,-0.08095090836286545,0.30130937695503235,True
45446,0.10821594297885895,-0.08243090659379959,0.3012818396091461,True
45456,0.1069374680519104,-0.08468213677406311,0.3012627959251404,True
45466,0.10695454478263855,-0.08688557147979736,0.3003688454627991,True
45476,0.10696032643318176,-0.08839865028858185,0.3003441393375397,True
45486,0.10660754144191742,-0.08996227383613586,0.30035462975502014,True
45496,0.10641760379076004,-0.09159442782402039,0.3003969192504883,True
45506,0.10622037947177887,-0.09320594370365143,0.300470232963562,True
45516,0.10605568438768387,-0.09510573744773865,0.29958388209342957,True
45526,0.10633924603462219,-0.09582878649234772,0.29966431856155396,True
45536,0.106150321662426,-0.09683284163475037,0.2997428774833679,True
45546,0.10610775649547577,-0.09840719401836395,0.29983338713645935,True
45556,0.10597419738769531,-0.10051728039979935,0.30548295378685,True
45566,0.10591401904821396,-0.1021415963768959,0.30591025948524475,True
45576,0.10562857985496521,-0.10400223731994629,0.3063465654850006,True
45586,0.10554546117782593,-0.10589005053043365,0.30680012702941895,True
45596,0.10423869639635086,-0.1052704006433487,0.3063856363296509,True
45606,0.10564995557069778,-0.10712376981973648,0.3068218231201172,True
45616,0.10495257377624512,-0.10833040624856949,0.3072618842124939,True
45626,0.10486806929111481,-0.11076631397008896,0.3076850473880768,True
45636,0.10467454791069031,-0.11180910468101501,0.30812838673591614,True
45646,0.10458631068468094,-0.11242938041687012,0.30486688017845154,True
45656,0.1050444021821022,-0.11469108611345291,0.30508291721343994,True
45666,0.10494153201580048,-0.11560285091400146,0.30528581142425537,True
45676,0.10485745966434479,-0.11725024878978729,0.3054617941379547,True
45686,0.1047462448477745,-0.11844079196453094,0.3090181350708008,True
45696,0.10468756407499313,-0.12020175158977509,0.30931487679481506,True
45706,0.10451645404100418,-0.12213587760925293,0.30958420038223267,True
45716,0.10447581857442856,-0.1231919601559639,0.30983594059944153,True
45726,0.1043977364897728,-0.1243305578827858,0.3104359805583954,True
45736,0.1043580174446106,-0.12532643973827362,0.31083452701568604,True
45746,0.10441744327545166,-0.127670019865036,0.31105393171310425,True
45756,0.10581222176551819,-0.12840388715267181,0.3112711012363434,True
45766,0.10578582435846329,-0.1305822730064392,0.31145721673965454,True
45776,0.10505328327417374,-0.13194768130779266,0.3117554485797882,True
45786,0.10566602647304535,-0.132581889629364,0.3119446933269501,True
45796,0.10555370151996613,-0.13542576134204865,0.312112957239151,True
45806,0.1054157018661499,-0.13625317811965942,0.3122759759426117,True
45816,0.10528558492660522,-0.13726367056369781,0.31242287158966064,True
45826,0.10508772730827332,-0.13848064839839935,0.31498634815216064,True
45836,0.10638943314552307,-0.14038275182247162,0.3152155876159668,True
45846,0.10627581924200058,-0.1415957808494568,0.3154323399066925,True
45856,0.10618502646684647,-0.1429021656513214,0.3156241476535797,True
45866,0.10611452162265778,-0.14491693675518036,0.3178054690361023,True
45876,0.10606162995100021,-0.14672288298606873,0.31803882122039795,True
45886,0.10597081482410431,-0.14845073223114014,0.3182481825351715,True
45896,0.10609880089759827,-0.15003585815429688,0.3184402585029602,True
45906,0.10609101504087448,-0.15217426419258118,0.3168109357357025,True
45916,0.10616569221019745,-0.15323254466056824,0.31687965989112854,True
45926,0.10639882832765579,-0.1546958088874817,0.31692326068878174,True
45936,0.10621045529842377,-0.15696659684181213,0.31693145632743835,True
45946,0.10607267171144485,-0.15830187499523163,0.3150421679019928,True
45956,0.1065986379981041,-0.159249410033226,0.3148960769176483,True
45966,0.10652497410774231,-0.1615115851163864,0.314721018075943,True
45976,0.10636062175035477,-0.1639096587896347,0.31452086567878723,True
45986,0.10707579553127289,-0.16479337215423584,0.31432023644447327,True
45996,0.10705223679542542,-0.16616222262382507,0.30768564343452454,True
46006,0.10719342529773712,-0.16786354780197144,0.30709925293922424,True
46016,0.1072651594877243,-0.16948571801185608,0.306493878364563,True
46026,0.10736766457557678,-0.17017440497875214,0.30589649081230164,True
46036,0.10665477812290192,-0.17227017879486084,0.3057183027267456,True
46046,0.10662998259067535,-0.1753419190645218,0.3050753176212311,True
46056,0.10662371665239334,-0.17665041983127594,0.3045100271701813,True
46066,0.10737410187721252,-0.17808128893375397,0.30397459864616394,True
46076,0.10643870383501053,-0.1797916144132614,0.3076404333114624,True
46086,0.1064768061041832,-0.1821022629737854,0.3073745667934418,True
46096,0.10733481496572495,-0.1838112324476242,0.3071341812610626,True
46106,0.10732526332139969,-0.18464447557926178,0.3069339096546173,True
46116,0.10698653757572174,-0.1866222321987152,0.30530408024787903,True
46126,0.10585745424032211,-0.18695613741874695,0.305090069770813,True
46136,0.1062469407916069,-0.18732872605323792,0.3049009442329407,True
46146,0.10731392353773117,-0.19158822298049927,0.3047057092189789,True
46156,0.1064169779419899,-0.19153544306755066,0.30455654859542847,True
46166,0.10541796684265137,-0.19317027926445007,0.30456626415252686,True
46176,0.10635773837566376,-0.19368621706962585,0.3044922649860382,True
46186,0.1078488752245903,-0.19715458154678345,0.3044436275959015,True
46196,0.10681649297475815,-0.19890038669109344,0.30442097783088684,True
46206,0.10595260560512543,-0.1998307853937149,0.3040441572666168,True
46216,0.10644569247961044,-0.20268358290195465,0.3038569688796997,True
46226,0.10648763924837112,-0.20416757464408875,0.3038696050643921,True
46236,0.10645779967308044,-0.2055635154247284,0.3038862645626068,True
46246,0.10462205857038498,-0.20663891732692719,0.30391445755958557,True
46256,0.10499711334705353,-0.20904622972011566,0.3044462502002716,True
46266,0.1043635830283165,-0.20880430936813354,0.3045044541358948,True
46276,0.10347206890583038,-0.20924313366413116,0.30455490946769714,True
46286,0.10258310288190842,-0.2112155705690384,0.3046095371246338,True
46296,0.10254839062690735,-0.21288380026817322,0.3046770691871643,True
46306,0.10182031989097595,-0.21302145719528198,0.30722618103027344,True
46316,0.10138455033302307,-0.21598505973815918,0.30743253231048584,True
46326,0.10062247514724731,-0.21669365465641022,0.3076310455799103,True
46336,0.1000891849398613,-0.2170853316783905,0.3078309893608093,True
46346,0.10005175322294235,-0.21738079190254211,0.30731141567230225,True
46356,0.09756400436162949,-0.2192281186580658,0.30744755268096924,True
46366,0.09666327387094498,-0.21937522292137146,0.3075887858867645,True
46376,0.09638599306344986,-0.22010092437267303,0.30773842334747314,True
46386,0.0937725231051445,-0.22003887593746185,0.30801922082901,True
46396,0.09319502860307693,-0.22002509236335754,0.3081638514995575,True
46406,0.09249982237815857,-0.22077879309654236,0.30831754207611084,True
46416,0.0917363092303276,-0.221015065908432,0.3084753751754761,True
46426,0.08967825770378113,-0.22144410014152527,0.3084588050842285,True
46436,0.08682659268379211,-0.2222120463848114,0.30859920382499695,True
46446,0.08535119146108627,-0.22272494435310364,0.30875444412231445,True
46456,0.08808941394090652,-0.2220664918422699,0.3089487552642822,True
46466,0.08509443700313568,-0.22277803719043732,0.3091042935848236,True
46476,0.0851706936955452,-0.22326433658599854,0.30699267983436584,True
46486,0.08283497393131256,-0.22372867166996002,0.3070126175880432,True
46496,0.07986347377300262,-0.22400173544883728,0.3070172667503357,True
46506,0.0797385424375534,-0.2233729511499405,0.30703186988830566,True
46516,0.07735622674226761,-0.22356003522872925,0.30761370062828064,True
46526,0.07501859217882156,-0.22387313842773438,0.3076167106628418,True
46536,0.07340209931135178,-0.22428850829601288,0.30760037899017334,True
46546,0.07257387787103653,-0.22333598136901855,0.3075782358646393,True
46556,0.0715012177824974,-0.22385938465595245,0.3084045648574829,True
46566,0.06738980859518051,-0.22455915808677673,0.30842357873916626,True
46576,0.06556776165962219,-0.22438447177410126,0.3084530830383301,True
46586,0.0644025057554245,-0.22428476810455322,0.3084891438484192,True
46596,0.06041432544589043,-0.22505195438861847,0.3085053265094757,True
46606,0.05825682356953621,-0.223961740732193,0.3139297664165497,True
46616,0.05810001119971275,-0.22320756316184998,0.314271479845047,True
46626,0.05561200529336929,-0.22368167340755463,0.31460142135620117,True
46636,0.051625221967697144,-0.22417785227298737,0.314918577671051,True
46646,0.050468623638153076,-0.22453230619430542,0.3176285922527313,True
46656,0.0486588254570961,-0.2241375744342804,0.3180774748325348,True
46666,0.04541680961847305,-0.22385013103485107,0.318503201007843,True
46676,0.04444774612784386,-0.22283191978931427,0.31892767548561096,True
46686,0.04343995824456215,-0.22338655591011047,0.3193374574184418,True
46696,0.041303832083940506,-0.22235344350337982,0.3169800937175751,True
46706,0.03779364004731178,-0.22183671593666077,0.31717708706855774,True
46716,0.03690687194466591,-0.2213769108057022,0.3173525333404541,True
46726,0.03492932766675949,-0.22170504927635193,0.31749558448791504,True
46736,0.030783232301473618,-0.2212943285703659,0.31759774684906006,True
46746,0.030003489926457405,-0.22154675424098969,0.3205850422382355,True
46756,0.028884517028927803,-0.22199343144893646,0.3207843005657196,True
46766,0.02767033502459526,-0.2209518700838089,0.3209414482116699,True
46776,0.0248454250395298,-0.2198142409324646,0.3210526406764984,True
46786,0.0240502767264843,-0.2200511246919632,0.32112449407577515,True
46796,0.021704044193029404,-0.219643697142601,0.32117563486099243,True
46806,0.01853795535862446,-0.21978411078453064,0.32118770480155945,True
46816,0.01536379661411047,-0.21853865683078766,0.3211670517921448,True
46826,0.012996435165405273,-0.21817411482334137,0.3236773908138275,True
46836,0.013206815347075462,-0.21983522176742554,0.32375985383987427,True
46846,0.01111824531108141,-0.21927335858345032,0.32379499077796936,True
46856,0.008376089856028557,-0.2180362343788147,0.3237895667552948,True
46866,0.006216021254658699,-0.21775300800800323,0.3238462507724762,True
46876,0.00816978421062231,-0.218723863363266,0.3238007128238678,True
46886,0.006037004292011261,-0.21735380589962006,0.32372018694877625,True
46896,0.004424733575433493,-0.21667592227458954,0.3236166536808014,True
46906,0.002700162585824728,-0.21667969226837158,0.3234787583351135,True
46916,-0.00036992307286709547,-0.21652929484844208,0.32271379232406616,True
46926,-0.0030095733236521482,-0.21642136573791504,0.32249197363853455,True
46936,-0.004045632667839527,-0.21628913283348083,0.3222552537918091,True
46946,-0.006509826984256506,-0.21619437634944916,0.3219939172267914,True
46956,-0.008879471570253372,-0.21628262102603912,0.3221174478530884,True
46966,-0.008882642723619938,-0.21571630239486694,0.3218749761581421,True
46976,-0.010497399605810642,-0.2159331887960434,0.3216148316860199,True
46986,-0.013619345612823963,-0.21531230211257935,0.3213285207748413,True
46996,-0.01616600528359413,-0.21531102061271667,0.32062891125679016,True
47006,-0.01715071313083172,-0.2153043895959854,0.32033583521842957,True
47016,-0.019024433568120003,-0.21534113585948944,0.32001805305480957,True
47026,-0.021450502797961235,-0.21375474333763123,0.31967446208000183,True
47036,-0.023253098130226135,-0.2136833220720291,0.3193241357803345,True
47046,-0.0247596837580204,-0.21359853446483612,0.31517547369003296,True
47056,-0.02641627937555313,-0.21345846354961395,0.31461501121520996,True
47066,-0.027993878349661827,-0.21318376064300537,0.314054012298584,True
47076,-0.029456475749611855,-0.21286386251449585,0.313498854637146,True
47086,-0.03171970322728157,-0.21332146227359772,0.31194770336151123,True
47096,-0.033225513994693756,-0.21385839581489563,0.3113586902618408,True
47106,-0.03425215184688568,-0.21295276284217834,0.3107743263244629,True
47116,-0.03748595342040062,-0.21285061538219452,0.31017395853996277,True
47126,-0.03892720118165016,-0.21354953944683075,0.30516672134399414,True
47136,-0.0398467555642128,-0.21354921162128448,0.30438536405563354,True
47146,-0.041472043842077255,-0.21341876685619354,0.3036394715309143,True
47156,-0.04406440630555153,-0.21304632723331451,0.3029179573059082,True
47166,-0.045519907027482986,-0.21276746690273285,0.3022351861000061,True
47176,-0.047119081020355225,-0.21280378103256226,0.30083775520324707,True
47186,-0.04927699640393257,-0.21421611309051514,0.30017468333244324,True
47196,-0.050010982900857925,-0.21411184966564178,0.2995556592941284,True
47206,-0.05133368447422981,-0.21404384076595306,0.29898378252983093,True
47216,-0.05182928219437599,-0.213997021317482,0.29846954345703125,True
47226,-0.05506733059883118,-0.21376891434192657,0.30032265186309814,True
47236,-0.05736895650625229,-0.2150591015815735,0.3000408411026001,True
47246,-0.059027668088674545,-0.21475499868392944,0.2998305559158325,True
47256,-0.061485253274440765,-0.21444952487945557,0.2996838092803955,True
47266,-0.06347072124481201,-0.21433238685131073,0.3030604124069214,True
47276,-0.06427831202745438,-0.21495434641838074,0.303265243768692,True
47286,-0.06577461957931519,-0.2148580402135849,0.3035319745540619,True
47296,-0.06796064972877502,-0.2147449404001236,0.3038438856601715,True
47306,-0.0695556253194809,-0.214645117521286,0.30577322840690613,True
47316,-0.07037456333637238,-0.21469679474830627,0.30627763271331787,True
47326,-0.07360097765922546,-0.21471823751926422,0.30681607127189636,True
47336,-0.0754779577255249,-0.21551339328289032,0.3074437975883484,True
47346,-0.07542968541383743,-0.21551114320755005,0.30655375123023987,True
47356,-0.07857939600944519,-0.2157849669456482,0.3076167106628418,True
47366,-0.07831265777349472,-0.2157989889383316,0.3076184391975403,True
47376,-0.08182432502508163,-0.21591033041477203,0.30867475271224976,True
47386,-0.08182432502508163,-0.21591033041477203,0.30867475271224976,True
47396,-0.08460231125354767,-0.21539177000522614,0.3054783344268799,True
47406,-0.08447805792093277,-0.21519140899181366,0.30547916889190674,True
47416,-0.08793579041957855,-0.21571920812129974,0.3059534430503845,True
47426,-0.08761784434318542,-0.21619416773319244,0.3059558570384979,True
47436,-0.09234929084777832,-0.21602730453014374,0.3050377666950226,True
47446,-0.09234929084777832,-0.21602730453014374,0.3050377666950226,True
47456,-0.09124727547168732,-0.21577060222625732,0.3051057457923889,True
47466,-0.09391220659017563,-0.21626445651054382,0.3051110804080963,True
47476,-0.09528506547212601,-0.21683330833911896,0.30543825030326843,True
47486,-0.09604035317897797,-0.21664975583553314,0.305429071187973,True
47496,-0.09756967425346375,-0.2165924459695816,0.30539119243621826,True
47506,-0.10039740055799484,-0.21647699177265167,0.3053295612335205,True
47516,-0.10264232009649277,-0.21715952455997467,0.30527353286743164,True
47526,-0.10321702063083649,-0.2178524136543274,0.3087371587753296,True
47536,-0.1069956049323082,-0.2178489714860916,0.3088527023792267,True
47546,-0.10795295983552933,-0.21782010793685913,0.30898991227149963,True
47556,-0.10961364209651947,-0.2183312177658081,0.30913007259368896,True
47566,-0.11116107553243637,-0.2182396501302719,0.31070059537887573,True
47576,-0.11266647279262543,-0.21803298592567444,0.310882031917572,True
47586,-0.11493290215730667,-0.21784307062625885,0.3110354542732239,True
47596,-0.1158389076590538,-0.21773213148117065,0.31119629740715027,True
47606,-0.11949343234300613,-0.21849311888217926,0.31007662415504456,True
47616,-0.12143823504447937,-0.21853551268577576,0.310168981552124,True
47626,-0.11819244176149368,-0.21908433735370636,0.3102914094924927,True
47636,-0.11928889900445938,-0.21782951056957245,0.31038233637809753,True
47646,-0.12188638001680374,-0.21784429252147675,0.3104579746723175,True
47656,-0.12394876778125763,-0.21667902171611786,0.310288667678833,True
47666,-0.12447957694530487,-0.21659481525421143,0.3103330433368683,True
47676,-0.12844708561897278,-0.2178185135126114,0.31036168336868286,True
47686,-0.12923717498779297,-0.21690954267978668,0.3103835880756378,True
47696,-0.13018810749053955,-0.21634319424629211,0.3069847822189331,True
47706,-0.13171809911727905,-0.21724143624305725,0.3067880868911743,True
47716,-0.13506855070590973,-0.21787859499454498,0.3065699338912964,True
47726,-0.13685251772403717,-0.2178240716457367,0.30633559823036194,True
47736,-0.1382257044315338,-0.218039870262146,0.30609583854675293,True
47746,-0.14023259282112122,-0.21823181211948395,0.3031544089317322,True
47756,-0.14160025119781494,-0.21755437552928925,0.3027752637863159,True
47766,-0.1429632604122162,-0.2172906994819641,0.30238106846809387,True
47776,-0.14429500699043274,-0.21673917770385742,0.3019702136516571,True
47786,-0.14469094574451447,-0.21553382277488708,0.2947283685207367,True
47796,-0.14583666622638702,-0.21543319523334503,0.2939678132534027,True
47806,-0.1475163996219635,-0.21486160159111023,0.2932090163230896,True
47816,-0.14928065240383148,-0.21447885036468506,0.29245561361312866,True
47826,-0.14981894195079803,-0.21288442611694336,0.29407596588134766,True
47836,-0.1503623127937317,-0.21322734653949738,0.293476402759552,True
47846,-0.15248312056064606,-0.21153603494167328,0.2928917706012726,True
47856,-0.15325821936130524,-0.210757315158844,0.2923542857170105,True
47866,-0.15491512417793274,-0.20996564626693726,0.29187750816345215,True
47876,-0.1549602746963501,-0.209209606051445,0.2934846878051758,True
47886,-0.15545140206813812,-0.20620319247245789,0.29324421286582947,True
47896,-0.15522007644176483,-0.20601916313171387,0.29308751225471497,True
47906,-0.15585026144981384,-0.20493564009666443,0.2929733693599701,True
47916,-0.1565774381160736,-0.2025294452905655,0.2910511791706085,True
47926,-0.15781740844249725,-0.20096902549266815,0.2909313142299652,True
47936,-0.1582975536584854,-0.20011267066001892,0.2908707857131958,True
47946,-0.15864966809749603,-0.1994711011648178,0.290883332490921,True
47956,-0.15850327908992767,-0.1954871416091919,0.2895830273628235,True
47966,-0.1589958816766739,-0.19557124376296997,0.28968265652656555,True
47976,-0.1593775600194931,-0.19479425251483917,0.2898470163345337,True
47986,-0.15986645221710205,-0.19110116362571716,0.2900506854057312,True
47996,-0.16042910516262054,-0.19012266397476196,0.2911760210990906,True
48006,-0.16111493110656738,-0.1891351044178009,0.29155752062797546,True
48016,-0.15962211787700653,-0.18686041235923767,0.29196667671203613,True
48026,-0.15971073508262634,-0.18380264937877655,0.29239118099212646,True
48036,-0.1596650779247284,-0.18350039422512054,0.2928551733493805,True
48046,-0.1601104587316513,-0.1816754937171936,0.29548153281211853,True
48056,-0.1599780172109604,-0.17873279750347137,0.2961011230945587,True
48066,-0.15967784821987152,-0.17727257311344147,0.29675790667533875,True
48076,-0.16031424701213837,-0.1750892847776413,0.2974262833595276,True
48086,-0.16017167270183563,-0.17422077059745789,0.2987840175628662,True
48096,-0.16006000339984894,-0.1698041409254074,0.29951831698417664,True
48106,-0.15859751403331757,-0.16978152096271515,0.3003051280975342,True
48116,-0.159286230802536,-0.16657519340515137,0.3010699152946472,True
48126,-0.15844255685806274,-0.1631559580564499,0.3029853105545044,True
48136,-0.1591135412454605,-0.16252654790878296,0.3041381537914276,True
48146,-0.15903151035308838,-0.15917424857616425,0.3049413859844208,True
48156,-0.15826855599880219,-0.1579868644475937,0.3057277500629425,True
48166,-0.15820369124412537,-0.15343044698238373,0.30645114183425903,True
48176,-0.15849733352661133,-0.1529088318347931,0.30715903639793396,True
48186,-0.15729299187660217,-0.1502579152584076,0.30974406003952026,True
48196,-0.15745984017848969,-0.14642563462257385,0.3103886842727661,True
48206,-0.1567453294992447,-0.14518849551677704,0.31100454926490784,True
48216,-0.1568768471479416,-0.1434008926153183,0.3115794360637665,True
48226,-0.1569886952638626,-0.14156416058540344,0.31096601486206055,True
48236,-0.155746728181839,-0.13897761702537537,0.3113476634025574,True
48246,-0.15594692528247833,-0.13701120018959045,0.3116796612739563,True
48256,-0.15615689754486084,-0.1349232792854309,0.31195834279060364,True
48266,-0.15591205656528473,-0.13256770372390747,0.3099117875099182,True
48276,-0.15491041541099548,-0.13000930845737457,0.3099531829357147,True
48286,-0.15459005534648895,-0.12736091017723083,0.30994129180908203,True
48296,-0.15509511530399323,-0.12606483697891235,0.3098924458026886,True
48306,-0.15349529683589935,-0.12349603325128555,0.3076592981815338,True
48316,-0.15380892157554626,-0.12127309292554855,0.30736759305000305,True
48326,-0.15336956083774567,-0.1198834478855133,0.3070348799228668,True
48336,-0.15352949500083923,-0.11563657224178314,0.30663999915122986,True
48346,-0.1535157561302185,-0.11426787078380585,0.30625319480895996,True
48356,-0.15287533402442932,-0.1128748282790184,0.30574220418930054,True
48366,-0.15296374261379242,-0.11143726110458374,0.30529701709747314,True
48376,-0.15221817791461945,-0.10861659049987793,0.30481916666030884,True
48386,-0.15218934416770935,-0.10571625828742981,0.3043282628059387,True
48396,-0.15228095650672913,-0.10505301505327225,0.30233487486839294,True
48406,-0.15159596502780914,-0.10140296816825867,0.30173352360725403,True
48416,-0.15154793858528137,-0.09978550672531128,0.3011494278907776,True
48426,-0.15147338807582855,-0.09811977297067642,0.300566166639328,True
48436,-0.1512807309627533,-0.09738261252641678,0.2965623438358307,True
48446,-0.1518729329109192,-0.09565901011228561,0.29580965638160706,True
48456,-0.1514907032251358,-0.09414295107126236,0.29507535696029663,True
48466,-0.15189631283283234,-0.0918523296713829,0.29434874653816223,True
48476,-0.15184062719345093,-0.0881703719496727,0.29564911127090454,True
48486,-0.15165960788726807,-0.08597948402166367,0.29508501291275024,True
48496,-0.15162402391433716,-0.08530610799789429,0.29455873370170593,True
48506,-0.1522778868675232,-0.08159453421831131,0.2940382659435272,True
48516,-0.15222327411174774,-0.08083268254995346,0.2935919761657715,True
48526,-0.15225401520729065,-0.0790957659482956,0.2935183346271515,True
48536,-0.15087632834911346,-0.07658302038908005,0.2932068109512329,True
48546,-0.15149958431720734,-0.07400808483362198,0.29296213388442993,True
48556,-0.1514972448348999,-0.07220803946256638,0.2927826941013336,True
48566,-0.15207582712173462,-0.0709383487701416,0.2958815097808838,True
48576,-0.15206335484981537,-0.0678495392203331,0.29598575830459595,True
48586,-0.15181195735931396,-0.06643674522638321,0.296175479888916,True
48596,-0.15223266184329987,-0.06519607454538345,0.2964414656162262,True
48606,-0.1520206481218338,-0.06396014988422394,0.29676002264022827,True
48616,-0.15179404616355896,-0.06128814071416855,0.2936805486679077,True
48626,-0.15314950048923492,-0.0590866357088089,0.2938667833805084,True
48636,-0.15228767693042755,-0.0583966039121151,0.29409804940223694,True
48646,-0.1527053266763687,-0.05543464422225952,0.2943412661552429,True
48656,-0.1534162312746048,-0.052622564136981964,0.29460063576698303,True
48666,-0.15339377522468567,-0.05116439610719681,0.2963780164718628,True
48676,-0.15341731905937195,-0.049681972712278366,0.29678353667259216,True
48686,-0.15411131083965302,-0.047363411635160446,0.2972159683704376,True
48696,-0.15421608090400696,-0.04579433798789978,0.29766330122947693,True
48706,-0.1543433964252472,-0.04367164894938469,0.29587414860725403,True
48716,-0.15446534752845764,-0.04207682982087135,0.29618406295776367,True
48726,-0.15442048013210297,-0.04048830643296242,0.2964947521686554,True
48736,-0.15566590428352356,-0.038931578397750854,0.2968153655529022,True
48746,-0.15480577945709229,-0.03626234829425812,0.29931920766830444,True
48756,-0.15605652332305908,-0.03467799350619316,0.29976075887680054,True
48766,-0.15652796626091003,-0.033042967319488525,0.30020731687545776,True
48776,-0.15618088841438293,-0.03151131793856621,0.30065008997917175,True
48786,-0.15728512406349182,-0.028512578457593918,0.3002997636795044,True
48796,-0.15709763765335083,-0.02715596742928028,0.30065038800239563,True
48806,-0.15694737434387207,-0.026367025449872017,0.3009825646877289,True
48816,-0.15762563049793243,-0.024939419701695442,0.3012934625148773,True
48826,-0.15820001065731049,-0.022730005905032158,0.3015744090080261,True
48836,-0.1582910269498825,-0.020666101947426796,0.29888999462127686,True
48846,-0.15898074209690094,-0.019846145063638687,0.298956960439682,True
48856,-0.15889491140842438,-0.017564425244927406,0.2990032136440277,True
48866,-0.15877172350883484,-0.014479449018836021,0.29904261231422424,True
48876,-0.15927261114120483,-0.014491218142211437,0.2986699640750885,True
48886,-0.1591717153787613,-0.013626448810100555,0.2986871302127838,True
48896,-0.16042016446590424,-0.009759947657585144,0.29867544770240784,True
48906,-0.1603137105703354,-0.008150534704327583,0.2986742854118347,True
48916,-0.16080428659915924,-0.006181781645864248,0.30224213004112244,True
48926,-0.1607414186000824,-0.00440174387767911,0.3024424910545349,True
48936,-0.16057637333869934,-0.002681348007172346,0.3026396632194519,True
48946,-0.16045434772968292,-0.0010202598059549928,0.30282872915267944,True
48956,-0.16175726056098938,0.0005459082894958556,0.3030100464820862,True
48966,-0.16300712525844574,0.0012865514727309346,0.30514228343963623,True
48976,-0.1628052443265915,0.003248778637498617,0.30544522404670715,True
48986,-0.16345971822738647,0.004350301343947649,0.3057713210582733,True
48996,-0.1633244901895523,0.0072473217733204365,0.30609238147735596,True
49006,-0.16332580149173737,0.007981269620358944,0.3066432476043701,True
49016,-0.16403885185718536,0.009687687270343304,0.30696186423301697,True
49026,-0.16416005790233612,0.011520402505993843,0.3072723150253296,True
49036,-0.1641899198293686,0.014140121638774872,0.30755600333213806,True
49046,-0.16479110717773438,0.015299043618142605,0.30783626437187195,True
49056,-0.16481581330299377,0.01733027584850788,0.310157835483551,True
49066,-0.16465671360492706,0.019108932465314865,0.31050992012023926,True
49076,-0.16439922153949738,0.020774012431502342,0.3108328580856323,True
49086,-0.1650363802909851,0.02218855917453766,0.3111400306224823,True
49096,-0.16513584554195404,0.024057211354374886,0.31143805384635925,False
49106,-0.16393546760082245,0.026189696043729782,0.3117236793041229,False
49116,-0.16547061502933502,0.026749683544039726,0.31201502680778503,False
49126,-0.16390235722064972,0.027989642694592476,0.3122732639312744,False
49136,-0.16386856138706207,0.03041481040418148,0.3068375587463379,False
49146,-0.16320323944091797,0.031196773052215576,0.3067737817764282,False
49156,-0.16366621851921082,0.03177323192358017,0.30670204758644104,False
49166,-0.1626880168914795,0.033017683774232864,0.30661022663116455,False
49176,-0.16413113474845886,0.03687784820795059,0.3083351254463196,False
49186,-0.16459020972251892,0.037542350590229034,0.30829480290412903,False
49196,-0.16360116004943848,0.03945475444197655,0.3082214295864105,False
49206,-0.16387535631656647,0.04177624359726906,0.3081314265727997,False
49216,-0.16449002921581268,0.04292894899845123,0.30495908856391907,False
49226,-0.16388803720474243,0.04441257566213608,0.30470335483551025,False
49236,-0.16380105912685394,0.04646984487771988,0.30444133281707764,False
49246,-0.16339224576950073,0.0468825027346611,0.3041602075099945,False
49256,-0.1627909392118454,0.04777020961046219,0.30176645517349243,False
49266,-0.16195911169052124,0.048389703035354614,0.30139777064323425,False
49276,-0.16240911185741425,0.050507333129644394,0.30102723836898804,False
49286,-0.1614830195903778,0.05122243985533714,0.300648957490921,False
49296,-0.1601051688194275,0.0520579069852829,0.30026769638061523,False
49306,-0.16004128754138947,0.053894639015197754,0.2939428687095642,False
49316,-0.1594673991203308,0.05466722697019577,0.2932833135128021,False
49326,-0.1599314659833908,0.055643826723098755,0.2926453649997711,False
49336,-0.16042329370975494,0.05687282234430313,0.2920296788215637,False
49346,-0.15915563702583313,0.05733366683125496,0.2881384789943695,False
49356,-0.15769442915916443,0.057700131088495255,0.28736719489097595,False
49366,-0.15669135749340057,0.05856224149465561,0.28662586212158203,False
49376,-0.15640467405319214,0.057603619992733,0.28593549132347107,False
49386,-0.15426766872406006,0.058616600930690765,0.2883132994174957,False
49396,-0.15375357866287231,0.05891641229391098,0.2878892123699188,False
49406,-0.15312986075878143,0.059401895850896835,0.2875281870365143,False
49416,-0.14976774156093597,0.059915635734796524,0.2872188687324524,False
49426,-0.14838756620883942,0.0604264922440052,0.2869969308376312,False
49436,-0.15035513043403625,0.06185676157474518,0.29216885566711426,False
49446,-0.14766716957092285,0.06070669740438461,0.29235827922821045,False
49456,-0.14640948176383972,0.061213959008455276,0.2926313579082489,False
49466,-0.14572903513908386,0.06157767027616501,0.29298585653305054,False
49476,-0.14344371855258942,0.061970245093107224,0.28943121433258057,False
49486,-0.14111657440662384,0.06055708974599838,0.2896909713745117,False
49496,-0.14089252054691315,0.060474518686532974,0.2900225520133972,False
49506,-0.1379270851612091,0.060501303523778915,0.29038000106811523,False
49516,-0.13593962788581848,0.06081429868936539,0.2895733714103699,False
49526,-0.13369117677211761,0.06119551509618759,0.2899780869483948,False
49536,-0.13234689831733704,0.061205435544252396,0.29042428731918335,False
49546,-0.13040602207183838,0.062170080840587616,0.29089516401290894,False
49556,-0.12778466939926147,0.0604773573577404,0.2913668155670166,False
49566,-0.12552210688591003,0.06060668081045151,0.2947704493999481,False
49576,-0.12476295232772827,0.06067975237965584,0.295401394367218,False
49586,-0.12132539600133896,0.059313468635082245,0.29601213335990906,False
49596,-0.1190367341041565,0.05973010137677193,0.2966342270374298,False
49606,-0.11641145497560501,0.05946359038352966,0.2981307804584503,False
49616,-0.11509492248296738,0.05901952087879181,0.29878899455070496,False
49626,-0.11134641617536545,0.05869327858090401,0.2994143068790436,False
49636,-0.10996603965759277,0.05766356363892555,0.30005231499671936,False
49646,-0.10856380313634872,0.05827084183692932,0.2964686453342438,False
49656,-0.10613080859184265,0.05678029730916023,0.29683345556259155,False
49666,-0.10303815454244614,0.05597539618611336,0.2971683740615845,False
49676,-0.10142793506383896,0.056443117558956146,0.2974916696548462,False
49686,-0.10020502656698227,0.056977611035108566,0.3005116581916809,False
49696,-0.09648294746875763,0.05532054975628853,0.3021034598350525,False
49706,-0.09316747635602951,0.05563649162650108,0.3025411069393158,False
49716,-0.09268900752067566,0.05513140931725502,0.30290648341178894,False
49726,-0.08874992281198502,0.054420106112957,0.30321207642555237,False
49736,-0.08665314316749573,0.05431288480758667,0.3049566149711609,False
49746,-0.08527430146932602,0.053651243448257446,0.30529844760894775,False
49756,-0.08248931169509888,0.05367309972643852,0.3055952191352844,False
49766,-0.07915084064006805,0.052617959678173065,0.30585283041000366,False
49776,-0.07835155725479126,0.053036611527204514,0.3061172366142273,False
49786,-0.07660015672445297,0.05221838876605034,0.30448687076568604,False
49796,-0.07168382406234741,0.05144834890961647,0.30458423495292664,False
49806,-0.07048916071653366,0.05180622637271881,0.30468395352363586,False
49816,-0.06921879947185516,0.0510200560092926,0.30477213859558105,False
49826,-0.0672701969742775,0.05126812681555748,0.3072243928909302,False
49836,-0.06473686546087265,0.050054024904966354,0.3074221611022949,False
49846,-0.06349941343069077,0.048713814467191696,0.30762287974357605,False
49856,-0.06153785437345505,0.04865482449531555,0.30780065059661865,False
49866,-0.05827521160244942,0.04847331717610359,0.3064213991165161,False
49876,-0.05722617357969284,0.04788058251142502,0.3064720332622528,False
49886,-0.054602716118097305,0.04738394543528557,0.3064940869808197,False
49896,-0.054032403975725174,0.04689238220453262,0.30651572346687317,False
49906,-0.0492691695690155,0.04664536565542221,0.30649250745773315,False
49916,-0.04969615861773491,0.045508597046136856,0.30385443568229675,False
49926,-0.047950100153684616,0.04506939649581909,0.3036915957927704,False
49936,-0.04391211271286011,0.04553867131471634,0.3035097122192383,False
49946,-0.043645791709423065,0.04447254166007042,0.3033377528190613,False
49956,-0.04221585392951965,0.04468018561601639,0.2992686331272125,False
49966,-0.041034452617168427,0.0446300245821476,0.2989215850830078,False
49976,-0.03805010765790939,0.045207198709249496,0.2985745072364807,False
49986,-0.03672754764556885,0.044503353536129,0.29823824763298035,False
49996,-0.035893552005290985,0.044754914939403534,0.29495444893836975,False
50006,-0.0342576801776886,0.04459451884031296,0.2945029139518738,False
50016,-0.03327067568898201,0.04373318329453468,0.2940778136253357,False
50026,-0.03186677396297455,0.04250412806868553,0.2936689257621765,False
50036,-0.03126806393265724,0.04195703566074371,0.2932828366756439,False
50046,-0.030167140066623688,0.04115759953856468,0.2940746247768402,False
50056,-0.029839497059583664,0.039709631353616714,0.29378360509872437,False
50066,-0.02939671464264393,0.03901665285229683,0.2935260236263275,False
50076,-0.027464473620057106,0.0386175699532032,0.29329565167427063,False
50086,-0.026882052421569824,0.03843243047595024,0.29230159521102905,False
50096,-0.025871988385915756,0.03751220181584358,0.29212453961372375,False
50106,-0.026958143338561058,0.03663147613406181,0.2919858992099762,False
50116,-0.0250678863376379,0.03544051572680473,0.29188185930252075,False
50126,-0.02586253173649311,0.03501444682478905,0.291176438331604,False
50136,-0.02512391470372677,0.03381003066897392,0.29111248254776,False
50146,-0.02449795976281166,0.032566770911216736,0.2910779118537903,False
50156,-0.023917607963085175,0.032072052359580994,0.2910720705986023,False
50166,-0.023254571482539177,0.03014494851231575,0.2910783588886261,False
50176,-0.02409427799284458,0.027507517486810684,0.2910968065261841,False
50186,-0.024212714284658432,0.027717595919966698,0.2911788523197174,False
50196,-0.023565717041492462,0.02649262547492981,0.29129138588905334,False
50206,-0.022747453302145004,0.02544589899480343,0.2914528548717499,False
50216,-0.024824442341923714,0.022609597072005272,0.294126957654953,False
50226,-0.02382717840373516,0.021592561155557632,0.2945256233215332,False
50236,-0.024455899372696877,0.020529668778181076,0.29496127367019653,False
50246,-0.024755282327532768,0.017560161650180817,0.29541242122650146,False
50256,-0.025265881791710854,0.016421973705291748,0.29774022102355957,False
50266,-0.025654714554548264,0.01547200046479702,0.2983285188674927,False
50276,-0.025357170030474663,0.014426987618207932,0.2989281117916107,False
50286,-0.026523714885115623,0.010681591928005219,0.2995041012763977,False
50296,-0.02628195844590664,0.010008800774812698,0.2966601550579071,False
50306,-0.02564477175474167,0.009061850607395172,0.2970709204673767,False
50316,-0.027759307995438576,0.006669964175671339,0.2974679172039032,False
50326,-0.028632625937461853,0.004873871803283691,0.2978542447090149,False
50336,-0.02934679575264454,0.0037519459147006273,0.2982281744480133,False
50346,-0.02930665947496891,0.0034249546006321907,0.2976285517215729,False
50356,-0.029350521042943,-0.0006306268041953444,0.2979165017604828,False
50366,-0.030130766332149506,-0.002435858128592372,0.29820698499679565,False
50376,-0.030472494661808014,-0.004380791448056698,0.2984772324562073,False
50386,-0.030975008383393288,-0.004923006985336542,0.2941238284111023,False
50396,-0.03111732006072998,-0.006733432877808809,0.29414960741996765,False
50406,-0.03212420642375946,-0.007101377937942743,0.29417985677719116,False
50416,-0.03176482021808624,-0.010149383917450905,0.29418787360191345,False
50426,-0.03292547166347504,-0.0121517488732934,0.2961229383945465,False
50436,-0.03406216576695442,-0.01397844310849905,0.29627320170402527,False
50446,-0.03450185805559158,-0.01521077286452055,0.29644274711608887,False
50456,-0.03496573120355606,-0.01863594353199005,0.2966105341911316,False
50466,-0.035411931574344635,-0.02002480998635292,0.2968120872974396,False
50476,-0.0357954241335392,-0.021566273644566536,0.2975042760372162,False
50486,-0.03629748523235321,-0.02305941842496395,0.29776573181152344,False
50496,-0.036760225892066956,-0.025724461302161217,0.2980334758758545,False
50506,-0.0371273048222065,-0.02716798149049282,0.29831981658935547,False
50516,-0.03680269047617912,-0.027812963351607323,0.29887354373931885,False
50526,-0.03795289620757103,-0.030581412836909294,0.29915672540664673,False
50536,-0.03762022405862808,-0.033249445259571075,0.2994389832019806,False
50546,-0.039345644414424896,-0.034610286355018616,0.29973942041397095,False
50556,-0.0392301008105278,-0.03608223795890808,0.3008084297180176,False
50566,-0.03978821635246277,-0.038799628615379333,0.30112123489379883,False
50576,-0.04046345502138138,-0.04006193205714226,0.3014317452907562,False
50586,-0.04176638275384903,-0.04066117852926254,0.3017512857913971,False
50596,-0.04178741201758385,-0.04390246421098709,0.3012636601924896,False
50606,-0.04166971519589424,-0.04581743851304054,0.3015342056751251,False
50616,-0.04217753931879997,-0.04713209718465805,0.3018137812614441,False
50626,-0.041879426687955856,-0.0480627566576004,0.3021043539047241,False
50636,-0.04300013557076454,-0.051161572337150574,0.3023899793624878,False
50646,-0.04277723282575607,-0.05239022150635719,0.30217117071151733,False
50656,-0.04214763268828392,-0.05179348215460777,0.3024650812149048,False
50666,-0.042209334671497345,-0.05635711923241615,0.3027276396751404,False
50676,-0.04224531352519989,-0.05777035281062126,0.3030184209346771,False
50686,-0.04232853278517723,-0.05866148695349693,0.301310271024704,False
50696,-0.04235534369945526,-0.06221286207437515,0.3014978766441345,False
50706,-0.04166274517774582,-0.06346441805362701,0.3016868233680725,False
50716,-0.04165559262037277,-0.06441116333007812,0.30185794830322266,False
50726,-0.04164256900548935,-0.06538673490285873,0.3007016181945801,False
50736,-0.04170102998614311,-0.06867101043462753,0.30074694752693176,False
50746,-0.04164596274495125,-0.06909338384866714,0.3007867634296417,False
50756,-0.04180225357413292,-0.07022807002067566,0.3008178770542145,False
50766,-0.04117870703339577,-0.07113627344369888,0.3008338510990143,False
50776,-0.04138917103409767,-0.073396235704422,0.30082327127456665,False
50786,-0.04165920242667198,-0.07351917773485184,0.3008088767528534,False
50796,-0.04177729785442352,-0.07368172705173492,0.30078062415122986,False
50806,-0.04060565307736397,-0.07610610872507095,0.3007250428199768,False
50816,-0.04053590074181557,-0.07666934281587601,0.304663747549057,False
50826,-0.040659766644239426,-0.07797777652740479,0.3048020303249359,False
50836,-0.04017383232712746,-0.07957590371370316,0.3049376308917999,False
50846,-0.039587195962667465,-0.07980458438396454,0.30506864190101624,False
50856,-0.03838808834552765,-0.08161553740501404,0.30808570981025696,False
50866,-0.0382457859814167,-0.08263974636793137,0.308359295129776,False
50876,-0.038093842566013336,-0.08360971510410309,0.30864712595939636,False
50886,-0.036749113351106644,-0.08340651541948318,0.30894479155540466,False
50896,-0.03658933565020561,-0.08425182849168777,0.306864857673645,False
50906,-0.03638403117656708,-0.08504337072372437,0.30700981616973877,False
50916,-0.039261139929294586,-0.08321113884449005,0.3071399927139282,False
50926,-0.03847242146730423,-0.08375667780637741,0.30724892020225525,False
50936,-0.037883833050727844,-0.08450661599636078,0.30734577775001526,False
50946,-0.0377289280295372,-0.08405419439077377,0.3067459762096405,False
50956,-0.03744671866297722,-0.08490242809057236,0.30677884817123413,False
50966,-0.03774454444646835,-0.08455875515937805,0.3067956566810608,False
50976,-0.03600878268480301,-0.08519566804170609,0.3068067133426666,False
50986,-0.035862211138010025,-0.08563793450593948,0.30363523960113525,False
50996,-0.036238934844732285,-0.08541715890169144,0.303475558757782,False
51006,-0.035499170422554016,-0.08574934303760529,0.3033125400543213,False
51016,-0.03556195646524429,-0.08543811738491058,0.30316197872161865,False
51026,-0.035397641360759735,-0.08568698167800903,0.3017715513706207,False
51036,-0.03427992761135101,-0.0861525908112526,0.3015698790550232,False
51046,-0.03400065749883652,-0.08657700568437576,0.30137088894844055,False
51056,-0.033116474747657776,-0.08654539287090302,0.3011710047721863,False
51066,-0.032908856868743896,-0.08664320409297943,0.30096980929374695,False
51076,-0.03253929316997528,-0.08929859101772308,0.3011426627635956,False
51086,-0.031933944672346115,-0.08843094110488892,0.30097144842147827,False
51096,-0.031731851398944855,-0.08849907666444778,0.30080485343933105,False
51106,-0.032624926418066025,-0.09014379233121872,0.300644189119339,False
51116,-0.032160885632038116,-0.08962416648864746,0.29866907000541687,False
51126,-0.031229961663484573,-0.08946487307548523,0.2984435558319092,False
51136,-0.031058551743626595,-0.08949369192123413,0.29826563596725464,False
51146,-0.03149830549955368,-0.0892435684800148,0.2980915904045105,False
51156,-0.030570119619369507,-0.08918266743421555,0.2963184416294098,False
51166,-0.030424047261476517,-0.08917226642370224,0.29608967900276184,False
51176,-0.03012665919959545,-0.09002937376499176,0.29588398337364197,False
51186,-0.02999989315867424,-0.09002014249563217,0.29569265246391296,False
51196,-0.029882047325372696,-0.0900534838438034,0.294126033782959,False
51206,-0.029778193682432175,-0.0900266021490097,0.2938923239707947,False
51216,-0.02967587672173977,-0.08998886495828629,0.29363444447517395,False
51226,-0.029592817649245262,-0.08994822204113007,0.29340484738349915,False
51236,-0.029518721625208855,-0.0899021103978157,0.2932083308696747,False
51246,-0.029468271881341934,-0.08976536244153976,0.29579266905784607,False
51256,-0.03231024369597435,-0.0860234871506691,0.295794814825058,False
51266,-0.0318940207362175,-0.08636864274740219,0.2958136796951294,False
51276,-0.03192222863435745,-0.0862141028046608,0.2958570420742035,False
51286,-0.03196593374013901,-0.08603887259960175,0.2963758111000061,False
51296,-0.03201663866639137,-0.08586817234754562,0.2965094745159149,False
51306,-0.03207836300134659,-0.08569005876779556,0.2966753840446472,False
51316,-0.027090609073638916,-0.0912046805024147,0.2968885898590088,False
51326,-0.02719421125948429,-0.09129844605922699,0.2982564866542816,False
51336,-0.027140531688928604,-0.09127669781446457,0.29853370785713196,False
51346,-0.027041861787438393,-0.09101372212171555,0.2988100051879883,False
51356,-0.026998335495591164,-0.09098362177610397,0.2990942895412445,False
51366,-0.027314437553286552,-0.0912758857011795,0.2993882894515991,False
51376,-0.02724304236471653,-0.09132269024848938,0.2962627410888672,False
51386,-0.02710471674799919,-0.09159772098064423,0.2963721752166748,False
51396,-0.02687324583530426,-0.09156817197799683,0.29648733139038086,False
51406,-0.026863668113946915,-0.09155815839767456,0.29660749435424805,False
51416,-0.026929598301649094,-0.09148446470499039,0.30122825503349304,False
51426,-0.02600407972931862,-0.09244938939809799,0.3015497326850891,False
51436,-0.026324937120079994,-0.09245354682207108,0.3018628656864166,False
51446,-0.026326507329940796,-0.09247294813394547,0.3021639287471771,False
51456,-0.026112819090485573,-0.09324012696743011,0.3024614453315735,False
51466,-0.026120565831661224,-0.09328242391347885,0.3029780089855194,False
51476,-0.026130108162760735,-0.09332496672868729,0.3032715916633606,False
51486,-0.02614474482834339,-0.09336600452661514,0.3035522401332855,False
51496,-0.026931529864668846,-0.09545419365167618,0.30382031202316284,False
51506,-0.027021830901503563,-0.09556353837251663,0.3065617084503174,False
51516,-0.027085553854703903,-0.09568432718515396,0.3069503903388977,False
51526,-0.02715667150914669,-0.09580830484628677,0.307338684797287,False
51536,-0.027235478162765503,-0.09593610465526581,0.3077084720134735,False
51546,-0.026770569384098053,-0.09387621283531189,0.3089616894721985,False
51556,-0.02697068080306053,-0.09411641210317612,0.30934175848960876,False
51566,-0.026972610503435135,-0.09415668994188309,0.3097015619277954,False
51576,-0.027061183005571365,-0.09420980513095856,0.31003737449645996,False
51586,-0.027051614597439766,-0.09409431368112564,0.3105924129486084,False
