58939,-0.24698524177074432,-0.08061628043651581,0.3214274048805237,False
58949,-0.24714115262031555,-0.08070994168519974,0.3246117830276489,False
58959,-0.2468445599079132,-0.08220139890909195,0.32452020049095154,False
58969,-0.24702578783035278,-0.08235248178243637,0.32445889711380005,False
58979,-0.2483890801668167,-0.08363903313875198,0.3244183361530304,False
58989,-0.24855943024158478,-0.08374343067407608,0.3241095542907715,False
58999,-0.24830663204193115,-0.08655392378568649,0.32408490777015686,False
59009,-0.24794483184814453,-0.08668409287929535,0.324076384305954,False
59019,-0.24776726961135864,-0.0869114100933075,0.3240779638290405,False
59030,-0.2489684522151947,-0.08581450581550598,0.3241063952445984,False
59039,-0.25015345215797424,-0.08688737452030182,0.323623389005661,False
59049,-0.2501943111419678,-0.0868416577577591,0.32366347312927246,False
59059,-0.25183725357055664,-0.08451885730028152,0.32370349764823914,False
59069,-0.2519950866699219,-0.08466257154941559,0.3237396776676178,False
59079,-0.2524150013923645,-0.08481518924236298,0.32303136587142944,False
59089,-0.2530650198459625,-0.08276599645614624,0.32303550839424133,False
59099,-0.25363898277282715,-0.0826876237988472,0.3230324685573578,False
59109,-0.2535162568092346,-0.08239176124334335,0.32301586866378784,False
59119,-0.2542469799518585,-0.08212646842002869,0.32015401124954224,False
59129,-0.2540631890296936,-0.08153541386127472,0.3199133574962616,False
59139,-0.2545727789402008,-0.08067063242197037,0.31966111063957214,False
59149,-0.25448474287986755,-0.08039049804210663,0.3193899095058441,False
59159,-0.25406184792518616,-0.08166563510894775,0.3182823061943054,False
59169,-0.2539377808570862,-0.08139931410551071,0.31798726320266724,False
59179,-0.2537992596626282,-0.08112400770187378,0.31770846247673035,False
59189,-0.2536461055278778,-0.0808391347527504,0.31744471192359924,False
59199,-0.25347813963890076,-0.0805421844124794,0.3171951472759247,False
59209,-0.2584822177886963,-0.04616128280758858,0.3195527493953705,False
59219,-0.25819361209869385,-0.045067671686410904,0.31944718956947327,False
59229,-0.25808781385421753,-0.04396918788552284,0.31936967372894287,False
59239,-0.2583785951137543,-0.04466713219881058,0.31933778524398804,False
59249,-0.2583663761615753,-0.04364565387368202,0.3162824213504791,False
59259,-0.25879383087158203,-0.046539757400751114,0.31616446375846863,False
59269,-0.25907453894615173,-0.04496299847960472,0.3160352110862732,False
59279,-0.25916725397109985,-0.04462740942835808,0.31595078110694885,False
59289,-0.2587197721004486,-0.04341450333595276,0.3158628046512604,False
59299,-0.25858014822006226,-0.04215186834335327,0.3157711327075958,False
59309,-0.25915735960006714,-0.04068522900342941,0.3156791925430298,False
59319,-0.25901898741722107,-0.03935174643993378,0.3155836760997772,False
59329,-0.2593403160572052,-0.03943341597914696,0.31365373730659485,False
59339,-0.2591971457004547,-0.038063421845436096,0.31347742676734924,False
59349,-0.26008158922195435,-0.03890758752822876,0.3133573532104492,False
59359,-0.26024922728538513,-0.038140010088682175,0.313249796628952,False
59369,-0.26011428236961365,-0.03672356158494949,0.31314414739608765,False
59379,-0.2592702805995941,-0.03470183163881302,0.31694209575653076,False
59389,-0.2593809962272644,-0.03448288515210152,0.3170940577983856,False
59399,-0.2584571838378906,-0.03221294656395912,0.3172548711299896,False
59409,-0.2582743763923645,-0.02971336431801319,0.3174334466457367,False
59419,-0.258775532245636,-0.028061214834451675,0.3182234764099121,False
59429,-0.25834551453590393,-0.026917194947600365,0.31845009326934814,False
59439,-0.2593965232372284,-0.026153715327382088,0.31870996952056885,False
59449,-0.2592431604862213,-0.024518253281712532,0.3189793825149536,False
59460,-0.25847944617271423,-0.022793566808104515,0.3223262131214142,False
59469,-0.2583079934120178,-0.020412122830748558,0.3227948546409607,False
59479,-0.25814104080200195,-0.01869572140276432,0.32327860593795776,False
59489,-0.25797706842422485,-0.01695646531879902,0.32377761602401733,False
59500,-0.25746724009513855,-0.015856565907597542,0.3243076801300049,False
59509,-0.2572493553161621,-0.013690524734556675,0.32752326130867004,False
59520,-0.2572445273399353,-0.01316736824810505,0.32816845178604126,False
59529,-0.25709471106529236,-0.011373280547559261,0.32880693674087524,False
59539,-0.25696536898612976,-0.010365736670792103,0.3294558525085449,False
59549,-0.25738775730133057,-0.007529695518314838,0.3282836079597473,False
59559,-0.2567310631275177,-0.006083922926336527,0.3288162350654602,False
59569,-0.2566497027873993,-0.004678964614868164,0.3293411135673523,False
59579,-0.2562539875507355,-0.001682073576375842,0.3298206329345703,False
59589,-0.2564134895801544,-0.0006095201824791729,0.33174219727516174,False
59599,-0.2566872239112854,0.00087288289796561,0.3322673738002777,False
59609,-0.2557801306247711,0.0024482090957462788,0.33279120922088623,False
59619,-0.25591593980789185,0.005549801513552666,0.3332820236682892,False
59629,-0.25591328740119934,0.0075936634093523026,0.3337568938732147,False
59639,-0.2551957070827484,0.008261430077254772,0.3294086158275604,False
59649,-0.25580087304115295,0.010656891390681267,0.32955968379974365,False
59659,-0.2558043599128723,0.012597605586051941,0.3296356797218323,False
59669,-0.25531136989593506,0.014616367407143116,0.32964614033699036,False
59679,-0.254874587059021,0.01623142883181572,0.33096420764923096,False
59689,-0.25446879863739014,0.01912001706659794,0.3309761583805084,False
59699,-0.2551068961620331,0.020456738770008087,0.33093374967575073,False
59709,-0.2550744414329529,0.02183016575872898,0.33083009719848633,False
59719,-0.2544800639152527,0.025521615520119667,0.33119070529937744,False
59729,-0.25442689657211304,0.027599701657891273,0.3310313820838928,False
59739,-0.25523990392684937,0.028152674436569214,0.33083462715148926,False
59749,-0.2551148533821106,0.030885400250554085,0.33058395981788635,False
59759,-0.25522032380104065,0.032705094665288925,0.33031773567199707,False
59769,-0.2551763951778412,0.034520331770181656,0.3250316381454468,False
59779,-0.25478535890579224,0.0365908220410347,0.32224905490875244,False
59789,-0.25538718700408936,0.03935891389846802,0.3215924799442291,False
59799,-0.2555364668369293,0.04122155159711838,0.3209417164325714,False
59809,-0.2554779350757599,0.04281770437955856,0.3202964961528778,False
59819,-0.2558821439743042,0.04605172947049141,0.32400116324424744,False
59829,-0.25618278980255127,0.047427352517843246,0.3236594796180725,False
59839,-0.2557574510574341,0.04883856698870659,0.32333093881607056,False
59849,-0.25579628348350525,0.05092344060540199,0.32302525639533997,False
59859,-0.25747746229171753,0.05295257642865181,0.3230961263179779,False
59869,-0.256727933883667,0.05515262484550476,0.3228493332862854,False
59879,-0.2576073110103607,0.05804871767759323,0.3226049244403839,False
59889,-0.2578442692756653,0.05816925689578056,0.32237839698791504,False
59899,-0.25858965516090393,0.06021172180771828,0.32017871737480164,False
59909,-0.2587137520313263,0.06225265562534332,0.31985336542129517,False
59919,-0.2588830888271332,0.06344693154096603,0.3195725679397583,False
59929,-0.2591158449649811,0.06673180311918259,0.31932133436203003,False
59940,-0.25992605090141296,0.0669718086719513,0.3191341757774353,False
59949,-0.2598259150981903,0.06982952356338501,0.3204178512096405,False
59959,-0.2609765827655792,0.0710560530424118,0.32034921646118164,False
59970,-0.2619363069534302,0.07213006168603897,0.3203103840351105,False
59979,-0.2622649669647217,0.07395093142986298,0.3203134536743164,False
59989,-0.26358357071876526,0.0759723111987114,0.3204040229320526,False
59999,-0.26332393288612366,0.07710209488868713,0.3204943835735321,False
60009,-0.263845294713974,0.0789523646235466,0.3206549286842346,False
60020,-0.2640303671360016,0.08125139027833939,0.32083502411842346,False
60030,-0.26481178402900696,0.08181848376989365,0.31907445192337036,False
60040,-0.26636597514152527,0.08345538377761841,0.3191995620727539,False
60049,-0.2670775353908539,0.08491769433021545,0.3193768262863159,False
60059,-0.26750776171684265,0.08596569299697876,0.3195897340774536,False
60069,-0.2695131301879883,0.08764301240444183,0.31982094049453735,False
60079,-0.26986610889434814,0.08842100948095322,0.3230220377445221,False
60089,-0.2708073854446411,0.08965536952018738,0.3234349191188812,False
60099,-0.2746150493621826,0.08832400292158127,0.32380104064941406,False
60109,-0.2758537530899048,0.08882248401641846,0.3241748511791229,False
60119,-0.2764919698238373,0.08899415284395218,0.3244818449020386,False
60129,-0.2775905132293701,0.08889424055814743,0.3248033821582794,False
60139,-0.2789096534252167,0.09028942883014679,0.32507508993148804,False
60149,-0.2824086844921112,0.09146575629711151,0.32527080178260803,False
60159,-0.2843729257583618,0.09122484922409058,0.3232157528400421,False
60169,-0.28702497482299805,0.09258716553449631,0.3231534957885742,False
60179,-0.2881658375263214,0.09248305857181549,0.32305723428726196,False
60189,-0.28917011618614197,0.09435844421386719,0.32294461131095886,False
60200,-0.2900751531124115,0.09511459618806839,0.3227992057800293,False
60209,-0.29687362909317017,0.09334569424390793,0.3240337073802948,False
60219,-0.2970656752586365,0.09333769977092743,0.32393065094947815,False
60229,-0.29793503880500793,0.0937134400010109,0.3238128125667572,False
60239,-0.3024769127368927,0.09289269149303436,0.3236452341079712,False
60249,-0.304811954498291,0.0918959528207779,0.322623074054718,False
60259,-0.3066728115081787,0.09198737144470215,0.3220478296279907,False
60269,-0.3077142536640167,0.08955606818199158,0.3217569887638092,False
60279,-0.31014198064804077,0.08983821421861649,0.3214513659477234,False
60289,-0.3114257752895355,0.08888218551874161,0.32113662362098694,False
60299,-0.3148610293865204,0.08788267523050308,0.31957772374153137,False
60309,-0.3163496255874634,0.08946852385997772,0.31913432478904724,False
60319,-0.31921812891960144,0.08756123483181,0.3186638355255127,False
60329,-0.3220180571079254,0.08489218354225159,0.3181726038455963,False
60339,-0.32232826948165894,0.08515962958335876,0.315040647983551,False
60349,-0.3244103789329529,0.08479243516921997,0.3143821060657501,False
60359,-0.326884001493454,0.08403098583221436,0.31370148062705994,False
60369,-0.3332831859588623,0.081216961145401,0.31297528743743896,False
60379,-0.33552539348602295,0.08073851466178894,0.312299907207489,False
60389,-0.33748123049736023,0.08008219301700592,0.3118980824947357,False
60399,-0.34065502882003784,0.07816731929779053,0.3112577199935913,False
60409,-0.34409046173095703,0.07850826531648636,0.3106522262096405,False
60419,-0.34409046173095703,0.07850826531648636,0.3106522262096405,False
60429,-0.35028210282325745,0.07712078094482422,0.30750301480293274,False
60439,-0.35265618562698364,0.07659453898668289,0.3068256676197052,False
60449,-0.3513484597206116,0.07565323263406754,0.3068355321884155,False
60459,-0.3591124713420868,0.0732324868440628,0.3054772615432739,False
60469,-0.35957255959510803,0.07333141565322876,0.30566155910491943,False
60479,-0.36458632349967957,0.0707305297255516,0.3044418394565582,False
60489,-0.3648909628391266,0.07165517657995224,0.3044407069683075,False
60499,-0.36982211470603943,0.06983387470245361,0.30341216921806335,False
60510,-0.37569302320480347,0.0680680125951767,0.30489683151245117,False
60519,-0.37569302320480347,0.0680680125951767,0.30489683151245117,False
60529,-0.3762323260307312,0.06770902127027512,0.30460411310195923,False
60539,-0.37880271673202515,0.06641285121440887,0.304342120885849,False
60549,-0.3838479518890381,0.06487720459699631,0.30409711599349976,False
60559,-0.38717660307884216,0.06479663401842117,0.3000747859477997,False
60569,-0.38821765780448914,0.06483728438615799,0.2997117340564728,False
60579,-0.3890937864780426,0.06414780765771866,0.29937154054641724,False
60589,-0.39583829045295715,0.06340862065553665,0.2989979386329651,False
60599,-0.3967771530151367,0.06264898180961609,0.30295419692993164,False
60609,-0.3977159559726715,0.06279581785202026,0.30292439460754395,False
60619,-0.4042260944843292,0.06088191270828247,0.3028933107852936,False
60629,-0.40614092350006104,0.061634425073862076,0.3029143214225769,False
60639,-0.406076043844223,0.06100562959909439,0.30296069383621216,False
60649,-0.4089067876338959,0.06059456616640091,0.3041161596775055,False
60659,-0.4132221043109894,0.05934832617640495,0.3042171597480774,False
60669,-0.41540244221687317,0.058605343103408813,0.30434733629226685,False
60680,-0.4182538092136383,0.05806886777281761,0.3044852614402771,False
60689,-0.4209875762462616,0.05681576952338219,0.302354097366333,False
60699,-0.42348626255989075,0.05648905411362648,0.3023872673511505,False
60709,-0.42264634370803833,0.05504462867975235,0.3024492859840393,False
60719,-0.42340537905693054,0.054987989366054535,0.3025211989879608,False
60729,-0.42547407746315,0.05592034012079239,0.301456093788147,False
60739,-0.4285542666912079,0.05592434108257294,0.3008604347705841,False
60749,-0.4306013286113739,0.05579707771539688,0.3008146584033966,False
60759,-0.4358372092247009,0.05593065172433853,0.3007490634918213,False
60769,-0.4379236400127411,0.05582752451300621,0.30066972970962524,False
60779,-0.4381564259529114,0.05591532588005066,0.30043497681617737,False
60789,-0.43923795223236084,0.05589219927787781,0.3003465533256531,False
60799,-0.4446423649787903,0.05530577525496483,0.3002568483352661,False
60809,-0.44438526034355164,0.0544271245598793,0.3001888692378998,False
60820,-0.44646796584129333,0.05443364009261131,0.3001261353492737,False
60829,-0.4486416280269623,0.05308232083916664,0.29855260252952576,False
60839,-0.4496139585971832,0.05387056991457939,0.2984321117401123,False
60849,-0.4506656527519226,0.053041793406009674,0.29831063747406006,False
60860,-0.45119979977607727,0.05196065828204155,0.29819297790527344,False
60869,-0.454071581363678,0.05208631604909897,0.29544055461883545,False
60880,-0.4552156925201416,0.052114274352788925,0.295185923576355,False
60889,-0.45722341537475586,0.054486777633428574,0.29494011402130127,False
60899,-0.45805278420448303,0.054660920053720474,0.29470938444137573,False
60910,-0.45897147059440613,0.05477200821042061,0.2943771481513977,False
60919,-0.4584594964981079,0.05346893519163132,0.2940712571144104,False
60930,-0.4584594964981079,0.05346893519163132,0.2940712571144104,False
60940,-0.45645248889923096,0.04979686066508293,0.29391518235206604,False
60950,-0.45645248889923096,0.04979686066508293,0.29391518235206604,False
60959,-0.4559441804885864,0.051346201449632645,0.2953416109085083,False
60969,-0.4559441804885864,0.051346201449632645,0.2953416109085083,False
60980,-0.4590263366699219,0.0516773983836174,0.295742005109787,False
60990,-0.4590263366699219,0.0516773983836174,0.295742005109787,False
60999,-0.459146648645401,0.052152108401060104,0.2976188361644745,False
61009,-0.4590364992618561,0.0519196093082428,0.29797208309173584,False
61020,-0.4595435857772827,0.052578698843717575,0.29879623651504517,False
61029,-0.4595435857772827,0.052578698843717575,0.29879623651504517,False
61039,-0.458954781293869,0.05250341445207596,0.2989950180053711,False
61049,-0.4590802788734436,0.05240229517221451,0.29945874214172363,False
61059,-0.45842987298965454,0.052457474172115326,0.2999328374862671,False
61069,-0.4583449065685272,0.052547819912433624,0.30041205883026123,False
61079,-0.4560471773147583,0.05336694046854973,0.3023441731929779,False
61089,-0.4556364119052887,0.053541455417871475,0.3029647171497345,False
61099,-0.4577108919620514,0.05427752435207367,0.3036106824874878,False
61109,-0.4576023519039154,0.054653242230415344,0.30427005887031555,False
61120,-0.4571557939052582,0.054859086871147156,0.3049296438694,False
61130,-0.4560892879962921,0.05446916073560715,0.3064919412136078,False
61139,-0.45439013838768005,0.05427723377943039,0.30717822909355164,False
61149,-0.45230212807655334,0.053817037492990494,0.30785825848579407,False
61159,-0.45260536670684814,0.0542612299323082,0.3085396885871887,False
61169,-0.4525116980075836,0.054232433438301086,0.31297075748443604,False
61179,-0.4513193368911743,0.05481492355465889,0.3138423264026642,False
61189,-0.45039185881614685,0.05445285886526108,0.3146952688694,False
61199,-0.4480149745941162,0.055122051388025284,0.31553196907043457,False
61209,-0.44729337096214294,0.05531224235892296,0.31634995341300964,False
61219,-0.44624829292297363,0.05546189844608307,0.3171394169330597,False
61229,-0.4458639919757843,0.055753517895936966,0.3179098665714264,False
61240,-0.4451221227645874,0.05592682585120201,0.3186401128768921,False
61249,-0.44373613595962524,0.05547482892870903,0.32060468196868896,False
61260,-0.4429713189601898,0.05562323331832886,0.32132700085639954,False
61270,-0.4404749572277069,0.055180978029966354,0.32202020287513733,False
61280,-0.4396671950817108,0.055304303765296936,0.3226780891418457,False
61289,-0.43862104415893555,0.057042669504880905,0.32331582903862,False
61300,-0.43757641315460205,0.05713849142193794,0.3239380121231079,False
61310,-0.43481019139289856,0.05706501752138138,0.3245091438293457,False
61319,-0.4339752495288849,0.057180602103471756,0.32507243752479553,False
61330,-0.43425530195236206,0.05644097179174423,0.32562610507011414,False
61340,-0.43346744775772095,0.0565045140683651,0.3264281749725342,False
61349,-0.43348366022109985,0.057057421654462814,0.32689163088798523,False
61360,-0.4310164153575897,0.05731174722313881,0.32732146978378296,False
61369,-0.4296218752861023,0.05767691135406494,0.32772183418273926,False
61380,-0.4284247159957886,0.05808175727725029,0.3298916518688202,False
61389,-0.4276946783065796,0.05809376761317253,0.33028537034988403,False
61400,-0.4270292818546295,0.0581846684217453,0.3306584358215332,False
61409,-0.4263405501842499,0.05816909670829773,0.33099499344825745,False
61420,-0.4266762137413025,0.05794793739914894,0.3312987685203552,False
61429,-0.4245907664299011,0.05817118659615517,0.3320789635181427,False
61440,-0.42262232303619385,0.05840381979942322,0.332417368888855,False
61450,-0.4200414717197418,0.058317456394433975,0.33272987604141235,False
61460,-0.4194008409976959,0.058253053575754166,0.33301040530204773,False
61469,-0.4190729856491089,0.058446113020181656,0.33500075340270996,False
61480,-0.4177924394607544,0.05781600624322891,0.33534693717956543,False
61489,-0.41755974292755127,0.05710376799106598,0.3356539309024811,False
61499,-0.4164692759513855,0.057083189487457275,0.33592650294303894,False
61509,-0.41597869992256165,0.05694172531366348,0.3375494182109833,False
61519,-0.4154493808746338,0.05679862201213837,0.3379195034503937,False
61529,-0.4133434593677521,0.05664375051856041,0.3382323682308197,False
61539,-0.41326072812080383,0.05646347254514694,0.33853307366371155,False
61549,-0.4128383994102478,0.05631565302610397,0.3388400971889496,False
61559,-0.41270244121551514,0.056812550872564316,0.33384406566619873,False
61569,-0.4123459458351135,0.056676965206861496,0.33382275700569153,False
61579,-0.4104977250099182,0.05605415254831314,0.33374881744384766,False
61589,-0.4098407030105591,0.055632252246141434,0.33363503217697144,False
61599,-0.409242182970047,0.05508144199848175,0.33441001176834106,False
61609,-0.4089479446411133,0.054912008345127106,0.33430376648902893,False
61619,-0.4093390107154846,0.05562769994139671,0.3341529667377472,False
61629,-0.40854889154434204,0.056054770946502686,0.3339727818965912,False
61639,-0.40877366065979004,0.055144086480140686,0.33645564317703247,True
61649,-0.4086133539676666,0.05497829616069794,0.3364429771900177,True
61659,-0.40749412775039673,0.05696422979235649,0.3364330232143402,True
61669,-0.4073737561702728,0.05685696378350258,0.3364001214504242,True
61680,-0.40548408031463623,0.056131355464458466,0.3363571763038635,True
61689,-0.4052479863166809,0.05605892837047577,0.3329699635505676,True
61699,-0.4055938422679901,0.05600108206272125,0.3327571451663971,True
61709,-0.40553635358810425,0.05591089650988579,0.33251553773880005,True
61719,-0.40508541464805603,0.0544888898730278,0.3322456479072571,True
61729,-0.4048471450805664,0.05448034778237343,0.33037835359573364,True
61739,-0.4050827920436859,0.05411273613572121,0.3299967646598816,True
61749,-0.4050008952617645,0.05400775372982025,0.3296017050743103,True
61759,-0.4048956036567688,0.053903911262750626,0.3292168080806732,True
61769,-0.4091467559337616,0.05452953279018402,0.32923921942710876,True
61779,-0.4090944826602936,0.05444367974996567,0.32887935638427734,True
61789,-0.4081752598285675,0.05568809062242508,0.32855063676834106,True
61799,-0.40803903341293335,0.05563836544752121,0.32827937602996826,True
61810,-0.40728646516799927,0.055195774883031845,0.3280439078807831,True
61819,-0.40799739956855774,0.05518249794840813,0.3230305016040802,True
61829,-0.406558096408844,0.05491194501519203,0.3226073980331421,True
61839,-0.40610945224761963,0.054598722606897354,0.32220953702926636,True
61849,-0.40575915575027466,0.05454903841018677,0.3218367397785187,True
61859,-0.40535810589790344,0.05450159311294556,0.32350146770477295,True
61869,-0.4050118029117584,0.056192100048065186,0.32328301668167114,True
61879,-0.4045184552669525,0.05619208142161369,0.32308223843574524,True
61889,-0.4047413468360901,0.05723249912261963,0.3229197859764099,True
61899,-0.4038448631763458,0.05695733800530434,0.32117652893066406,True
61909,-0.4018104672431946,0.05657980963587761,0.32097935676574707,True
61919,-0.40108150243759155,0.056609734892845154,0.32083189487457275,True
61929,-0.4003799855709076,0.05569610372185707,0.3207375109195709,True
61939,-0.3995386064052582,0.05572694540023804,0.32070523500442505,True
61949,-0.3983791768550873,0.055245134979486465,0.3206311762332916,True
61959,-0.39741265773773193,0.055285923182964325,0.32070425152778625,True
61969,-0.39766985177993774,0.05551770329475403,0.3208363652229309,True
61979,-0.3965111970901489,0.05557813122868538,0.3210141658782959,True
61989,-0.3941248655319214,0.05600704997777939,0.3217103183269501,True
61999,-0.3934636116027832,0.05655181035399437,0.32192835211753845,True
62009,-0.38932329416275024,0.05772002786397934,0.32212743163108826,True
62019,-0.38795843720436096,0.05781637877225876,0.32234761118888855,True
62029,-0.3876028060913086,0.05762464180588722,0.32485494017601013,True
62039,-0.3868972063064575,0.05770660191774368,0.3252025246620178,True
62049,-0.38612622022628784,0.057662032544612885,0.32553163170814514,True
62059,-0.3830021619796753,0.057525407522916794,0.3258313238620758,True
62070,-0.38128364086151123,0.05646234005689621,0.32931283116340637,True
62079,-0.37964293360710144,0.0565517395734787,0.3297646641731262,True
62089,-0.3770107328891754,0.056704048067331314,0.33017536997795105,True
62099,-0.37682056427001953,0.05782591924071312,0.3305776119232178,True
62109,-0.37629589438438416,0.057964883744716644,0.3309343457221985,True
62119,-0.37072455883026123,0.05790109559893608,0.33020102977752686,True
62129,-0.3685665428638458,0.05896348878741264,0.3304329514503479,True
62139,-0.36876147985458374,0.0594710148870945,0.3306485414505005,True
62149,-0.36768239736557007,0.06014963239431381,0.33081957697868347,True
62159,-0.362819641828537,0.059957828372716904,0.33203741908073425,True
62169,-0.36081746220588684,0.06080189719796181,0.3322135806083679,True
62179,-0.3594384789466858,0.06098652258515358,0.33236637711524963,True
62189,-0.3579884171485901,0.06134604290127754,0.3324967324733734,True
62200,-0.35604357719421387,0.060546837747097015,0.3325919210910797,True
62209,-0.3542339503765106,0.061355337500572205,0.33077481389045715,True
62219,-0.3513280153274536,0.06115281209349632,0.3306915760040283,True
62229,-0.34913089871406555,0.06133735552430153,0.330564022064209,True
62239,-0.34850215911865234,0.062272071838378906,0.33040204644203186,True
62249,-0.3438839018344879,0.06283597648143768,0.33482348918914795,True
62259,-0.34181928634643555,0.06369484215974808,0.3348323106765747,True
62269,-0.3405763804912567,0.06383669376373291,0.3347957730293274,True
62279,-0.3392178416252136,0.06441182643175125,0.3347364068031311,True
62289,-0.3358696699142456,0.06608089804649353,0.33286091685295105,True
62299,-0.3339337408542633,0.0657951831817627,0.3318547010421753,True
62309,-0.3313808739185333,0.06544481217861176,0.3315805196762085,True
62319,-0.32929015159606934,0.0671260729432106,0.33128321170806885,True
62329,-0.3277953565120697,0.06750926375389099,0.33095797896385193,True
62339,-0.32552236318588257,0.06777363270521164,0.3297659456729889,True
62349,-0.32266420125961304,0.06823686510324478,0.3293331563472748,True
62359,-0.3198629319667816,0.06854613125324249,0.3288639783859253,True
62369,-0.31844013929367065,0.07033121585845947,0.32837963104248047,True
62379,-0.3158280551433563,0.07049384713172913,0.3278779685497284,True
62389,-0.31323033571243286,0.07088854908943176,0.3270452320575714,True
62399,-0.3105064630508423,0.07125851511955261,0.3265015184879303,True
62409,-0.3099232316017151,0.0732048749923706,0.32596224546432495,True
62420,-0.3083604872226715,0.07383324950933456,0.32539066672325134,True
62430,-0.3045063316822052,0.07423976808786392,0.3274949789047241,True
62439,-0.3013216257095337,0.07512637227773666,0.3270377516746521,True
62449,-0.29894134402275085,0.07542338967323303,0.3265741467475891,True
62459,-0.29724445939064026,0.07560320943593979,0.3261215090751648,True
62469,-0.29478517174720764,0.07631881535053253,0.3272846043109894,True
62480,-0.29192909598350525,0.07779034227132797,0.32694607973098755,True
62489,-0.2895592749118805,0.07808984071016312,0.3266347348690033,True
62499,-0.2877333462238312,0.07855497300624847,0.32630839943885803,True
62509,-0.2852013409137726,0.07958120107650757,0.32603275775909424,True
62519,-0.2845187485218048,0.07923664897680283,0.3230372369289398,True
62529,-0.28355804085731506,0.08050121366977692,0.3226986229419708,True
62539,-0.2773193418979645,0.08172067999839783,0.3223426640033722,True
62549,-0.27550724148750305,0.0822717547416687,0.322022020816803,True
62559,-0.27414390444755554,0.08307497948408127,0.32062476873397827,True
62569,-0.2725103795528412,0.08398023247718811,0.3202565610408783,True
62579,-0.27020010352134705,0.08486689627170563,0.3198768198490143,True
62589,-0.2693840563297272,0.08508467674255371,0.31952929496765137,True
62599,-0.2669922113418579,0.08575482666492462,0.3191111087799072,True
62609,-0.26267316937446594,0.08672232925891876,0.31877484917640686,True
62619,-0.2623862624168396,0.08759260177612305,0.3184714615345001,True
62629,-0.2606545686721802,0.08756818622350693,0.3181639015674591,True
62639,-0.25662627816200256,0.08985362201929092,0.3178447484970093,True
62649,-0.2543320655822754,0.09014727920293808,0.31797632575035095,True
62659,-0.25145334005355835,0.08983378112316132,0.3176693618297577,True
62669,-0.25100427865982056,0.09162655472755432,0.31736692786216736,True
62679,-0.24935151636600494,0.0934247151017189,0.31704798340797424,True
62689,-0.24759724736213684,0.09363820403814316,0.31523677706718445,True
62699,-0.24500691890716553,0.0943005234003067,0.3148644268512726,True
62709,-0.24281147122383118,0.0948680192232132,0.314504474401474,True
62719,-0.24035011231899261,0.09507397562265396,0.31415480375289917,True
62729,-0.23813095688819885,0.09531095623970032,0.3142555058002472,True
62739,-0.23723341524600983,0.09626360237598419,0.3139606714248657,True
62749,-0.23593352735042572,0.09756525605916977,0.3136783838272095,True
62759,-0.23379631340503693,0.0978011041879654,0.31339624524116516,True
62769,-0.23119661211967468,0.09844379872083664,0.313116192817688,True
62779,-0.22704075276851654,0.0990951806306839,0.31433236598968506,True
62789,-0.2248484194278717,0.09929434955120087,0.31413012742996216,True
62799,-0.22666460275650024,0.10127188265323639,0.31397855281829834,True
62809,-0.2245616912841797,0.10147413611412048,0.31382277607917786,True
62819,-0.22147539258003235,0.10321468114852905,0.31025418639183044,True
62829,-0.2202884703874588,0.10317196696996689,0.3099762499332428,True
62839,-0.21653005480766296,0.10381802171468735,0.30969712138175964,True
62849,-0.21560153365135193,0.10536293685436249,0.30945590138435364,True
62859,-0.21348148584365845,0.10554997622966766,0.3095054626464844,True
62869,-0.21138305962085724,0.10572775453329086,0.309302419424057,True
62879,-0.2140003740787506,0.10534985363483429,0.3091522455215454,True
62889,-0.20948214828968048,0.10612866282463074,0.3089802861213684,True
62900,-0.20736892521381378,0.10634996742010117,0.3088282346725464,True
62910,-0.20467080175876617,0.10757117718458176,0.3106991946697235,True
62919,-0.2045883983373642,0.1084965318441391,0.31071171164512634,True
62929,-0.20256952941417694,0.10862930864095688,0.31072700023651123,True
62939,-0.19953176379203796,0.10885873436927795,0.31075936555862427,True
62949,-0.19517195224761963,0.10918872058391571,0.30732622742652893,True
62959,-0.19449496269226074,0.10963686555624008,0.3071715235710144,True
62969,-0.19233454763889313,0.11071662604808807,0.3070240020751953,True
62979,-0.19191642105579376,0.11081627011299133,0.30689099431037903,True
62989,-0.18879809975624084,0.11080656200647354,0.30951419472694397,True
62999,-0.18818539381027222,0.11070752888917923,0.3095492422580719,True
63009,-0.18512727320194244,0.11131526529788971,0.30958184599876404,True
63019,-0.1818532794713974,0.1120973527431488,0.3096112906932831,True
63029,-0.180227130651474,0.11209502071142197,0.3096509277820587,True
63039,-0.17999733984470367,0.11383210122585297,0.3106503188610077,True
63049,-0.1791071742773056,0.11392390727996826,0.31077948212623596,True
63059,-0.1743258386850357,0.11554893851280212,0.31087973713874817,True
63069,-0.17356067895889282,0.11553473025560379,0.3110158443450928,True
63079,-0.17275333404541016,0.11545407772064209,0.30876320600509644,True
63089,-0.16909682750701904,0.11657540500164032,0.30874788761138916,True
63099,-0.16870583593845367,0.11670859158039093,0.30874744057655334,True
63109,-0.16668705642223358,0.11740609258413315,0.30870941281318665,True
63119,-0.16509106755256653,0.11632131785154343,0.30798065662384033,True
63129,-0.15974441170692444,0.11771023273468018,0.30786722898483276,True
63139,-0.15782193839550018,0.11752673238515854,0.3077518343925476,True
63149,-0.15755227208137512,0.1168024018406868,0.30764108896255493,True
63160,-0.15561169385910034,0.11814296245574951,0.3075246512889862,True
63169,-0.15477615594863892,0.11832994967699051,0.3043050467967987,True
63179,-0.15130271017551422,0.11930126696825027,0.30399057269096375,True
63189,-0.15077151358127594,0.1189773827791214,0.303695946931839,True
63199,-0.14907804131507874,0.11837578564882278,0.3033859133720398,True
63209,-0.14707668125629425,0.11834109574556351,0.3024855852127075,True
63219,-0.14665599167346954,0.11726869642734528,0.30214616656303406,True
63229,-0.14219938218593597,0.11845490336418152,0.3017742931842804,True
63239,-0.14265717566013336,0.11749628186225891,0.30142658948898315,True
63249,-0.14156262576580048,0.11779390275478363,0.30273690819740295,True
63259,-0.13667084276676178,0.11830771714448929,0.3033336400985718,True
63269,-0.13670271635055542,0.11804217845201492,0.3031756579875946,True
63279,-0.13624951243400574,0.11836866289377213,0.30305176973342896,True
63289,-0.13392449915409088,0.11885923147201538,0.30294933915138245,True
63299,-0.13166293501853943,0.11564040184020996,0.30125316977500916,True
63309,-0.13002066314220428,0.11506841331720352,0.30108413100242615,True
63319,-0.1308160126209259,0.11794552952051163,0.30096688866615295,True
63329,-0.12846003472805023,0.11656176298856735,0.30086565017700195,True
63340,-0.12775297462940216,0.1165371760725975,0.30082669854164124,True
63349,-0.1284489631652832,0.1157948225736618,0.29907381534576416,True
63359,-0.1271836757659912,0.11498794704675674,0.2990056872367859,True
63369,-0.12718035280704498,0.11348217725753784,0.2989928722381592,True
63379,-0.12607072293758392,0.11253469437360764,0.2990539073944092,True
63390,-0.12077684700489044,0.1094777062535286,0.29676225781440735,True
63399,-0.12087090313434601,0.10979630053043365,0.2967745363712311,True
63410,-0.11923683434724808,0.1106315404176712,0.29684582352638245,True
63420,-0.1187915951013565,0.10896258056163788,0.29693877696990967,True
63430,-0.11850618571043015,0.10611164569854736,0.29446789622306824,True
63439,-0.11763765662908554,0.10464800894260406,0.2945002615451813,True
63450,-0.11796896904706955,0.10468252748250961,0.2945995330810547,True
63460,-0.11758097261190414,0.10094787925481796,0.2947053015232086,True
63470,-0.11655690521001816,0.1006738692522049,0.2948722839355469,True
63479,-0.11606646329164505,0.0988641232252121,0.29801133275032043,True
63489,-0.11636386811733246,0.09664597362279892,0.29838454723358154,True
63499,-0.11571130156517029,0.09518133103847504,0.298809289932251,True
63509,-0.11563355475664139,0.09379079937934875,0.2992982566356659,True
63519,-0.11477096378803253,0.0924135372042656,0.3006838858127594,True
63529,-0.1147797554731369,0.09045518189668655,0.30127400159835815,True
63539,-0.11535345762968063,0.08668996393680573,0.30186405777931213,True
63549,-0.1159062460064888,0.08468571305274963,0.30247220396995544,True
63559,-0.11484655737876892,0.08434570580720901,0.3029296398162842,True
63569,-0.11417137831449509,0.08471857011318207,0.30349475145339966,True
63579,-0.11435295641422272,0.07969895750284195,0.3040047287940979,True
63589,-0.11472290009260178,0.07847712188959122,0.30452075600624084,True
63599,-0.1152830421924591,0.07770594954490662,0.30501043796539307,True
63609,-0.11520495265722275,0.07349706441164017,0.30783241987228394,True
63619,-0.11493731290102005,0.0709146037697792,0.30843114852905273,True
63629,-0.11414163559675217,0.06957980245351791,0.3090182840824127,True
63639,-0.11416959017515182,0.06751642376184464,0.3095588982105255,True
63649,-0.1149732694029808,0.0653107687830925,0.3078239858150482,True
63659,-0.11421293765306473,0.06359691917896271,0.3082319498062134,True
63669,-0.11275916546583176,0.06294570118188858,0.3086472153663635,True
63679,-0.11283792555332184,0.05985788255929947,0.30901893973350525,True
63689,-0.11402519792318344,0.05826788768172264,0.30921968817710876,True
63699,-0.11303737014532089,0.05840631201863289,0.30955323576927185,True
63709,-0.11311928182840347,0.05635619908571243,0.3098497688770294,True
63719,-0.11225192248821259,0.053251393139362335,0.3100985288619995,True
63729,-0.11231805384159088,0.05117540806531906,0.3103237450122833,True
63739,-0.11242001503705978,0.04900989681482315,0.3116150498390198,True
63749,-0.11138363182544708,0.04854845628142357,0.31187018752098083,True
63759,-0.11142726242542267,0.04651123657822609,0.31207504868507385,True
63769,-0.11128636449575424,0.04311027005314827,0.31224384903907776,True
63779,-0.11101879924535751,0.04228968545794487,0.3150583505630493,True
63789,-0.11104311048984528,0.04026111960411072,0.3153124153614044,True
63799,-0.10934679955244064,0.04107922315597534,0.3155507445335388,True
63809,-0.10932087898254395,0.03912811726331711,0.3157576024532318,True
63819,-0.10964293777942657,0.03557610511779785,0.3139883279800415,True
63829,-0.10961046069860458,0.033601097762584686,0.3140498697757721,True
63839,-0.10938578099012375,0.031393811106681824,0.3141050934791565,True
63849,-0.10935240983963013,0.029195940122008324,0.3141442835330963,True
63859,-0.10942358523607254,0.027807021513581276,0.3141496777534485,True
63869,-0.10935782641172409,0.025799011811614037,0.3148411512374878,True
63879,-0.10888568311929703,0.02965935505926609,0.31483086943626404,True
63889,-0.10709703713655472,0.027844497933983803,0.31473812460899353,True
63899,-0.10694639384746552,0.026022881269454956,0.3146187365055084,True
63909,-0.1069282591342926,0.024285409599542618,0.31305384635925293,True
63919,-0.10699746012687683,0.022550061345100403,0.3128019869327545,True
63930,-0.1069381982088089,0.02089817076921463,0.31253620982170105,True
63939,-0.10674478858709335,0.018899623304605484,0.31221020221710205,True
63949,-0.10635966062545776,0.017696203663945198,0.3131014406681061,True
63959,-0.10526730120182037,0.015778368338942528,0.31279057264328003,True
63969,-0.10485774278640747,0.015112366527318954,0.31246304512023926,True
63979,-0.10436195880174637,0.014448747970163822,0.3121219873428345,True
63989,-0.10453860461711884,0.01236779149621725,0.31177690625190735,True
63999,-0.10393698513507843,0.011096627451479435,0.3115327060222626,True
64009,-0.10368692129850388,0.009316379204392433,0.31121712923049927,True
64019,-0.10104722529649734,0.008897445164620876,0.3108944296836853,True
64029,-0.09771492332220078,0.007262406870722771,0.31053560972213745,True
64039,-0.09786849468946457,0.0057044727727770805,0.3087558448314667,True
64049,-0.09754747897386551,0.004642785992473364,0.3083159923553467,True
64059,-0.09665558487176895,0.0020384888630360365,0.3078843951225281,True
64069,-0.09577919542789459,0.0012329319724813104,0.30748870968818665,True
64079,-0.09477779269218445,0.00026768248062580824,0.3096787631511688,True
64089,-0.09520336240530014,-0.00184702652040869,0.3094590902328491,True
64099,-0.0925646424293518,-0.0032373820431530476,0.30925408005714417,True
64109,-0.09220016747713089,-0.004357495345175266,0.30907347798347473,True
64119,-0.09047643840312958,-0.005763556342571974,0.3073173463344574,True
64129,-0.08950262516736984,-0.008454255759716034,0.307041734457016,True
64139,-0.08770429342985153,-0.008242016658186913,0.3068128228187561,True
64149,-0.08799594640731812,-0.010089870542287827,0.306596577167511,True
64159,-0.08768738806247711,-0.011299103498458862,0.30640777945518494,True
64169,-0.0855955183506012,-0.015633611008524895,0.30806031823158264,True
64179,-0.08487964421510696,-0.015824291855096817,0.3080131411552429,True
64189,-0.083382748067379,-0.01749076135456562,0.3079840838909149,True
64199,-0.08255421370267868,-0.018710076808929443,0.3079697787761688,True
64209,-0.0820782333612442,-0.02040950208902359,0.3051718771457672,True
64219,-0.07938127219676971,-0.021215267479419708,0.3036980926990509,True
64229,-0.07704147696495056,-0.022132689133286476,0.3034941852092743,True
64239,-0.0771983340382576,-0.02436133846640587,0.30332255363464355,True
64249,-0.07670767605304718,-0.026258667930960655,0.3031807541847229,True
64259,-0.07572188973426819,-0.028357205912470818,0.3049860894680023,True
64269,-0.0749606043100357,-0.02938898652791977,0.3049986958503723,True
64279,-0.07361699640750885,-0.03126547485589981,0.305016428232193,True
64289,-0.07231391966342926,-0.03463146090507507,0.3050343990325928,True
64299,-0.07165025919675827,-0.03475917503237724,0.30721694231033325,True
64309,-0.07100337743759155,-0.03553610295057297,0.30739524960517883,True
64319,-0.07059042900800705,-0.03745826706290245,0.3075679838657379,True
64329,-0.0699901282787323,-0.03982642665505409,0.3077397644519806,True
64340,-0.06804520636796951,-0.043472226709127426,0.3078997731208801,True
64349,-0.06673400104045868,-0.04612193629145622,0.30963125824928284,True
64359,-0.06634387373924255,-0.048147570341825485,0.30990853905677795,True
64369,-0.06562414020299911,-0.05068010091781616,0.3101833760738373,True
64379,-0.06527084112167358,-0.052748631685972214,0.31048792600631714,True
64390,-0.06411309540271759,-0.047466374933719635,0.3110286295413971,True
64399,-0.06378288567066193,-0.04939916729927063,0.31139642000198364,True
64409,-0.06380735337734222,-0.053204745054244995,0.31175610423088074,True
64420,-0.06303197890520096,-0.05325579643249512,0.3121407628059387,True
64429,-0.06276080757379532,-0.05525541678071022,0.31264403462409973,True
64439,-0.06224566325545311,-0.058368340134620667,0.31298449635505676,True
64449,-0.06099677085876465,-0.05996887758374214,0.31327754259109497,True
64459,-0.061189934611320496,-0.06106385588645935,0.31353074312210083,True
64469,-0.060931019484996796,-0.06380553543567657,0.3137238919734955,True
64479,-0.0593198724091053,-0.06648776680231094,0.31236493587493896,True
64489,-0.05968405306339264,-0.06811463087797165,0.3124532401561737,True
64499,-0.05836030840873718,-0.06979666650295258,0.312515527009964,True
64509,-0.05802004784345627,-0.07279639691114426,0.31255871057510376,True
64519,-0.05741879716515541,-0.07613060623407364,0.31631192564964294,True
64529,-0.05653662979602814,-0.07786667346954346,0.31652408838272095,True
64539,-0.05654308572411537,-0.0804688036441803,0.3167053163051605,True
64549,-0.056339818984270096,-0.0832761898636818,0.3168633282184601,True
64559,-0.05521975830197334,-0.0845615491271019,0.3133608400821686,True
64569,-0.05506858602166176,-0.08681405335664749,0.3132181763648987,True
64579,-0.05428989976644516,-0.09016026556491852,0.31304076313972473,True
64589,-0.054808542132377625,-0.09167830646038055,0.31284675002098083,True
64599,-0.05408727750182152,-0.0928557813167572,0.31259387731552124,True
64609,-0.0541001558303833,-0.09523968398571014,0.3148534595966339,True
64619,-0.053136806935071945,-0.09953022003173828,0.3146444261074066,True
64629,-0.05268704891204834,-0.10232630372047424,0.31443464756011963,True
64639,-0.05217558890581131,-0.1023077666759491,0.31423166394233704,True
64649,-0.052483443170785904,-0.1080479845404625,0.3122749626636505,True
64659,-0.05226697772741318,-0.11060237884521484,0.3119324743747711,True
64669,-0.05274329334497452,-0.11137299984693527,0.31158310174942017,True
64679,-0.052775789052248,-0.113661028444767,0.3112259805202484,True
64690,-0.05427709221839905,-0.11602414399385452,0.3108675181865692,True
64699,-0.05506131052970886,-0.11841730028390884,0.30843451619148254,True
64709,-0.05432036519050598,-0.12324053794145584,0.30794334411621094,True
64719,-0.0554380789399147,-0.12416448444128036,0.3074730336666107,True
64729,-0.055630553513765335,-0.12645690143108368,0.3069823682308197,True
64739,-0.055204566568136215,-0.12671120464801788,0.3075692057609558,True
64749,-0.05655422806739807,-0.13181893527507782,0.3071599304676056,True
64759,-0.056345611810684204,-0.13505768775939941,0.30678269267082214,True
64769,-0.056729357689619064,-0.13725605607032776,0.30643704533576965,True
64779,-0.056379955261945724,-0.14041352272033691,0.3056128919124603,True
64789,-0.056182220578193665,-0.14220742881298065,0.30530300736427307,True
64799,-0.057684410363435745,-0.14385443925857544,0.30502480268478394,True
64809,-0.057517871260643005,-0.14765238761901855,0.30477043986320496,True
64820,-0.05876898393034935,-0.1491718292236328,0.30452993512153625,True
64829,-0.059386253356933594,-0.15102244913578033,0.3024500608444214,True
64839,-0.06010992452502251,-0.15249842405319214,0.30218103528022766,True
64849,-0.06048877537250519,-0.15561020374298096,0.30194276571273804,True
64859,-0.061367448419332504,-0.1573670208454132,0.3017462193965912,True
64869,-0.06095809116959572,-0.15796905755996704,0.2956019639968872,True
64879,-0.06282268464565277,-0.16261611878871918,0.2951298952102661,True
64889,-0.06522113084793091,-0.16412214934825897,0.2947009205818176,True
64899,-0.06637366116046906,-0.16564902663230896,0.2943158447742462,True
64909,-0.06603448837995529,-0.168131023645401,0.29587194323539734,True
64919,-0.06953595578670502,-0.17033721506595612,0.2956382632255554,True
64929,-0.07088321447372437,-0.17202581465244293,0.29543471336364746,True
64939,-0.07121279835700989,-0.17345085740089417,0.29523688554763794,True
64950,-0.0730486512184143,-0.17495699226856232,0.29510533809661865,True
64959,-0.07577835023403168,-0.1763472855091095,0.29657942056655884,True
64969,-0.0771527886390686,-0.17770656943321228,0.29664093255996704,True
64979,-0.07772810012102127,-0.1782498061656952,0.2967592775821686,True
64989,-0.078644759953022,-0.18034690618515015,0.29692718386650085,True
64999,-0.08565691113471985,-0.18219134211540222,0.3015027642250061,True
65009,-0.08510550856590271,-0.1839597523212433,0.3020227253437042,True
65019,-0.08505868166685104,-0.184352308511734,0.30259019136428833,True
65029,-0.09008491039276123,-0.1852845400571823,0.30314186215400696,True
65039,-0.09243251383304596,-0.18651726841926575,0.30377957224845886,True
65049,-0.09212718158960342,-0.1876448541879654,0.30439427495002747,True
65059,-0.09511817991733551,-0.18879827857017517,0.30498096346855164,True
65069,-0.09899365156888962,-0.1900898516178131,0.3055466115474701,True
65079,-0.10095591098070145,-0.191438227891922,0.3061061203479767,True
65089,-0.10161009430885315,-0.19212974607944489,0.3080979585647583,True
65099,-0.10572049021720886,-0.19308339059352875,0.3086938261985779,True
65109,-0.10786546021699905,-0.19348546862602234,0.3092710077762604,True
65119,-0.10950068384408951,-0.1948734074831009,0.3098219335079193,True
65129,-0.11062432080507278,-0.19515790045261383,0.3135257959365845,True
65139,-0.11402608454227448,-0.19553372263908386,0.3141420781612396,True
65149,-0.11622630804777145,-0.195794939994812,0.31472060084342957,True
65159,-0.11922291666269302,-0.19758477807044983,0.31525883078575134,True
65169,-0.12004387378692627,-0.19809773564338684,0.3151681423187256,True
65179,-0.12165384739637375,-0.1986517459154129,0.31515225768089294,True
65189,-0.1247965395450592,-0.19920286536216736,0.31549862027168274,True
65199,-0.1262923777103424,-0.20028464496135712,0.3157992959022522,True
65209,-0.12894120812416077,-0.2010640799999237,0.3160296082496643,True
65219,-0.13085277378559113,-0.20182056725025177,0.31541603803634644,True
65229,-0.13359056413173676,-0.2022767812013626,0.3155273199081421,True
65239,-0.13482461869716644,-0.20248746871948242,0.3155961036682129,True
65249,-0.1370241343975067,-0.2025708258152008,0.31561020016670227,True
65260,-0.1404591202735901,-0.20466084778308868,0.31556811928749084,True
65269,-0.14260630309581757,-0.20480704307556152,0.3144826292991638,True
65279,-0.14373667538166046,-0.2054009735584259,0.31427711248397827,True
65289,-0.1443861424922943,-0.2062111496925354,0.3140247166156769,True
65299,-0.14742501080036163,-0.20712611079216003,0.313687801361084,True
65309,-0.14763738214969635,-0.20696388185024261,0.31665268540382385,True
65319,-0.15069580078125,-0.20854376256465912,0.3161146342754364,True
65329,-0.15228287875652313,-0.20766572654247284,0.31610479950904846,True
65339,-0.15538813173770905,-0.20898202061653137,0.31575191020965576,True
65349,-0.15848444402217865,-0.20894797146320343,0.31666991114616394,True
65359,-0.15848444402217865,-0.20894797146320343,0.31666991114616394,True
65369,-0.15899568796157837,-0.21328842639923096,0.3159048557281494,True
65379,-0.15916261076927185,-0.21337038278579712,0.3159037232398987,True
65390,-0.16282305121421814,-0.21373391151428223,0.31503230333328247,True
65399,-0.1654302477836609,-0.2155032455921173,0.31073611974716187,True
65410,-0.1654302477836609,-0.2155032455921173,0.31073611974716187,True
65419,-0.16674526035785675,-0.21681468188762665,0.31004759669303894,True
65430,-0.1658090054988861,-0.2178899049758911,0.3086569011211395,True
65439,-0.1655009239912033,-0.2180500328540802,0.3045598864555359,True
65449,-0.16771623492240906,-0.21808011829853058,0.30360734462738037,True
65459,-0.16843928396701813,-0.21925906836986542,0.3026537299156189,True
65469,-0.1698729544878006,-0.21950092911720276,0.30169999599456787,True
65479,-0.17342890799045563,-0.2204349935054779,0.29969796538352966,True
65489,-0.17429058253765106,-0.2209276407957077,0.2987317740917206,True
65499,-0.1760418564081192,-0.22072423994541168,0.2977983057498932,True
65509,-0.17644891142845154,-0.22224515676498413,0.29689866304397583,True
65519,-0.17821291089057922,-0.22316059470176697,0.2960314154624939,True
65529,-0.17928355932235718,-0.22401437163352966,0.2971435487270355,True
65539,-0.1807604730129242,-0.22432003915309906,0.2964937388896942,True
65549,-0.18455497920513153,-0.22578245401382446,0.2958836257457733,True
65559,-0.1854526400566101,-0.22639553248882294,0.295362651348114,True
65569,-0.18607017397880554,-0.2270849198102951,0.29105690121650696,True
65579,-0.18853379786014557,-0.22677993774414062,0.2904488146305084,True
65589,-0.18978092074394226,-0.2285977602005005,0.2899200916290283,True
65599,-0.1908780187368393,-0.2282443642616272,0.2894803583621979,True
65609,-0.19124135375022888,-0.22869645059108734,0.28906774520874023,True
65619,-0.1928166002035141,-0.2313881814479828,0.28875744342803955,True
65629,-0.1949092447757721,-0.23193155229091644,0.2884942591190338,True
65639,-0.19711585342884064,-0.23179136216640472,0.28828299045562744,True
65649,-0.20016811788082123,-0.23312395811080933,0.28812727332115173,True
65659,-0.2005237489938736,-0.23381119966506958,0.28882357478141785,True
65669,-0.20163363218307495,-0.23456446826457977,0.2888556122779846,True
65679,-0.2033141702413559,-0.23471678793430328,0.2889610826969147,True
65689,-0.2011699676513672,-0.23589353263378143,0.2891812324523926,True
65699,-0.2029077112674713,-0.23598714172840118,0.2900330722332001,True
65709,-0.2047312706708908,-0.23703506588935852,0.29040899872779846,True
65719,-0.20842918753623962,-0.23878678679466248,0.29083451628685,True
65729,-0.21010293066501617,-0.23895807564258575,0.2913148105144501,True
65739,-0.2080087512731552,-0.2397971749305725,0.29525962471961975,True
65749,-0.2103094458580017,-0.23989583551883698,0.29597851634025574,True
65760,-0.21138812601566315,-0.24119368195533752,0.2967173457145691,True
65770,-0.21245954930782318,-0.2410162389278412,0.2974749505519867,True
65780,-0.2135520726442337,-0.24212105572223663,0.29824885725975037,True
65789,-0.21574003994464874,-0.24271732568740845,0.2982313334941864,True
65800,-0.2170855849981308,-0.24332183599472046,0.2990061938762665,True
65809,-0.21810048818588257,-0.24461312592029572,0.2997925579547882,True
65820,-0.21989509463310242,-0.24484439194202423,0.3006399869918823,True
65829,-0.22162021696567535,-0.24571242928504944,0.2996984124183655,True
65840,-0.2232702076435089,-0.24592731893062592,0.3002978265285492,True
65850,-0.22524942457675934,-0.24672885239124298,0.300849974155426,True
65860,-0.22692270576953888,-0.24694637954235077,0.3013508915901184,True
65870,-0.2271953672170639,-0.24706941843032837,0.2985255718231201,True
65880,-0.22885197401046753,-0.2472703605890274,0.2987508177757263,True
65890,-0.23200835287570953,-0.24877187609672546,0.2988910675048828,True
65900,-0.23372329771518707,-0.2489825189113617,0.2989673614501953,True
65910,-0.23467829823493958,-0.24914701282978058,0.2989935576915741,True
65920,-0.2364027202129364,-0.24932537972927094,0.29892459511756897,True
65930,-0.2368084192276001,-0.25038209557533264,0.29881566762924194,True
65940,-0.23853322863578796,-0.2505440413951874,0.29865577816963196,True
65950,-0.24066078662872314,-0.25131872296333313,0.29843592643737793,True
65959,-0.2424178272485733,-0.25145813822746277,0.29807040095329285,True
65970,-0.24582667648792267,-0.2523699998855591,0.2974444627761841,True
65979,-0.24582667648792267,-0.2523699998855591,0.2974444627761841,True
65990,-0.2494371086359024,-0.2525087296962738,0.29672545194625854,True
65999,-0.24953311681747437,-0.25247952342033386,0.29830601811408997,True
66010,-0.2543877363204956,-0.25351181626319885,0.2977118492126465,True
66019,-0.2543877363204956,-0.25351181626319885,0.2977118492126465,True
66029,-0.25698646903038025,-0.25331735610961914,0.29742196202278137,True
66039,-0.25871798396110535,-0.2539587616920471,0.2971564829349518,True
66049,-0.2608504593372345,-0.2538822293281555,0.30129721760749817,True
66059,-0.2627590596675873,-0.25387582182884216,0.30130669474601746,True
66069,-0.2575901448726654,-0.25834929943084717,0.3013993501663208,True
66080,-0.2594572901725769,-0.2584470212459564,0.3014526665210724,True
66090,-0.26303786039352417,-0.25820764899253845,0.3005646765232086,True
66099,-0.26303786039352417,-0.25820764899253845,0.3005646765232086,True
66110,-0.26555129885673523,-0.258201539516449,0.3006088137626648,True
66120,-0.2664271295070648,-0.25792011618614197,0.30068230628967285,True
66130,-0.2723429799079895,-0.2577970325946808,0.30211514234542847,True
66139,-0.2723848819732666,-0.2577839493751526,0.3026660978794098,True
66149,-0.27338433265686035,-0.25800320506095886,0.3028774559497833,True
66159,-0.27523815631866455,-0.2579919397830963,0.3031027913093567,True
66170,-0.277100533246994,-0.25797227025032043,0.30333831906318665,True
66179,-0.27823784947395325,-0.2605559825897217,0.30466505885124207,True
66190,-0.28010284900665283,-0.26058900356292725,0.3049776554107666,True
66199,-0.2823600471019745,-0.2602454423904419,0.3052949905395508,True
66210,-0.2842583656311035,-0.26026400923728943,0.30559778213500977,True
66219,-0.2834910750389099,-0.259147047996521,0.3059118986129761,True
66230,-0.28514838218688965,-0.2585460841655731,0.3053763806819916,True
66239,-0.28804177045822144,-0.2594035863876343,0.3055914342403412,True
66250,-0.29106998443603516,-0.2592185139656067,0.3057969808578491,True
66259,-0.2918543517589569,-0.25937628746032715,0.3060234785079956,True
66270,-0.2922388017177582,-0.2592479884624481,0.30706366896629333,True
66279,-0.29651281237602234,-0.2599124610424042,0.3073098361492157,True
66290,-0.29809999465942383,-0.26051926612854004,0.30754849314689636,True
66299,-0.2992542088031769,-0.259593665599823,0.3077700734138489,True
66310,-0.3005417585372925,-0.26051488518714905,0.30919453501701355,True
66319,-0.3017628788948059,-0.2601693570613861,0.3094531297683716,True
66330,-0.3034890294075012,-0.2594960629940033,0.309707373380661,True
66339,-0.3052584230899811,-0.25937962532043457,0.3099381625652313,True
66350,-0.30803728103637695,-0.2583920657634735,0.30827993154525757,True
66359,-0.30803728103637695,-0.2583920657634735,0.30827993154525757,True
66370,-0.3094368875026703,-0.2578330636024475,0.3082854747772217,True
66379,-0.31073546409606934,-0.25915154814720154,0.30829373002052307,True
66389,-0.31293123960494995,-0.25881946086883545,0.30827873945236206,True
66399,-0.31418758630752563,-0.2582465410232544,0.3062152564525604,True
66409,-0.3150748908519745,-0.2601509988307953,0.306013822555542,True
66419,-0.3157205879688263,-0.2597520053386688,0.30577850341796875,True
66429,-0.31724169850349426,-0.2587866187095642,0.3055047392845154,True
66439,-0.3178780674934387,-0.2576921284198761,0.30924639105796814,True
66449,-0.3186972737312317,-0.25694963335990906,0.3091731667518616,True
66459,-0.3194481134414673,-0.2565065324306488,0.3090831935405731,True
66469,-0.3199719190597534,-0.25474074482917786,0.3089853823184967,True
66479,-0.32103562355041504,-0.2528069019317627,0.30887869000434875,True
66489,-0.3211337625980377,-0.25236213207244873,0.3069364130496979,True
66499,-0.32182577252388,-0.25117945671081543,0.3067341148853302,True
66509,-0.3230341076850891,-0.2495575100183487,0.30652153491973877,True
66519,-0.32294660806655884,-0.2485991269350052,0.3062905967235565,True
66529,-0.3235294818878174,-0.24735823273658752,0.30490192770957947,True
66539,-0.3230283856391907,-0.25030317902565,0.3046129047870636,True
66549,-0.3240729570388794,-0.2470589280128479,0.30426743626594543,True
66559,-0.3244621157646179,-0.2456306368112564,0.30394354462623596,True
66569,-0.32510003447532654,-0.24494695663452148,0.30353912711143494,True
66579,-0.32573196291923523,-0.24366502463817596,0.3032477796077728,True
66589,-0.32445597648620605,-0.2413695901632309,0.3029659390449524,True
66599,-0.3246401846408844,-0.23976612091064453,0.30269697308540344,True
66610,-0.3258092999458313,-0.2385656088590622,0.3017455041408539,True
66619,-0.3257279694080353,-0.23651525378227234,0.3015040159225464,True
66629,-0.3261045813560486,-0.23573264479637146,0.30128753185272217,True
66639,-0.3261655867099762,-0.2339947670698166,0.3010830283164978,True
66649,-0.3259187638759613,-0.23342648148536682,0.30092597007751465,True
66659,-0.3259519338607788,-0.23041118681430817,0.2987506687641144,True
66669,-0.32591086626052856,-0.22855664789676666,0.2985345125198364,True
66679,-0.32626640796661377,-0.2269463837146759,0.298332154750824,True
66689,-0.32624179124832153,-0.2253425568342209,0.29813429713249207,True
66699,-0.3257257640361786,-0.22373054921627045,0.2975158989429474,True
66709,-0.32597315311431885,-0.22193601727485657,0.29733723402023315,True
66719,-0.32665184140205383,-0.21985390782356262,0.29718148708343506,True
66729,-0.32649537920951843,-0.217838317155838,0.29705291986465454,True
66740,-0.3265079855918884,-0.21650153398513794,0.2969464063644409,True
66749,-0.3253384828567505,-0.2143186628818512,0.29918715357780457,True
66759,-0.3253048360347748,-0.2120594084262848,0.29926589131355286,True
66769,-0.32508301734924316,-0.21000398695468903,0.2993764281272888,True
66779,-0.3248002529144287,-0.20933158695697784,0.2995268702507019,True
66789,-0.324714332818985,-0.20864807069301605,0.30058377981185913,True
66799,-0.32539132237434387,-0.20543967187404633,0.3008057475090027,True
66809,-0.32515642046928406,-0.20330536365509033,0.3010619878768921,True
66819,-0.32420727610588074,-0.2012559175491333,0.3013363778591156,True
66829,-0.3239719867706299,-0.1992003321647644,0.30062729120254517,True
66839,-0.3242185115814209,-0.19832512736320496,0.3008815348148346,True
66849,-0.32426467537879944,-0.1972850263118744,0.3011372685432434,True
66859,-0.3229183554649353,-0.19533421099185944,0.301389217376709,True
66869,-0.32263267040252686,-0.1932317018508911,0.3016603887081146,True
66879,-0.3221151828765869,-0.1909533590078354,0.30479344725608826,True
66889,-0.3218298554420471,-0.1888476461172104,0.30519941449165344,True
66899,-0.3225701153278351,-0.18685047328472137,0.3056185245513916,True
66909,-0.32215437293052673,-0.1848650574684143,0.30609461665153503,True
66919,-0.32190847396850586,-0.18281401693820953,0.30592140555381775,True
66929,-0.32378843426704407,-0.18510088324546814,0.3063386082649231,True
66939,-0.32332292199134827,-0.183521568775177,0.3067030608654022,True
66949,-0.32310977578163147,-0.18153637647628784,0.30704617500305176,True
66959,-0.32564377784729004,-0.18203620612621307,0.30763211846351624,True
66969,-0.32343706488609314,-0.17998917400836945,0.30795347690582275,True
66979,-0.3243265151977539,-0.17770932614803314,0.30824345350265503,True
66989,-0.32376375794410706,-0.17717280983924866,0.308524489402771,True
66999,-0.32409051060676575,-0.17458225786685944,0.30875810980796814,True
67009,-0.32435736060142517,-0.17320846021175385,0.30826812982559204,True
67019,-0.3246411681175232,-0.1723872423171997,0.3084269165992737,True
67029,-0.324171245098114,-0.17098182439804077,0.3085508942604065,True
67039,-0.32405224442481995,-0.16910068690776825,0.30863991379737854,True
67049,-0.3255217969417572,-0.16972224414348602,0.3100365698337555,True
67059,-0.32537999749183655,-0.16870784759521484,0.31014391779899597,True
67069,-0.3253057897090912,-0.165891632437706,0.31020522117614746,True
67079,-0.32421112060546875,-0.16380822658538818,0.31025347113609314,True
67089,-0.32412847876548767,-0.162162184715271,0.3070845305919647,True
67099,-0.32423388957977295,-0.16493967175483704,0.3054494559764862,True
67109,-0.3244335949420929,-0.16269861161708832,0.30517256259918213,True
67119,-0.3239739239215851,-0.16161400079727173,0.3048827350139618,True
67129,-0.3246471583843231,-0.1605057567358017,0.30458587408065796,True
67139,-0.32392260432243347,-0.15874382853507996,0.3041872978210449,True
67149,-0.32419535517692566,-0.15788720548152924,0.30388739705085754,True
67159,-0.3239882290363312,-0.15708699822425842,0.3036050498485565,True
67169,-0.32371410727500916,-0.15328341722488403,0.30331265926361084,True
67179,-0.32381030917167664,-0.15258611738681793,0.3030574321746826,True
67189,-0.32374897599220276,-0.15085843205451965,0.3020899295806885,True
67199,-0.3238489031791687,-0.1510942280292511,0.30186328291893005,True
67209,-0.3237963318824768,-0.1493561714887619,0.3016780614852905,True
67219,-0.3236689567565918,-0.14783114194869995,0.30154046416282654,True
67229,-0.3236221671104431,-0.14603154361248016,0.3023996353149414,True
67239,-0.32232770323753357,-0.14697453379631042,0.3023827373981476,True
67249,-0.3222528398036957,-0.1452867090702057,0.3023703694343567,True
67259,-0.32179155945777893,-0.1436639428138733,0.3023945689201355,True
67269,-0.32207903265953064,-0.1420994997024536,0.30192118883132935,True
67279,-0.3217433989048004,-0.1407100260257721,0.302028626203537,True
67289,-0.3216877579689026,-0.13939988613128662,0.30218538641929626,True
67299,-0.32248958945274353,-0.14307530224323273,0.30242636799812317,True
67310,-0.32242533564567566,-0.14150938391685486,0.30268678069114685,True
67319,-0.32257434725761414,-0.13965056836605072,0.30271995067596436,True
67330,-0.32234588265419006,-0.1368769258260727,0.3030274510383606,True
67339,-0.3222801387310028,-0.1352671980857849,0.30336716771125793,True
67349,-0.3228074312210083,-0.1340043693780899,0.30373719334602356,True
67359,-0.32275328040122986,-0.13254207372665405,0.30172866582870483,True
67369,-0.3226005733013153,-0.13324877619743347,0.3020206391811371,True
67380,-0.32388541102409363,-0.13242337107658386,0.3023254871368408,True
67389,-0.323862224817276,-0.13088157773017883,0.3026505410671234,True
67399,-0.3239069879055023,-0.1296033263206482,0.3033633530139923,True
67409,-0.32388216257095337,-0.12789776921272278,0.303733766078949,True
67419,-0.32375386357307434,-0.12939921021461487,0.30407989025115967,True
67429,-0.32372820377349854,-0.12790633738040924,0.30439895391464233,True
67440,-0.32280245423316956,-0.12876638770103455,0.30745065212249756,True
67449,-0.32275259494781494,-0.1273142397403717,0.3079196512699127,True
67459,-0.3231186270713806,-0.1257125288248062,0.3083797097206116,True
67469,-0.3229784071445465,-0.12412320822477341,0.3088431656360626,True
67479,-0.3228898346424103,-0.1224469542503357,0.30931881070137024,True
67489,-0.32283803820610046,-0.12083877623081207,0.31145554780960083,True
67499,-0.3228476345539093,-0.12064342200756073,0.3119988441467285,True
67509,-0.32273799180984497,-0.1191663146018982,0.3125275671482086,True
67519,-0.32268285751342773,-0.11766189336776733,0.313035249710083,True
67529,-0.3246799111366272,-0.11640142649412155,0.31751999258995056,True
67539,-0.32467254996299744,-0.11487455666065216,0.3181709051132202,True
67549,-0.32466334104537964,-0.11333149671554565,0.31880983710289,True
67559,-0.3258492648601532,-0.11450375616550446,0.31944164633750916,True
67569,-0.32586753368377686,-0.11299622058868408,0.32001882791519165,True
67579,-0.32588255405426025,-0.11141438782215118,0.32133883237838745,True
67589,-0.3259003758430481,-0.10986869037151337,0.3218998908996582,True
67599,-0.33030685782432556,-0.11331027746200562,0.32243698835372925,True
67609,-0.33081957697868347,-0.11151015758514404,0.32288965582847595,True
67619,-0.3296351432800293,-0.1104656383395195,0.32474982738494873,True
67629,-0.3306679129600525,-0.10841801762580872,0.3252056837081909,True
67639,-0.3308044373989105,-0.10688181966543198,0.32559269666671753,True
67649,-0.33094263076782227,-0.10532199591398239,0.3259162902832031,False
67659,-0.3298729956150055,-0.1044442430138588,0.32683148980140686,False
67669,-0.32998067140579224,-0.1028539389371872,0.32704874873161316,False
67679,-0.32985103130340576,-0.10140834003686905,0.3271956443786621,False
67689,-0.3305113613605499,-0.10013110190629959,0.3273049294948578,False
67700,-0.3309839963912964,-0.09873908758163452,0.3273795247077942,False
67709,-0.33060187101364136,-0.09739675372838974,0.32248708605766296,False
67719,-0.3300838768482208,-0.09610271453857422,0.32219764590263367,False
67729,-0.3289901614189148,-0.09497281908988953,0.3218700885772705,False
67739,-0.32830801606178284,-0.09331014752388,0.32148608565330505,False
67749,-0.3282935619354248,-0.09166456013917923,0.3201654553413391,False
67759,-0.3278419077396393,-0.09063582122325897,0.3196415901184082,False
67769,-0.32832106947898865,-0.08873000741004944,0.31909096240997314,False
67779,-0.32820454239845276,-0.08706090599298477,0.3184816539287567,False
67789,-0.32845640182495117,-0.08422431349754333,0.3173190951347351,False
67799,-0.32826265692710876,-0.0825609415769577,0.31658557057380676,False
67809,-0.32855290174484253,-0.08041706681251526,0.31581687927246094,False
67819,-0.32840004563331604,-0.07882755249738693,0.3150051236152649,False
67830,-0.3280799388885498,-0.07721935212612152,0.3141848146915436,False
67840,-0.3277016580104828,-0.07819520682096481,0.3146812319755554,False
67849,-0.3272790312767029,-0.07670476287603378,0.3139590322971344,False
67860,-0.32714036107063293,-0.07407800108194351,0.31325262784957886,False
67869,-0.3266187906265259,-0.07261102646589279,0.31255602836608887,False
67879,-0.32630860805511475,-0.07238033413887024,0.3128264546394348,False
67889,-0.3257160186767578,-0.06940516829490662,0.3121621608734131,False
67899,-0.32526734471321106,-0.0690409392118454,0.31158173084259033,False
67909,-0.32488691806793213,-0.06688138097524643,0.31102442741394043,False
67919,-0.32415103912353516,-0.06554961949586868,0.31072723865509033,False
67929,-0.32357603311538696,-0.06419620662927628,0.31024155020713806,False
67939,-0.32250046730041504,-0.06184837594628334,0.30978450179100037,False
67949,-0.3220363259315491,-0.061677128076553345,0.30936819314956665,False
67959,-0.3219929039478302,-0.059871330857276917,0.3089807629585266,False
67969,-0.32130166888237,-0.058693911880254745,0.30788499116897583,False
67979,-0.3204219341278076,-0.05595625191926956,0.3074786067008972,False
67989,-0.3190085291862488,-0.05605100467801094,0.3070852756500244,False
67999,-0.31816181540489197,-0.05562392994761467,0.3067128360271454,False
68009,-0.31751948595046997,-0.05389342084527016,0.3054669499397278,False
68019,-0.316984087228775,-0.05302894115447998,0.3050728142261505,False
68029,-0.3170136511325836,-0.050628453493118286,0.30467286705970764,False
68039,-0.3141944408416748,-0.04998793080449104,0.3042552173137665,False
68049,-0.31133246421813965,-0.04944734647870064,0.30481812357902527,False
68059,-0.3095509111881256,-0.04838824272155762,0.30507704615592957,False
68069,-0.3090069890022278,-0.04748571664094925,0.3048822581768036,False
68079,-0.3070647716522217,-0.046742476522922516,0.30471301078796387,False
68089,-0.30504098534584045,-0.045487552881240845,0.30456864833831787,False
68099,-0.3034447729587555,-0.044852882623672485,0.3028283417224884,False
68109,-0.30009809136390686,-0.045839373022317886,0.3026365041732788,False
68119,-0.2994913160800934,-0.044915713369846344,0.3024618625640869,False
68129,-0.2991166114807129,-0.043368034064769745,0.30229657888412476,False
68140,-0.2972397208213806,-0.0429496243596077,0.3021154999732971,False
68149,-0.2942638099193573,-0.04214853420853615,0.29918769001960754,False
68159,-0.2922804653644562,-0.04179191216826439,0.29886317253112793,False
68169,-0.29202428460121155,-0.04092595726251602,0.298560231924057,False
68179,-0.2911330461502075,-0.040059708058834076,0.298254132270813,False
68189,-0.2884865701198578,-0.039053332060575485,0.2985265851020813,False
68199,-0.2864321768283844,-0.038762520998716354,0.29830098152160645,False
68209,-0.2835533618927002,-0.0383087657392025,0.2980877757072449,False
68219,-0.2824796438217163,-0.03734283894300461,0.2978975474834442,False
68229,-0.27946937084198,-0.037257153540849686,0.3004531264305115,False
68239,-0.27734652161598206,-0.037081170827150345,0.3004037141799927,False
68249,-0.2745414674282074,-0.036362189799547195,0.3003690540790558,False
68259,-0.273790180683136,-0.035415444523096085,0.30036455392837524,False
68270,-0.27159014344215393,-0.035204023122787476,0.30037209391593933,False
68279,-0.2679218351840973,-0.03468930721282959,0.3025963306427002,False
68289,-0.26565805077552795,-0.03449880704283714,0.3027333915233612,False
68299,-0.26460811495780945,-0.033083658665418625,0.3028838336467743,False
68310,-0.2623518109321594,-0.032885629683732986,0.30302056670188904,False
68320,-0.2584136426448822,-0.03237545117735863,0.3026706874370575,False
68330,-0.25528624653816223,-0.03224234655499458,0.3027718961238861,False
68340,-0.25532081723213196,-0.03159216046333313,0.30289217829704285,False
68350,-0.25494828820228577,-0.031858623027801514,0.3029972314834595,False
68360,-0.24919183552265167,-0.03101786971092224,0.30605968832969666,False
68369,-0.2482220083475113,-0.030772892758250237,0.30629000067710876,False
68379,-0.2465354949235916,-0.029205257073044777,0.30650824308395386,False
68389,-0.24300113320350647,-0.028615426272153854,0.3067389726638794,False
68400,-0.23981478810310364,-0.028773745521903038,0.3076934814453125,False
68409,-0.2374722957611084,-0.028604699298739433,0.3078758716583252,False
68419,-0.23518159985542297,-0.027647586539387703,0.30801117420196533,False
68429,-0.23253877460956573,-0.026600828394293785,0.3080964982509613,False
68439,-0.2301827073097229,-0.02641882188618183,0.3081565797328949,False
68449,-0.2364056557416916,-0.024558568373322487,0.3081992566585541,False
68459,-0.23188680410385132,-0.024437744170427322,0.3082112669944763,False
68469,-0.2305183857679367,-0.024551641196012497,0.30823031067848206,False
68479,-0.23008720576763153,-0.024486642330884933,0.30823850631713867,False
68489,-0.22904083132743835,-0.025917548686265945,0.3051614761352539,False
68499,-0.2251826673746109,-0.024730224162340164,0.30494239926338196,False
68509,-0.2225283682346344,-0.023262590169906616,0.3047085106372833,False
68519,-0.22035281360149384,-0.022484852001070976,0.3044675588607788,False
68530,-0.22021353244781494,-0.02055152878165245,0.30609941482543945,False
68539,-0.21833397448062897,-0.020538324490189552,0.3058868944644928,False
68549,-0.2165030837059021,-0.020581182092428207,0.30564895272254944,False
68559,-0.21597261726856232,-0.01642155833542347,0.3054211139678955,False
68569,-0.2103021889925003,-0.015721647068858147,0.3051418364048004,False
68579,-0.21002013981342316,-0.015449786558747292,0.3100546896457672,False
68589,-0.20940221846103668,-0.015227051451802254,0.3100244998931885,False
68599,-0.20470042526721954,-0.014113578014075756,0.30996939539909363,False
68609,-0.20390331745147705,-0.014023087918758392,0.3098951280117035,False
68619,-0.2024492472410202,-0.014090831391513348,0.30668285489082336,False
68629,-0.20199507474899292,-0.014509818516671658,0.3063971996307373,False
68639,-0.2009313404560089,-0.013601740822196007,0.3060850501060486,False
68649,-0.19979186356067657,-0.01312615443021059,0.3057613670825958,False
68660,-0.19942723214626312,-0.012447819113731384,0.3054392635822296,False
68669,-0.1977538764476776,-0.012862065806984901,0.30566921830177307,False
68679,-0.19442667067050934,-0.010651237331330776,0.30535486340522766,False
68689,-0.1932988166809082,-0.01113551389425993,0.3050011098384857,False
68699,-0.19229982793331146,-0.010679127648472786,0.3046185374259949,False
68709,-0.19114047288894653,-0.010004641488194466,0.298872709274292,False
68719,-0.1907767951488495,-0.010538742877542973,0.2981865406036377,False
68729,-0.18839222192764282,-0.00896800123155117,0.29750746488571167,False
68739,-0.18777506053447723,-0.00845481175929308,0.2968260943889618,False
68749,-0.18701225519180298,-0.009389533661305904,0.2988857328891754,False
68759,-0.18623989820480347,-0.010144283063709736,0.29837045073509216,False
68769,-0.18470589816570282,-0.008716466836631298,0.29788145422935486,False
68779,-0.18411405384540558,-0.008112933486700058,0.29740896821022034,False
68790,-0.18346674740314484,-0.008954612538218498,0.29695552587509155,False
68799,-0.1831035017967224,-0.006770172156393528,0.2938747704029083,False
68810,-0.18254874646663666,-0.007651226129382849,0.2933281660079956,False
68820,-0.18213050067424774,-0.003970906138420105,0.2928183376789093,False
68829,-0.18165850639343262,-0.004848960787057877,0.29229944944381714,False
68839,-0.18136563897132874,-0.005227352492511272,0.28988829255104065,False
68849,-0.1809382289648056,-0.006296366453170776,0.2892680764198303,False
68859,-0.1805906593799591,-0.007323642261326313,0.2887609601020813,False
68869,-0.18028134107589722,-0.008403809741139412,0.28831517696380615,False
68879,-0.17673328518867493,-0.00033175735734403133,0.2893807888031006,False
68889,-0.17641453444957733,-0.0012926269555464387,0.2890929579734802,False
68899,-0.1753385215997696,-0.001180380000732839,0.2888459265232086,False
68909,-0.1746453493833542,-0.0010090008145198226,0.28865042328834534,False
68920,-0.1738792359828949,-0.0011363233206793666,0.2912237048149109,False
68929,-0.17362916469573975,-0.0022128913551568985,0.2912708520889282,False
68939,-0.17322412133216858,-0.002380167134106159,0.2913794219493866,False
68949,-0.1729181706905365,-0.0032241223379969597,0.2915268838405609,False
68959,-0.1731332391500473,-0.003552193520590663,0.2917081117630005,False
68969,-0.17293088138103485,-0.004661638289690018,0.2910718321800232,False
68979,-0.17277869582176208,-0.0059282113797962666,0.29125553369522095,False
68989,-0.17264267802238464,-0.007241509854793549,0.29146021604537964,False
68999,-0.1680992692708969,0.00407036580145359,0.29180708527565,False
69009,-0.1682993620634079,0.0026082394178956747,0.29556208848953247,False
69019,-0.1676475554704666,0.0009194641606882215,0.297623872756958,False
69029,-0.16779324412345886,8.641218300908804e-05,0.2982187867164612,False
69039,-0.1675039827823639,-0.0009972434490919113,0.2988145053386688,False
69049,-0.16733086109161377,-0.0022356975823640823,0.2994081974029541,False
69059,-0.1671406775712967,-0.003416675142943859,0.29922929406166077,False
69069,-0.16639864444732666,-0.0006152314599603415,0.2997608482837677,False
69079,-0.16623181104660034,-0.0018538585864007473,0.30024710297584534,False
69089,-0.16590212285518646,-0.0024660672061145306,0.30070674419403076,False
69099,-0.16574300825595856,-0.0037642198149114847,0.30114009976387024,False
69109,-0.16552144289016724,-0.004773256368935108,0.2987981140613556,False
69119,-0.1641758233308792,-0.0013504144735634327,0.2990480065345764,False
69129,-0.1635565161705017,-0.0013904960360378027,0.2992314100265503,False
69139,-0.16336767375469208,-0.0026637795381247997,0.2993673086166382,False
69149,-0.1628699004650116,-0.0045026452280581,0.30153536796569824,False
69159,-0.16267575323581696,-0.005858244840055704,0.3017290532588959,False
69169,-0.16288883984088898,-0.005373484455049038,0.30190783739089966,False
69179,-0.1627083718776703,-0.006740115582942963,0.3020380437374115,False
69190,-0.1619424670934677,-0.00779727753251791,0.302141398191452,False
69199,-0.1616111844778061,-0.007968705147504807,0.30497872829437256,False
69209,-0.16168466210365295,-0.008036776445806026,0.3051852285861969,False
69219,-0.16021820902824402,-0.010987933725118637,0.3053402900695801,False
69229,-0.1587381213903427,-0.011487213894724846,0.3054889738559723,False
69239,-0.15863750874996185,-0.012644674628973007,0.31058937311172485,False
69250,-0.15847694873809814,-0.0144269447773695,0.3109266757965088,False
69259,-0.15823958814144135,-0.01584745943546295,0.31123000383377075,False
69269,-0.15804354846477509,-0.017487896606326103,0.31150728464126587,False
69279,-0.15705998241901398,-0.017167264595627785,0.31115224957466125,False
