23059,-0.034732263535261154,-0.019825797528028488,0.3080025613307953,False
23069,-0.03331301361322403,-0.019986484199762344,0.3084491193294525,False
23079,-0.033599160611629486,-0.020918862894177437,0.3089030683040619,False
23089,-0.03358013927936554,-0.02099979855120182,0.3093453347682953,False
23099,-0.03355379030108452,-0.021077359095215797,0.3105345070362091,False
23109,-0.03352803364396095,-0.021154019981622696,0.31098151206970215,False
23119,-0.033498603850603104,-0.021228821948170662,0.3114437460899353,False
23129,-0.033465676009655,-0.02130190096795559,0.3119125962257385,False
23139,-0.03342961519956589,-0.021373223513364792,0.312381386756897,False
23149,-0.033394813537597656,-0.021444685757160187,0.31195780634880066,False
23159,-0.033354032784700394,-0.021512243896722794,0.31237563490867615,False
23169,-0.03391966596245766,-0.024847904220223427,0.3127763569355011,False
23179,-0.033889904618263245,-0.024991350248456,0.31315967440605164,False
23189,-0.03384588286280632,-0.02513762190937996,0.31574779748916626,False
23199,-0.033812008798122406,-0.025279590860009193,0.316220223903656,False
23209,-0.03377598896622658,-0.02542095072567463,0.3166883885860443,False
23219,-0.033737681806087494,-0.025561746209859848,0.3171480596065521,False
23229,-0.03590404987335205,-0.024657268077135086,0.31834062933921814,False
23239,-0.03591839596629143,-0.0247690137475729,0.3187888264656067,False
23249,-0.03593188151717186,-0.024879062548279762,0.31922897696495056,False
23259,-0.03594488278031349,-0.024987107142806053,0.31966251134872437,False
23269,-0.035957567393779755,-0.025093024596571922,0.3200823962688446,False
23279,-0.035970158874988556,-0.025196824222803116,0.3204517066478729,False
23289,-0.03583298251032829,-0.027940936386585236,0.3208233416080475,False
23299,-0.03584007918834686,-0.028114769607782364,0.32117074728012085,False
23309,-0.035845935344696045,-0.02828807197511196,0.3215024471282959,False
23319,-0.03639853373169899,-0.028172971680760384,0.3212248682975769,False
23329,-0.03641686215996742,-0.028337232768535614,0.32150623202323914,False
23339,-0.036168623715639114,-0.02822602353990078,0.3217572271823883,False
23349,-0.036176394671201706,-0.028396811336278915,0.3219919800758362,False
23359,-0.036504801362752914,-0.028235994279384613,0.32060104608535767,False
23369,-0.03649718314409256,-0.02871941588819027,0.3206826448440552,False
23379,-0.0367099866271019,-0.028983788564801216,0.3207302391529083,False
23389,-0.036470841616392136,-0.029096703976392746,0.3207589387893677,False
23399,-0.03642962872982025,-0.029379015788435936,0.3207681477069855,False
23409,-0.03643697872757912,-0.029529036954045296,0.3191676735877991,False
23419,-0.03601440042257309,-0.02952589839696884,0.31905597448349,False
23429,-0.03622175008058548,-0.0296263936907053,0.3189367651939392,False
23439,-0.036455970257520676,-0.029773209244012833,0.3188123404979706,False
23449,-0.036450278013944626,-0.02990945242345333,0.31915995478630066,False
23459,-0.03650696203112602,-0.030674010515213013,0.3191591203212738,False
23469,-0.03650181367993355,-0.030832471325993538,0.31902801990509033,False
23479,-0.03559168428182602,-0.03115198016166687,0.31887587904930115,False
23489,-0.035553574562072754,-0.03131144121289253,0.31844601035118103,False
23499,-0.035542331635951996,-0.03163747116923332,0.3182711899280548,False
23509,-0.03550078719854355,-0.031798169016838074,0.3181004226207733,False
23519,-0.035556696355342865,-0.03191128745675087,0.3179348111152649,False
23529,-0.03551562875509262,-0.032065898180007935,0.3177749514579773,False
23539,-0.03547528013586998,-0.032218512147665024,0.31658121943473816,False
23549,-0.03543247655034065,-0.03236766159534454,0.31639307737350464,False
23559,-0.03648054227232933,-0.03276661038398743,0.31622210144996643,False
23569,-0.03647100552916527,-0.03291743993759155,0.316072016954422,False
23579,-0.03659337759017944,-0.03325666859745979,0.3159725069999695,False
23589,-0.036305636167526245,-0.03333542123436928,0.3159066140651703,False
23599,-0.03628727048635483,-0.03348000720143318,0.3158911466598511,False
23609,-0.036330852657556534,-0.03374157473444939,0.31591716408729553,False
23619,-0.0363118052482605,-0.03388306498527527,0.3159877359867096,False
23629,-0.03629205748438835,-0.034020863473415375,0.3160868287086487,False
23639,-0.036271873861551285,-0.034155018627643585,0.3162130117416382,False
23649,-0.03649478778243065,-0.03380833938717842,0.3163700997829437,False
23659,-0.036481790244579315,-0.033919256180524826,0.31655997037887573,False
23669,-0.03647059202194214,-0.03402611240744591,0.3156898617744446,False
23679,-0.03656301647424698,-0.03460271656513214,0.31589657068252563,False
23689,-0.036554109305143356,-0.03471590578556061,0.31614089012145996,False
23699,-0.036131031811237335,-0.034220948815345764,0.3164169490337372,False
23709,-0.036098942160606384,-0.034551046788692474,0.31795734167099,False
23719,-0.03607847914099693,-0.03464045748114586,0.31833353638648987,False
23729,-0.03605895861983299,-0.03472617641091347,0.3187125623226166,False
23739,-0.03604031354188919,-0.03480849042534828,0.3190963566303253,False
23749,-0.03602103888988495,-0.03488598391413689,0.32079049944877625,False
23759,-0.03600315749645233,-0.0349620059132576,0.3212530016899109,False
23769,-0.039064183831214905,-0.036278124898672104,0.3217015266418457,False
23779,-0.03914601728320122,-0.0363888256251812,0.3221474885940552,False
23789,-0.03933624550700188,-0.03690947964787483,0.32312074303627014,False
23799,-0.03942468389868736,-0.03702948987483978,0.32363128662109375,False
23809,-0.03960809484124184,-0.037264902144670486,0.3245868384838104,False
23819,-0.03960809484124184,-0.037264902144670486,0.3245868384838104,False
23829,-0.039712730795145035,-0.03739224746823311,0.3250844180583954,False
23839,-0.03772458806633949,-0.03736184909939766,0.3237324655056,False
23849,-0.03804347664117813,-0.03739006072282791,0.32402899861335754,False
23859,-0.03808149695396423,-0.03749403357505798,0.3242942988872528,False
23869,-0.03800398111343384,-0.03772355243563652,0.3245347738265991,False
23879,-0.03824650123715401,-0.03798962011933327,0.3244655132293701,False
23889,-0.037901557981967926,-0.038024015724658966,0.32465001940727234,False
23899,-0.037923358380794525,-0.03812515363097191,0.3248045742511749,False
23909,-0.03794335946440697,-0.03822316974401474,0.3249383270740509,False
23919,-0.03796210139989853,-0.03831804171204567,0.32503166794776917,False
23929,-0.039060328155756,-0.038842760026454926,0.3251187205314636,False
23939,-0.039056748151779175,-0.03916161507368088,0.3251860737800598,False
23949,-0.03910817205905914,-0.03926916420459747,0.3252415955066681,False
23959,-0.03897636756300926,-0.03982163965702057,0.32528412342071533,False
23969,-0.039020512253046036,-0.03993915766477585,0.32439079880714417,False
23979,-0.039064403623342514,-0.040053434669971466,0.324377179145813,False
23989,-0.03875229135155678,-0.04011226072907448,0.32436802983283997,False
23999,-0.038781698793172836,-0.04021940380334854,0.32435497641563416,False
24009,-0.03954266011714935,-0.04010963439941406,0.32458946108818054,False
24019,-0.03928094357252121,-0.040400177240371704,0.3247005343437195,False
24029,-0.03953056409955025,-0.04049033299088478,0.32469603419303894,False
24039,-0.03924155980348587,-0.040541451424360275,0.3247118592262268,False
24049,-0.03927164897322655,-0.04062961786985397,0.3247299790382385,False
24059,-0.0394182913005352,-0.0410640612244606,0.32481738924980164,False
24069,-0.03944709524512291,-0.04115691035985947,0.3248131275177002,False
24079,-0.04002108797430992,-0.0421634167432785,0.3248045742511749,False
24089,-0.04006306827068329,-0.04227937385439873,0.3247891366481781,False
24099,-0.040103405714035034,-0.042391955852508545,0.32477080821990967,False
24109,-0.04014287516474724,-0.04250248149037361,0.32411766052246094,False
24119,-0.03971307724714279,-0.0394083634018898,0.3240688145160675,False
24129,-0.03948584571480751,-0.038822151720523834,0.3240129351615906,False
24139,-0.03982694447040558,-0.038538701832294464,0.3239600658416748,False
24149,-0.039840683341026306,-0.03969785198569298,0.3231790363788605,False
24159,-0.03992391377687454,-0.039221350103616714,0.32311078906059265,False
24169,-0.03970421105623245,-0.039131633937358856,0.32305899262428284,False
24179,-0.039768967777490616,-0.03981833904981613,0.32303234934806824,False
24189,-0.03977971896529198,-0.039496272802352905,0.3236403465270996,False
24199,-0.03977449983358383,-0.03945259749889374,0.3236740231513977,False
24209,-0.0397145114839077,-0.039533887058496475,0.32372424006462097,False
24219,-0.03989996761083603,-0.03945309668779373,0.3237839639186859,False
24229,-0.03992445766925812,-0.03918103873729706,0.3237564265727997,False
24239,-0.03994973003864288,-0.03885811194777489,0.32383590936660767,False
24249,-0.03997523710131645,-0.03848487138748169,0.32393619418144226,False
24259,-0.040000658482313156,-0.038061827421188354,0.324042946100235,False
24269,-0.04002586379647255,-0.03758905827999115,0.32414257526397705,False
24279,-0.04241931810975075,-0.03613725304603577,0.3243599236011505,False
24289,-0.042516931891441345,-0.03552703559398651,0.32448235154151917,False
24299,-0.0426349975168705,-0.03572017326951027,0.32463473081588745,False
24309,-0.042736560106277466,-0.035022132098674774,0.3247869908809662,False
24319,-0.04284029081463814,-0.034277405589818954,0.3247428238391876,False
24329,-0.04149126261472702,-0.036157380789518356,0.32495924830436707,False
24339,-0.0414179265499115,-0.035471443086862564,0.3251585364341736,False
24349,-0.0415852926671505,-0.03475053608417511,0.32533740997314453,False
24359,-0.04157475754618645,-0.0338447168469429,0.3239704966545105,False
24369,-0.04158927500247955,-0.03303742781281471,0.3240165114402771,False
24379,-0.04194677993655205,-0.032221924513578415,0.3240729868412018,False
24389,-0.0420595146715641,-0.0310044027864933,0.3241201639175415,False
24399,-0.04186156019568443,-0.02944880910217762,0.32414868474006653,False
24409,-0.04191748425364494,-0.02825690060853958,0.3243212401866913,False
24419,-0.04238973185420036,-0.02898458018898964,0.32438746094703674,False
24429,-0.04247765615582466,-0.02773701399564743,0.32442519068717957,False
24439,-0.04253450781106949,-0.026523135602474213,0.324468195438385,False
24449,-0.042542342096567154,-0.025300608947873116,0.3245416581630707,False
24459,-0.04250375181436539,-0.02412167750298977,0.324592649936676,False
24469,-0.04258449003100395,-0.022285163402557373,0.32462090253829956,False
24479,-0.04256000369787216,-0.02135598473250866,0.32465988397598267,False
24489,-0.042557939887046814,-0.018930800259113312,0.32544267177581787,False
24499,-0.04255439341068268,-0.017832012847065926,0.3258761763572693,False
24509,-0.042581818997859955,-0.01642801985144615,0.325971782207489,False
24519,-0.0425906740128994,-0.015017283149063587,0.3260504901409149,False
24529,-0.04265463352203369,-0.01290567871183157,0.32611921429634094,False
24539,-0.042750731110572815,-0.011559044010937214,0.3260629177093506,False
24549,-0.04284141957759857,-0.009809537790715694,0.32616719603538513,False
24559,-0.042991846799850464,-0.007306485436856747,0.3262869417667389,False
24569,-0.04255107417702675,-0.006729279179126024,0.3264283835887909,False
24579,-0.04254090413451195,-0.004965168423950672,0.3259539008140564,False
24589,-0.04260440170764923,-0.003143835812807083,0.32601645588874817,False
24599,-0.04263460263609886,-0.0008880377863533795,0.32608795166015625,False
24609,-0.042612332850694656,0.0006139969336800277,0.3261723518371582,False
24619,-0.04318350926041603,0.002875440288335085,0.32623744010925293,False
24629,-0.043212853372097015,0.005260232370346785,0.32461944222450256,False
24639,-0.043212614953517914,0.006781849078834057,0.32456374168395996,False
24649,-0.043233320116996765,0.007792922668159008,0.32451561093330383,False
24659,-0.043245747685432434,0.00977413821965456,0.32446345686912537,False
24669,-0.04329969361424446,0.012315322645008564,0.32572346925735474,False
24679,-0.04286189749836922,0.014275161549448967,0.32575294375419617,False
24689,-0.04291404411196709,0.01577707938849926,0.3257971704006195,False
24699,-0.042936887592077255,0.018298717215657234,0.3258480727672577,False
24709,-0.04297598451375961,0.019716108217835426,0.3255790174007416,False
24719,-0.0429600365459919,0.02227199822664261,0.32565784454345703,False
24729,-0.042949263006448746,0.023273255676031113,0.32576167583465576,False
24739,-0.04250464588403702,0.02586294896900654,0.32584452629089355,False
24749,-0.04239121079444885,0.028653020039200783,0.3259151577949524,False
24759,-0.04311296343803406,0.030173061415553093,0.3256254196166992,False
24769,-0.04315023869276047,0.03233781084418297,0.3256930708885193,False
24779,-0.042807769030332565,0.034455619752407074,0.32576385140419006,False
24789,-0.04343482106924057,0.034950971603393555,0.32583874464035034,False
24799,-0.042901501059532166,0.03776627779006958,0.32671383023262024,False
24809,-0.042840223759412766,0.04052934795618057,0.32680386304855347,False
24819,-0.04281233623623848,0.0427313931286335,0.3269156515598297,False
24829,-0.04294731095433235,0.04377774894237518,0.32703688740730286,False
24839,-0.043054960668087006,0.047111667692661285,0.3255312144756317,False
24849,-0.04317907243967056,0.04811256751418114,0.3255307674407959,False
24859,-0.04326625168323517,0.04973933845758438,0.32552412152290344,False
24869,-0.04274586960673332,0.05313441529870033,0.3254926800727844,False
24879,-0.04314209148287773,0.05432208627462387,0.32546964287757874,False
24889,-0.04293566197156906,0.05603307485580444,0.3236650228500366,False
24899,-0.04443919286131859,0.055811088532209396,0.32357606291770935,False
24909,-0.04455919191241264,0.059550415724515915,0.32346683740615845,False
24919,-0.044211070984601974,0.060533396899700165,0.32338571548461914,False
24929,-0.04521046578884125,0.06137179210782051,0.32270359992980957,False
24939,-0.043339528143405914,0.06474560499191284,0.32261762022972107,False
24949,-0.0450688898563385,0.06599163264036179,0.3225402534008026,False
24959,-0.04369482025504112,0.06656219065189362,0.32247817516326904,False
24969,-0.04451095685362816,0.06850552558898926,0.32425811886787415,False
24979,-0.044401317834854126,0.0716399997472763,0.3251678943634033,False
24989,-0.044629137963056564,0.0736926794052124,0.3252868056297302,False
24999,-0.044788993895053864,0.0749671459197998,0.3254280686378479,False
25009,-0.0449540838599205,0.07599157094955444,0.32558363676071167,False
25019,-0.04444798454642296,0.07674635201692581,0.3262121081352234,False
25029,-0.04573168605566025,0.07759424299001694,0.3264217972755432,False
25039,-0.04622853174805641,0.078299380838871,0.32666149735450745,False
25049,-0.047007929533720016,0.07960563898086548,0.3269284665584564,False
25059,-0.047740720212459564,0.08125966042280197,0.3272097706794739,False
25069,-0.048442769795656204,0.08166249096393585,0.3284677267074585,False
25079,-0.04886450991034508,0.08392371237277985,0.32879799604415894,False
25089,-0.049168661236763,0.08486928790807724,0.3291242718696594,False
25099,-0.04997546598315239,0.0860164612531662,0.3294267952442169,False
25109,-0.04769247770309448,0.08717191964387894,0.3290103077888489,False
25119,-0.049615371972322464,0.08735144138336182,0.3292294144630432,False
25129,-0.05050864815711975,0.0874326154589653,0.3294393718242645,False
25139,-0.05157582834362984,0.08810029178857803,0.3296264708042145,False
25149,-0.052681226283311844,0.0887768492102623,0.32950979471206665,False
25159,-0.053809478878974915,0.08911669999361038,0.32960596680641174,False
25169,-0.05504196882247925,0.08949244022369385,0.32966378331184387,False
25179,-0.055672455579042435,0.0889764055609703,0.32970380783081055,False
25189,-0.05938044190406799,0.09002001583576202,0.32971206307411194,False
25199,-0.06072692573070526,0.09055818617343903,0.3298990726470947,False
25209,-0.05890149623155594,0.09156506508588791,0.3299245834350586,False
25219,-0.061458416283130646,0.09152964502573013,0.3299010992050171,False
25229,-0.06347135454416275,0.09242666512727737,0.3298720419406891,False
25239,-0.06435222178697586,0.09181024134159088,0.3300277888774872,False
25249,-0.06680923700332642,0.09041482210159302,0.32999491691589355,False
25259,-0.06850213557481766,0.0912584587931633,0.329970121383667,False
25269,-0.0684964507818222,0.09138278663158417,0.3299488127231598,False
25279,-0.0709536075592041,0.09227397292852402,0.33054670691490173,False
25289,-0.07402783632278442,0.09137264639139175,0.33052918314933777,False
25299,-0.07582853734493256,0.09132084250450134,0.33051061630249023,False
25309,-0.07853852212429047,0.09114956110715866,0.3304741084575653,False
25319,-0.08055615425109863,0.0902048796415329,0.3304150402545929,False
25329,-0.0817120373249054,0.09078144282102585,0.32966214418411255,False
25339,-0.08347232639789581,0.09003850072622299,0.3295386731624603,False
25349,-0.08354248851537704,0.09022963047027588,0.32942038774490356,False
25359,-0.0876145288348198,0.08870829641819,0.32926833629608154,False
25369,-0.08998022973537445,0.08882690966129303,0.3273877799510956,False
25379,-0.09016992151737213,0.08876389265060425,0.32717227935791016,False
25389,-0.09347912669181824,0.08789940178394318,0.3269357681274414,False
25399,-0.0951693132519722,0.08690659701824188,0.3267064392566681,False
25409,-0.09764985740184784,0.08754310756921768,0.3254612386226654,False
25419,-0.0985957458615303,0.08736492693424225,0.32516345381736755,False
25429,-0.1020989939570427,0.08601337671279907,0.3248414695262909,False
25439,-0.1039358526468277,0.0858498364686966,0.32453593611717224,False
25449,-0.1066378504037857,0.08470866829156876,0.32423830032348633,False
25459,-0.10928800702095032,0.08447854220867157,0.323961466550827,False
25469,-0.11124718189239502,0.08341790735721588,0.3237193822860718,False
25479,-0.11248106509447098,0.08387211710214615,0.3235200345516205,False
25489,-0.11443649232387543,0.08278688788414001,0.32413727045059204,False
25499,-0.11887121945619583,0.08152370899915695,0.323993980884552,False
25509,-0.11978494375944138,0.08204546570777893,0.32390663027763367,False
25519,-0.12169232964515686,0.08254659920930862,0.3238348960876465,False
25529,-0.1253655105829239,0.07955145835876465,0.32376420497894287,False
25539,-0.1275017112493515,0.07989716529846191,0.32427889108657837,False
25549,-0.12873297929763794,0.08020376414060593,0.32429933547973633,False
25559,-0.1334313005208969,0.07890190184116364,0.3243166506290436,False
25569,-0.13463009893894196,0.07759315520524979,0.3243723511695862,False
25579,-0.1358686238527298,0.07772829383611679,0.3238356113433838,False
25589,-0.13711199164390564,0.07800179719924927,0.32386457920074463,False
25599,-0.14157404005527496,0.07760012149810791,0.3238813877105713,False
25609,-0.1434297263622284,0.07610032707452774,0.32392802834510803,False
25619,-0.14312607049942017,0.07643403112888336,0.3236083388328552,False
25629,-0.14733926951885223,0.0759228765964508,0.32364875078201294,False
25639,-0.1479223668575287,0.07455313205718994,0.3237309753894806,False
25649,-0.14898383617401123,0.07481323182582855,0.3238348662853241,False
25659,-0.14971612393856049,0.07493989169597626,0.3239549398422241,False
25669,-0.1548996865749359,0.0743337869644165,0.3248179256916046,False
25679,-0.15556593239307404,0.073751300573349,0.32500511407852173,False
25689,-0.15754827857017517,0.07366152852773666,0.32516780495643616,False
25699,-0.16109508275985718,0.07288434356451035,0.32532998919487,False
25709,-0.1619708091020584,0.07285246253013611,0.32550907135009766,False
25719,-0.16411399841308594,0.07272558659315109,0.3256852626800537,False
25729,-0.16382868587970734,0.07189473509788513,0.32587742805480957,False
25739,-0.1671471744775772,0.07186546921730042,0.3260679543018341,False
25749,-0.16841350495815277,0.07180839776992798,0.3255535960197449,False
25759,-0.16953811049461365,0.07187731564044952,0.3257048428058624,False
25769,-0.17248016595840454,0.07182679325342178,0.3258393108844757,False
25779,-0.17263218760490417,0.0717809870839119,0.32596176862716675,False
25789,-0.17350327968597412,0.07184325158596039,0.32606688141822815,False
25799,-0.1735982596874237,0.07177942991256714,0.3262704014778137,False
25809,-0.17722956836223602,0.07172661274671555,0.32637497782707214,False
25819,-0.17853118479251862,0.07165323197841644,0.3264722228050232,False
25829,-0.17977173626422882,0.07093788683414459,0.3265540897846222,False
25839,-0.1810329258441925,0.07079380750656128,0.32611650228500366,False
25849,-0.18242871761322021,0.07074380666017532,0.32616060972213745,False
25859,-0.18348082900047302,0.07069925218820572,0.3261883556842804,False
25869,-0.18327301740646362,0.07173358649015427,0.3261975347995758,False
25879,-0.18418492376804352,0.07172191143035889,0.3254760503768921,False
25889,-0.1850324273109436,0.07172756642103195,0.32542333006858826,False
25899,-0.1841219812631607,0.07173684984445572,0.3253679573535919,False
25909,-0.18460597097873688,0.07302085310220718,0.32531091570854187,False
25919,-0.1852695196866989,0.07306087762117386,0.323803186416626,False
25929,-0.18585239350795746,0.07312654703855515,0.32364195585250854,False
25939,-0.18638092279434204,0.07320014387369156,0.323469877243042,False
25949,-0.19149820506572723,0.07539966702461243,0.3232913017272949,False
25959,-0.19201546907424927,0.07553062587976456,0.3231058418750763,False
25969,-0.19134235382080078,0.07417444884777069,0.32429832220077515,False
25979,-0.19173991680145264,0.07428870350122452,0.3241918683052063,False
25989,-0.19209250807762146,0.07440857589244843,0.3240909278392792,False
25999,-0.19000819325447083,0.07431619614362717,0.32399359345436096,False
26009,-0.19023063778877258,0.07443973422050476,0.3238278925418854,False
26019,-0.19041024148464203,0.07456786185503006,0.3237227499485016,False
26029,-0.19055065512657166,0.07469888031482697,0.3236200213432312,False
26039,-0.19566312432289124,0.07717123627662659,0.32352492213249207,False
26049,-0.1953737437725067,0.07720927149057388,0.32343029975891113,False
26059,-0.19550862908363342,0.07763844728469849,0.323341429233551,False
26069,-0.19560575485229492,0.07782942056655884,0.32326778769493103,False
26079,-0.19450296461582184,0.0788351371884346,0.3232094943523407,False
26089,-0.19451062381267548,0.07916581630706787,0.32207831740379333,False
26099,-0.1945013403892517,0.07938080281019211,0.32199716567993164,False
26109,-0.1944689005613327,0.0795959010720253,0.32192596793174744,False
26119,-0.19201913475990295,0.08002050966024399,0.3218727111816406,False
26129,-0.19211597740650177,0.08049917221069336,0.32184845209121704,False
26139,-0.19196511805057526,0.08040188997983932,0.32142966985702515,False
26149,-0.191799595952034,0.08061366528272629,0.3214036524295807,False
26159,-0.191515251994133,0.08106648921966553,0.3213787376880646,False
26169,-0.1910249888896942,0.08105669170618057,0.32134610414505005,False
26179,-0.19076885282993317,0.08126674592494965,0.3219955265522003,False
26189,-0.19014018774032593,0.08298785239458084,0.3219754993915558,False
26199,-0.19002698361873627,0.08292738348245621,0.3219670355319977,False
26209,-0.18980519473552704,0.08386971801519394,0.3219699561595917,False
26219,-0.1890275478363037,0.08395250141620636,0.32198798656463623,False
26229,-0.18874338269233704,0.084182508289814,0.3220168650150299,False
26239,-0.18876563012599945,0.08352575451135635,0.32207369804382324,False
26249,-0.18833936750888824,0.0835009291768074,0.3221481442451477,False
26259,-0.18789979815483093,0.08395309001207352,0.3222222924232483,False
26269,-0.187493696808815,0.08399403095245361,0.32180067896842957,False
26279,-0.18719370663166046,0.0841754749417305,0.3218531608581543,False
26289,-0.18816211819648743,0.08494991064071655,0.3219248950481415,False
26299,-0.1879405826330185,0.08548633009195328,0.3220013678073883,False
26309,-0.1876862496137619,0.08552585542201996,0.3212392330169678,False
26319,-0.1874246597290039,0.08562976866960526,0.32125553488731384,False
26329,-0.18716812133789062,0.08579898625612259,0.3212544620037079,False
26339,-0.18607757985591888,0.08527840673923492,0.3212417662143707,False
26349,-0.18637613952159882,0.08529088646173477,0.32074907422065735,False
26359,-0.1861306130886078,0.0854216068983078,0.3207061290740967,False
26369,-0.18640512228012085,0.08579500019550323,0.32066264748573303,False
26379,-0.1858338713645935,0.08582685142755508,0.3206208348274231,False
26389,-0.18574339151382446,0.08634430170059204,0.3205820918083191,False
26399,-0.18553875386714935,0.08646584302186966,0.31991636753082275,False
26409,-0.18533165752887726,0.08657883107662201,0.3198518455028534,False
26419,-0.1870831549167633,0.08615952730178833,0.31979233026504517,False
26429,-0.18663784861564636,0.08625500649213791,0.31973645091056824,False
26439,-0.18650464713573456,0.08634053170681,0.3186131715774536,False
26449,-0.18637174367904663,0.08641527593135834,0.3185226321220398,False
26459,-0.18434840440750122,0.08646231889724731,0.3184538185596466,False
26469,-0.18373966217041016,0.08689612150192261,0.31839871406555176,False
26479,-0.18357345461845398,0.08697106689214706,0.3170303702354431,False
26489,-0.1834123134613037,0.08703304082155228,0.3168991804122925,False
26499,-0.18325820565223694,0.08708980679512024,0.31676462292671204,False
26509,-0.18478918075561523,0.08879443258047104,0.3166387677192688,False
26519,-0.18446004390716553,0.08890403807163239,0.3165196180343628,False
26529,-0.1845090091228485,0.08859455585479736,0.31699544191360474,False
26539,-0.18451446294784546,0.08906250447034836,0.31692418456077576,False
26549,-0.18444357812404633,0.08914250880479813,0.3168618679046631,False
26559,-0.18438111245632172,0.0892188623547554,0.316805899143219,False
26569,-0.18433083593845367,0.08928585052490234,0.31761282682418823,False
26579,-0.1842845380306244,0.08935535699129105,0.3176136612892151,False
26589,-0.18424560129642487,0.08942168205976486,0.3176136612892151,True
26599,-0.18421348929405212,0.08948512375354767,0.3176126480102539,True
26609,-0.18420062959194183,0.08953575044870377,0.3197607100009918,True
26619,-0.18122096359729767,0.08812075108289719,0.3199053704738617,True
26629,-0.18112148344516754,0.08813337981700897,0.32008442282676697,True
26639,-0.17979995906352997,0.08821937441825867,0.32029348611831665,True
26649,-0.17961253225803375,0.08825629949569702,0.3205239772796631,True
26659,-0.17909590899944305,0.08828496932983398,0.3213689923286438,True
26669,-0.1792304366827011,0.08835234493017197,0.32166919112205505,True
26679,-0.1786319762468338,0.088373102247715,0.3219650983810425,True
26689,-0.17853684723377228,0.088387630879879,0.3222590386867523,True
26699,-0.1783987581729889,0.08840560168027878,0.32194703817367554,True
26709,-0.1781875342130661,0.08835142105817795,0.32217979431152344,True
26719,-0.1783241331577301,0.0882914736866951,0.32241106033325195,True
26729,-0.1778431236743927,0.08824748545885086,0.32263320684432983,True
26739,-0.1773444563150406,0.08871874213218689,0.3227715492248535,True
26749,-0.17690236866474152,0.08872457593679428,0.32297006249427795,True
26759,-0.17655780911445618,0.08813697844743729,0.3231622874736786,True
26769,-0.17600911855697632,0.08840933442115784,0.3233431577682495,True
26779,-0.17526496946811676,0.08844459056854248,0.32350343465805054,True
26789,-0.17465618252754211,0.08843446522951126,0.3224620521068573,True
26799,-0.17379041016101837,0.08829480409622192,0.3225175738334656,True
26809,-0.1733691692352295,0.08826179057359695,0.3225715756416321,True
26819,-0.17243453860282898,0.08821695297956467,0.3225986063480377,True
26829,-0.1717657893896103,0.08844467997550964,0.3225646913051605,True
26839,-0.1706799417734146,0.08835231512784958,0.32254087924957275,True
26849,-0.1697404533624649,0.0883280485868454,0.3225119113922119,True
26859,-0.17030289769172668,0.08819843083620071,0.322508841753006,True
26869,-0.1689632385969162,0.08841989189386368,0.3240693211555481,True
26879,-0.16824892163276672,0.08839819580316544,0.32411742210388184,True
26889,-0.16711020469665527,0.08841939270496368,0.3241601586341858,True
26899,-0.16595950722694397,0.08838845789432526,0.32419639825820923,True
26909,-0.16433408856391907,0.08898768573999405,0.32421764731407166,True
26919,-0.1631065458059311,0.0889759361743927,0.32360419631004333,True
26929,-0.1639447659254074,0.08849839866161346,0.32364290952682495,True
26939,-0.16177348792552948,0.08866505324840546,0.32363250851631165,True
26949,-0.16075463593006134,0.08857937157154083,0.32363513112068176,True
26959,-0.15990546345710754,0.08853059262037277,0.3224508464336395,True
26969,-0.15837295353412628,0.08841923624277115,0.3223659098148346,True
26979,-0.15644487738609314,0.08864926546812057,0.32226240634918213,True
26989,-0.15511120855808258,0.08892999589443207,0.3221515715122223,True
26999,-0.1538514941930771,0.08889482170343399,0.32111984491348267,True
27009,-0.15184487402439117,0.08889950811862946,0.3209148943424225,True
27019,-0.1504477858543396,0.08886618167161942,0.32070955634117126,True
27029,-0.14903031289577484,0.08846518397331238,0.3205004036426544,True
27039,-0.14720840752124786,0.08875201642513275,0.3202887177467346,True
27049,-0.14543114602565765,0.08869178593158722,0.3194848299026489,True
27059,-0.14378397166728973,0.0882745310664177,0.3192567527294159,True
27069,-0.14212067425251007,0.08822634071111679,0.3190181255340576,True
27079,-0.13963264226913452,0.08814450353384018,0.3187948763370514,True
27089,-0.13791970908641815,0.08839058876037598,0.31822776794433594,True
27099,-0.13655388355255127,0.0883064866065979,0.31803396344184875,True
27109,-0.13460728526115417,0.08830182254314423,0.31785163283348083,True
27119,-0.132363423705101,0.08818227052688599,0.3176800608634949,True
27129,-0.13088275492191315,0.08812912553548813,0.3168294131755829,True
27139,-0.12883146107196808,0.08807675540447235,0.3163510262966156,True
27149,-0.12689824402332306,0.08792120963335037,0.31615588068962097,True
27159,-0.12531405687332153,0.08788079023361206,0.3159920871257782,True
27169,-0.1229575127363205,0.08828246593475342,0.31585168838500977,True
27179,-0.11992039531469345,0.08810625970363617,0.31510651111602783,True
27189,-0.11882876604795456,0.08809489011764526,0.31500962376594543,True
27199,-0.1169566884636879,0.08805521577596664,0.31493228673934937,True
27209,-0.11463303864002228,0.08802671730518341,0.31487011909484863,True
27219,-0.11310314387083054,0.08703680336475372,0.3148272633552551,True
27229,-0.11111985892057419,0.08741962909698486,0.3152318298816681,True
27239,-0.10953393578529358,0.08741439878940582,0.315229207277298,True
27249,-0.10691986232995987,0.0873483195900917,0.31522616744041443,True
27259,-0.10440151393413544,0.08769319951534271,0.3152506947517395,True
27269,-0.1030970886349678,0.08771657198667526,0.31716135144233704,True
27279,-0.10110528022050858,0.08758122473955154,0.31734904646873474,True
27289,-0.09865343570709229,0.08759049326181412,0.3175491988658905,True
27299,-0.09710349887609482,0.0877150371670723,0.3177698850631714,True
27309,-0.09515587985515594,0.08760552108287811,0.3179985284805298,True
27319,-0.09240350127220154,0.08750592917203903,0.3182294964790344,True
27329,-0.09124913066625595,0.08736182004213333,0.3184821307659149,True
27339,-0.08943066000938416,0.08725300431251526,0.3187407851219177,True
27349,-0.0878724455833435,0.08716056495904922,0.31901106238365173,True
27359,-0.08530540019273758,0.08724041283130646,0.3180668354034424,True
27369,-0.0825997069478035,0.08681953698396683,0.31828024983406067,True
27379,-0.0815223753452301,0.08690672367811203,0.3185139298439026,True
27389,-0.07879013568162918,0.08698662370443344,0.3187290132045746,True
27399,-0.07721635699272156,0.08585244417190552,0.3198489844799042,True
27409,-0.07573593407869339,0.08584412932395935,0.32013288140296936,True
27419,-0.07415800541639328,0.08580536395311356,0.3204173743724823,True
27429,-0.0712629109621048,0.08592788130044937,0.32067838311195374,True
27439,-0.06901977211236954,0.08586851507425308,0.32067540287971497,True
27449,-0.0677962452173233,0.08581621199846268,0.3209274411201477,True
27459,-0.06545054912567139,0.08524640649557114,0.3211556077003479,True
27469,-0.06312224268913269,0.08541243523359299,0.32137221097946167,True
27479,-0.06139282137155533,0.08542036265134811,0.3215910494327545,True
27489,-0.058323830366134644,0.08552057296037674,0.32319915294647217,True
27499,-0.05612466484308243,0.08558706194162369,0.323466032743454,True
27509,-0.05446050688624382,0.08507174253463745,0.3237103521823883,True
27519,-0.05332992225885391,0.08510420471429825,0.32394254207611084,True
27529,-0.05085202679038048,0.08439046889543533,0.3249718248844147,True
27539,-0.049718283116817474,0.08442891389131546,0.32520973682403564,True
27549,-0.04808676242828369,0.08439993113279343,0.32540392875671387,True
27559,-0.045761894434690475,0.08432887494564056,0.3255583643913269,True
27569,-0.04397527500987053,0.08434728533029556,0.3250756561756134,True
27579,-0.04271520674228668,0.0844205915927887,0.3251565992832184,True
27589,-0.0408039316534996,0.08449137210845947,0.32521164417266846,True
27599,-0.03895004838705063,0.08461166173219681,0.32524216175079346,True
27609,-0.03637183457612991,0.08466052263975143,0.32524874806404114,True
27619,-0.034516897052526474,0.08343584090471268,0.32766997814178467,True
27629,-0.03285727649927139,0.08348923176527023,0.3277888596057892,True
27639,-0.031243769451975822,0.08348492532968521,0.32789695262908936,True
27649,-0.02928732894361019,0.0833812803030014,0.3279854953289032,True
27659,-0.029556797817349434,0.08262544125318527,0.3276559114456177,True
27669,-0.027604641392827034,0.08267274498939514,0.3276679515838623,True
27679,-0.026525169610977173,0.08263279497623444,0.3276647627353668,True
27689,-0.02409088984131813,0.08272004127502441,0.3276396691799164,True
27699,-0.02140532061457634,0.08281316608190536,0.3265519440174103,True
27709,-0.01949423737823963,0.08272416889667511,0.3264479339122772,True
27719,-0.020689524710178375,0.08319302648305893,0.32634437084198,True
27729,-0.019453467801213264,0.08333149552345276,0.32620707154273987,True
27739,-0.017781998962163925,0.08333763480186462,0.3260551989078522,True
27749,-0.016612274572253227,0.08343760669231415,0.32586273550987244,True
27759,-0.015474004670977592,0.08322213590145111,0.32567301392555237,True
27769,-0.012919276021420956,0.08311736583709717,0.32546326518058777,True
27779,-0.010392102412879467,0.08299284428358078,0.3252377212047577,True
27789,-0.009226399473845959,0.08298135548830032,0.32451918721199036,True
27799,-0.008112465962767601,0.08300783485174179,0.32425740361213684,True
27809,-0.004856192972511053,0.08302903920412064,0.3239757716655731,True
27819,-0.004472166765481234,0.08219052106142044,0.32371774315834045,True
27829,-0.003263829043135047,0.08221122622489929,0.322369247674942,True
27839,-0.0007281346479430795,0.08221378922462463,0.32205259799957275,True
27849,0.0008543853182345629,0.08224532753229141,0.32174068689346313,True
27859,0.0016598558286204934,0.08243852853775024,0.3214258551597595,True
27869,0.005520922131836414,0.0827222391963005,0.32107505202293396,True
27879,0.0073316581547260284,0.08270198106765747,0.3194522559642792,True
27889,0.005896989721804857,0.08316900581121445,0.31906965374946594,True
27899,0.0076308660209178925,0.0832282304763794,0.31867262721061707,True
27909,0.009325521066784859,0.08304432034492493,0.3182830512523651,True
27919,0.01039673388004303,0.08281276375055313,0.31900089979171753,True
27929,0.012083195149898529,0.0825461819767952,0.3187217712402344,True
27939,0.015926150605082512,0.08317311853170395,0.31846001744270325,True
27949,0.016886277124285698,0.08324598520994186,0.31823793053627014,True
27959,0.018624920397996902,0.08328069001436234,0.3171321451663971,True
27969,0.020507076755166054,0.08330461382865906,0.3168593645095825,True
27979,0.020326418802142143,0.0829162746667862,0.31660526990890503,True
27989,0.0219452902674675,0.08301138877868652,0.3163648545742035,True
27999,0.022929761558771133,0.08290863037109375,0.3161507248878479,True
28009,0.02578761987388134,0.08304254710674286,0.3154917061328888,True
28019,0.02741476334631443,0.08318228274583817,0.315323144197464,True
28029,0.028207823634147644,0.08314475417137146,0.3151739835739136,True
28039,0.030714593827724457,0.0831846073269844,0.315024733543396,True
28049,0.032889265567064285,0.08302811533212662,0.31569579243659973,True
28059,0.0336654894053936,0.0830484926700592,0.3156615197658539,True
28069,0.03445298597216606,0.08293881267309189,0.31566548347473145,True
28079,0.038766875863075256,0.08293390274047852,0.3156762421131134,True
28089,0.03774644061923027,0.08429940789937973,0.3170472979545593,True
28099,0.0404873825609684,0.08426505327224731,0.317787230014801,True
28109,0.04361829161643982,0.08437085151672363,0.317945659160614,True
28119,0.043156422674655914,0.08346524089574814,0.31794825196266174,True
28129,0.0460674911737442,0.08368218690156937,0.3183172047138214,True
28139,0.045748427510261536,0.08294150233268738,0.3185368776321411,True
28149,0.04824605956673622,0.08315306156873703,0.3187585175037384,True
28159,0.04755619540810585,0.08180266618728638,0.31901952624320984,True
28169,0.048653874546289444,0.0816851407289505,0.3192862272262573,True
28179,0.05248440429568291,0.08317999541759491,0.3195439875125885,True
28189,0.05523509904742241,0.08198440074920654,0.3194054663181305,True
28199,0.054600924253463745,0.08283486217260361,0.3196676969528198,True
28209,0.05603436380624771,0.08136207610368729,0.31993502378463745,True
28219,0.06026787683367729,0.08215843886137009,0.3202168047428131,True
28229,0.06024579703807831,0.08272414654493332,0.3192870616912842,True
28239,0.06151976436376572,0.08295310288667679,0.31949105858802795,True
28249,0.06390107423067093,0.08348727971315384,0.3197019100189209,True
28259,0.06430091708898544,0.08256464451551437,0.3199011981487274,True
28269,0.06606364250183105,0.08118092268705368,0.32197049260139465,True
28279,0.06668741255998611,0.0810452550649643,0.3222355246543884,True
28289,0.06887663900852203,0.08010179549455643,0.3224887251853943,True
28299,0.0707022175192833,0.07925845682621002,0.3227289915084839,True
28309,0.07100865989923477,0.07851095497608185,0.32295259833335876,True
28319,0.07370495796203613,0.07775475084781647,0.32391032576560974,True
28329,0.07500582188367844,0.07704102247953415,0.3241513967514038,True
28339,0.07235244661569595,0.07816285640001297,0.3244023323059082,True
28349,0.07361321151256561,0.077395498752594,0.3246145248413086,True
28359,0.0744590163230896,0.07656379789113998,0.32369309663772583,True
28369,0.0761670470237732,0.07562490552663803,0.32375437021255493,True
28379,0.07798910140991211,0.07614070922136307,0.32380005717277527,True
28389,0.0787808895111084,0.07388322055339813,0.3238102197647095,True
28399,0.07966754585504532,0.07287982106208801,0.32279646396636963,True
28409,0.08044669032096863,0.07289198040962219,0.32271426916122437,True
28419,0.08127585053443909,0.07250329107046127,0.32260948419570923,True
28429,0.08193028718233109,0.07056935876607895,0.3224726617336273,True
28439,0.0824090838432312,0.0694042518734932,0.32231032848358154,True
28449,0.08284993469715118,0.06878335773944855,0.32179033756256104,True
28459,0.08322826772928238,0.06598430126905441,0.3215719163417816,True
28469,0.0834505707025528,0.06480271369218826,0.32136401534080505,True
28479,0.08316300064325333,0.06431026756763458,0.3211497366428375,True
28489,0.0839037150144577,0.061016906052827835,0.320319265127182,True
28499,0.08450790494680405,0.059275079518556595,0.3200500011444092,True
28509,0.08518127351999283,0.05908886715769768,0.31980100274086,True
28519,0.08618000149726868,0.057671673595905304,0.3195590674877167,True
28529,0.085530124604702,0.053619492799043655,0.3201428949832916,True
28539,0.08561018854379654,0.05270083248615265,0.3199443519115448,True
28549,0.0864751935005188,0.0512271486222744,0.3197425603866577,True
28559,0.0866728127002716,0.04886537045240402,0.3195306360721588,True
28569,0.08649951964616776,0.047267328947782516,0.3193216919898987,True
28579,0.08623386919498444,0.04560673609375954,0.3189527094364166,True
28589,0.08689399063587189,0.0446636788547039,0.31872862577438354,True
28599,0.08577489852905273,0.040599219501018524,0.31847283244132996,True
28609,0.08630983531475067,0.0396387092769146,0.318241149187088,True
28619,0.08678633719682693,0.038645610213279724,0.3183324635028839,True
28629,0.08767735213041306,0.03441315516829491,0.3181154727935791,True
28639,0.0875689759850502,0.03355323150753975,0.3179469406604767,True
28649,0.08599889278411865,0.031052520498633385,0.31779196858406067,True
28659,0.08668439090251923,0.030903464183211327,0.3177717328071594,True
28669,0.0870741456747055,0.026907091960310936,0.31766217947006226,True
28679,0.0874662771821022,0.025283627212047577,0.3175736367702484,True
28689,0.08703872561454773,0.02505909465253353,0.3174946904182434,True
28699,0.08604114502668381,0.020979059860110283,0.317388653755188,True
28709,0.08583416789770126,0.019122164696455002,0.31518831849098206,True
28719,0.08647902309894562,0.017075946554541588,0.315005898475647,True
28729,0.08547161519527435,0.01508419495075941,0.3148520588874817,True
28739,0.08675895631313324,0.013054036535322666,0.31472450494766235,True
28749,0.08642623573541641,0.012041859328746796,0.31362494826316833,True
28759,0.08695423603057861,0.01089542731642723,0.3134879469871521,True
28769,0.08642018586397171,0.007352354470640421,0.31332817673683167,True
28779,0.08578009158372879,0.006251424551010132,0.3131535053253174,True
28789,0.08622551709413528,0.004299142863601446,0.31333935260772705,True
28799,0.08658302575349808,0.0005613564280793071,0.31314414739608765,True
28809,0.08686133474111557,0.00010940060019493103,0.3129827678203583,True
28819,0.08633448928594589,-0.0019151691813021898,0.3128369152545929,True
28829,0.08676157891750336,-0.0032897063065320253,0.3127216100692749,True
28839,0.08611444383859634,-0.006280882284045219,0.31316033005714417,True
28849,0.08635155856609344,-0.00921750906854868,0.3131023347377777,True
28859,0.08657883107662201,-0.010667103342711926,0.3130490183830261,True
28869,0.08671429008245468,-0.012964865192770958,0.3129750192165375,True
28879,0.0852135419845581,-0.01511671207845211,0.3125520944595337,True
28889,0.0853382796049118,-0.016626769676804543,0.3124527931213379,True
28899,0.08556455373764038,-0.017935127019882202,0.31237083673477173,True
28909,0.08575540781021118,-0.02035481110215187,0.3122977912425995,True
28919,0.0859258845448494,-0.02258475124835968,0.3132755160331726,True
28929,0.08633532375097275,-0.023846592754125595,0.31330621242523193,True
28939,0.0865706130862236,-0.026128992438316345,0.31334736943244934,True
28949,0.08681522309780121,-0.028345122933387756,0.3133987486362457,True
28959,0.08616854250431061,-0.030745500698685646,0.31344112753868103,True
28969,0.08622102439403534,-0.03385482355952263,0.31287139654159546,True
28979,0.08612635731697083,-0.03462690860033035,0.3128431439399719,True
28989,0.08617129176855087,-0.035352036356925964,0.31280943751335144,True
28999,0.08643092960119247,-0.03702402859926224,0.3127811551094055,True
29009,0.08721823990345001,-0.04008053243160248,0.31207895278930664,True
29019,0.08789622783660889,-0.04163173958659172,0.3120284676551819,True
29029,0.08786514401435852,-0.04319276660680771,0.3119489252567291,True
29039,0.08783150464296341,-0.0447046235203743,0.31183305382728577,True
29049,0.08879713714122772,-0.0462193489074707,0.31067705154418945,True
29059,0.08861468732357025,-0.04863718897104263,0.31005486845970154,True
29069,0.08867761492729187,-0.050609614700078964,0.3098737597465515,True
29079,0.08833940327167511,-0.05186092481017113,0.30967557430267334,True
29089,0.08903717994689941,-0.052717842161655426,0.30943796038627625,True
29099,0.08969488739967346,-0.053758855909109116,0.3091180920600891,True
29109,0.09032823890447617,-0.05688031390309334,0.3088565170764923,True
29119,0.09044240415096283,-0.058797646313905716,0.308636873960495,True
29129,0.09023863822221756,-0.057157814502716064,0.30847033858299255,True
29139,0.09014857560396194,-0.05803963914513588,0.30830544233322144,True
29149,0.09091438353061676,-0.06050281599164009,0.30881521105766296,True
29159,0.09081197530031204,-0.06212461367249489,0.30867138504981995,True
29169,0.09146147221326828,-0.06383810937404633,0.3085179030895233,True
29179,0.0926881954073906,-0.0655616894364357,0.30836835503578186,True
29189,0.09253905713558197,-0.06812538206577301,0.3077778220176697,True
29199,0.09229768812656403,-0.06916794925928116,0.3076596260070801,True
29209,0.09217666834592819,-0.07019370049238205,0.3075827360153198,True
29219,0.0927644670009613,-0.07262534648180008,0.3075239360332489,True
29229,0.09292757511138916,-0.07441017031669617,0.30730921030044556,True
29239,0.09295893460512161,-0.07449936866760254,0.3072817623615265,True
29249,0.09304382652044296,-0.07610691338777542,0.30724576115608215,True
29259,0.09370116144418716,-0.07788912951946259,0.3072214424610138,True
29269,0.09392798691987991,-0.07954705506563187,0.3072254955768585,True
29279,0.09530550986528397,-0.08140551298856735,0.3071707487106323,True
29289,0.09521490335464478,-0.0823729857802391,0.307220995426178,True
29299,0.09581786394119263,-0.08339078724384308,0.30727019906044006,True
29309,0.09556383639574051,-0.08505135029554367,0.3073083162307739,True
29319,0.09603399783372879,-0.08741840720176697,0.30720070004463196,True
29329,0.09660906344652176,-0.08840475976467133,0.3072304129600525,True
29339,0.09641887992620468,-0.08936960250139236,0.3072800636291504,True
29349,0.0970810055732727,-0.09174798429012299,0.30733388662338257,True
29359,0.09768851101398468,-0.09200535714626312,0.3076179623603821,True
29369,0.09776092320680618,-0.09375479072332382,0.3076542615890503,True
29379,0.0978344976902008,-0.09542886912822723,0.30766960978507996,True
29389,0.0980130285024643,-0.09706902503967285,0.30768507719039917,True
29399,0.09948460012674332,-0.09860652685165405,0.30771195888519287,True
29409,0.09945691376924515,-0.10024341940879822,0.30825233459472656,True
29419,0.10015440732240677,-0.10255178809165955,0.3082972764968872,True
29429,0.10094437003135681,-0.10281248390674591,0.3083439767360687,True
29439,0.1007956862449646,-0.10439944267272949,0.3083847165107727,True
29449,0.10050267726182938,-0.10537146031856537,0.30905985832214355,True
29459,0.10247701406478882,-0.10765442252159119,0.30914047360420227,True
29469,0.10217512398958206,-0.10923189669847488,0.3092154264450073,True
29479,0.10212212055921555,-0.1108081191778183,0.3092915117740631,True
29489,0.102820485830307,-0.11315157264471054,0.3103904128074646,True
29499,0.1029459610581398,-0.11479802429676056,0.3105529844760895,True
29509,0.10447100549936295,-0.1156490296125412,0.31069883704185486,True
29519,0.10469532012939453,-0.11742027848958969,0.3108054995536804,True
29529,0.10380756109952927,-0.11840943992137909,0.31090307235717773,True
29539,0.1031755581498146,-0.12065118551254272,0.3106265366077423,True
29549,0.10378821939229965,-0.12288911640644073,0.31069085001945496,True
29559,0.10582045465707779,-0.12439590692520142,0.3107288181781769,True
29569,0.10570835322141647,-0.12594856321811676,0.31074854731559753,True
29579,0.10638239234685898,-0.12679176032543182,0.3108586370944977,True
29589,0.1063912883400917,-0.12912718951702118,0.3108741343021393,True
29599,0.10634423047304153,-0.1308089643716812,0.3108789622783661,True
29609,0.10633167624473572,-0.13187412917613983,0.31088557839393616,True
29619,0.10718454420566559,-0.13419559597969055,0.31092730164527893,True
29629,0.10672588646411896,-0.13748694956302643,0.3109355866909027,True
29639,0.10714857280254364,-0.13651564717292786,0.31095486879348755,True
29649,0.10640215873718262,-0.1376415491104126,0.31093207001686096,True
29659,0.10876259952783585,-0.14076119661331177,0.31086334586143494,True
29669,0.10792342573404312,-0.14107708632946014,0.31042665243148804,True
29679,0.10727354139089584,-0.14217083156108856,0.3103238642215729,True
29689,0.10633893311023712,-0.14362895488739014,0.310229629278183,True
29699,0.10760048776865005,-0.14711955189704895,0.3101406991481781,True
29709,0.1071251854300499,-0.1476231813430786,0.3094019591808319,True
29719,0.10821300745010376,-0.14874401688575745,0.309286504983902,True
29729,0.10841001570224762,-0.1514749526977539,0.3091767430305481,True
29739,0.10826954990625381,-0.15311212837696075,0.3090877830982208,True
29749,0.10922287404537201,-0.15175384283065796,0.3079950511455536,True
29759,0.10846740752458572,-0.1535816490650177,0.3078555762767792,True
29769,0.10819932073354721,-0.15596280992031097,0.3077116906642914,True
29779,0.10785902291536331,-0.15740306675434113,0.30757614970207214,True
29789,0.10733142495155334,-0.1543566733598709,0.30745789408683777,True
29799,0.10706046223640442,-0.1566673070192337,0.3083936274051666,True
29809,0.10780560225248337,-0.15698516368865967,0.30834871530532837,True
29819,0.10657569020986557,-0.15848220884799957,0.3083030879497528,True
29829,0.10580276697874069,-0.1591956466436386,0.30826684832572937,True
29839,0.1052035465836525,-0.1611655205488205,0.3077223002910614,True
29849,0.10445214807987213,-0.16218306124210358,0.3076704144477844,True
29859,0.10833854973316193,-0.16282303631305695,0.30765509605407715,True
29869,0.10697340220212936,-0.163971409201622,0.30760788917541504,True
29879,0.10670441389083862,-0.16453978419303894,0.30625370144844055,True
29889,0.10565592348575592,-0.1649337261915207,0.30613571405410767,True
29899,0.10407191514968872,-0.16590428352355957,0.30600327253341675,True
29909,0.10327035933732986,-0.166153684258461,0.3058728873729706,True
29919,0.10193350911140442,-0.16637171804904938,0.3066651523113251,True
29929,0.10187308490276337,-0.16744619607925415,0.3066146969795227,True
29939,0.10065286606550217,-0.16783319413661957,0.3065726161003113,True
29949,0.09877051413059235,-0.16844522953033447,0.3065415620803833,True
29959,0.09855302423238754,-0.16909335553646088,0.30654188990592957,True
29969,0.09519652277231216,-0.16991974413394928,0.30604788661003113,True
29979,0.09436260163784027,-0.17003655433654785,0.30605337023735046,True
29989,0.09430553764104843,-0.16992855072021484,0.3060789108276367,True
29999,0.0933917760848999,-0.17045724391937256,0.3061176538467407,True
30009,0.09107789397239685,-0.1696178913116455,0.30551546812057495,True
30019,0.08931565284729004,-0.17068953812122345,0.3052296042442322,True
30029,0.08768623322248459,-0.17105917632579803,0.30523818731307983,True
30039,0.08609749376773834,-0.17076227068901062,0.3052443265914917,True
30049,0.08496815711259842,-0.1706913560628891,0.30525556206703186,True
30059,0.08349613100290298,-0.17104709148406982,0.3044135272502899,True
30069,0.08329595625400543,-0.17103415727615356,0.30436867475509644,True
30079,0.08079860359430313,-0.17092357575893402,0.30431318283081055,True
30089,0.07924754172563553,-0.17086245119571686,0.30427128076553345,True
30099,0.07684057205915451,-0.17142482101917267,0.3042321503162384,True
30109,0.07474830746650696,-0.1704523116350174,0.3036777675151825,True
30119,0.07457491010427475,-0.17104142904281616,0.3036406636238098,True
30129,0.07200279831886292,-0.17004242539405823,0.3036001920700073,True
30139,0.0711326152086258,-0.1704164296388626,0.30360278487205505,True
30149,0.06773831695318222,-0.17002442479133606,0.30446895956993103,True
30159,0.06652174890041351,-0.17026759684085846,0.30454540252685547,True
30169,0.06388235092163086,-0.1707639843225479,0.3046102523803711,True
30179,0.061592936515808105,-0.17027103900909424,0.3046807646751404,True
30189,0.06073794886469841,-0.1701841801404953,0.3029709756374359,True
30199,0.05892742797732353,-0.17062897980213165,0.30297601222991943,True
30209,0.05585981532931328,-0.17046411335468292,0.30298247933387756,True
30219,0.05334486812353134,-0.17015688121318817,0.30301281809806824,True
30229,0.05235967040061951,-0.17047123610973358,0.30308178067207336,True
30239,0.05100107938051224,-0.1707143485546112,0.3054552376270294,True
30249,0.048365071415901184,-0.1708211749792099,0.305657297372818,True
30259,0.04618420824408531,-0.1703287959098816,0.30588141083717346,True
30269,0.04483875632286072,-0.1703346222639084,0.30612221360206604,True
30279,0.0421377532184124,-0.1704975664615631,0.3062121570110321,True
30289,0.04065514728426933,-0.1697944551706314,0.306490421295166,True
30299,0.038586195558309555,-0.1699768304824829,0.30675190687179565,True
30309,0.03586273267865181,-0.17015811800956726,0.30700916051864624,True
30319,0.03251861408352852,-0.17034322023391724,0.3071537911891937,True
30329,0.03251231089234352,-0.16992983222007751,0.30741095542907715,True
30339,0.029937582090497017,-0.17014475166797638,0.30765262246131897,True
30349,0.025753354653716087,-0.1701132208108902,0.3078880310058594,True
30359,0.024653546512126923,-0.17015936970710754,0.3081419765949249,True
30369,0.024781810119748116,-0.1707269549369812,0.30752456188201904,True
30379,0.022828832268714905,-0.17052507400512695,0.3076801002025604,True
30389,0.020530957728624344,-0.17039383947849274,0.3078264892101288,True
30399,0.018915876746177673,-0.17021475732326508,0.307971328496933,True
30409,0.017190074548125267,-0.1707964837551117,0.30965566635131836,True
30419,0.014286450110375881,-0.17151881754398346,0.30984240770339966,True
30429,0.01138578075915575,-0.17212584614753723,0.31002289056777954,True
30439,0.00922558642923832,-0.17212967574596405,0.31019526720046997,True
30449,0.014056366868317127,-0.17197811603546143,0.30986759066581726,True
30459,0.010393775999546051,-0.17186124622821808,0.30995869636535645,True
30469,0.008240364491939545,-0.17242862284183502,0.3100374639034271,True
30479,0.006495577748864889,-0.17293992638587952,0.310110479593277,True
30489,0.003578505013138056,-0.17327281832695007,0.3101646900177002,True
30499,0.001984520349651575,-0.17303404211997986,0.30935025215148926,True
30509,0.0010149020235985518,-0.17282719910144806,0.3093394339084625,True
30519,-0.0028029633685946465,-0.1738751232624054,0.30928972363471985,True
30529,-0.003761116648092866,-0.1751910299062729,0.3092462122440338,True
30539,-0.006145251449197531,-0.17488445341587067,0.3079186975955963,True
30549,-0.0071751391515135765,-0.17480218410491943,0.30778422951698303,True
30559,-0.008949339389801025,-0.1745900958776474,0.3076445758342743,True
30569,-0.00995959248393774,-0.1744566261768341,0.30750033259391785,True
30579,-0.012832768261432648,-0.17488746345043182,0.30720004439353943,True
30589,-0.01566167362034321,-0.17527134716510773,0.3069987893104553,True
30599,-0.016705311834812164,-0.17591610550880432,0.3067909777164459,True
30609,-0.018058955669403076,-0.17565318942070007,0.30658161640167236,True
30619,-0.019524646922945976,-0.17540861666202545,0.3063805401325226,True
30629,-0.021934878081083298,-0.17722585797309875,0.30682888627052307,True
30639,-0.02354523167014122,-0.1770218014717102,0.3067092001438141,True
30649,-0.024266159161925316,-0.1776573807001114,0.3066103160381317,True
30659,-0.027888065204024315,-0.17809805274009705,0.30650314688682556,True
30669,-0.029018839821219444,-0.17853613197803497,0.30782657861709595,True
30679,-0.03088274784386158,-0.1784079372882843,0.3078268766403198,True
30689,-0.032646629959344864,-0.178934708237648,0.3078394830226898,True
30699,-0.03365484997630119,-0.17934870719909668,0.3078675866127014,True
30709,-0.0358964242041111,-0.17977069318294525,0.30755743384361267,True
30719,-0.03781586512923241,-0.17987452447414398,0.30758967995643616,True
30729,-0.039688024669885635,-0.18035763502120972,0.3076261281967163,True
30739,-0.04126635566353798,-0.18090036511421204,0.3076748549938202,True
30749,-0.0431797169148922,-0.18100005388259888,0.3077375590801239,True
30759,-0.041471321135759354,-0.18065860867500305,0.30871620774269104,True
30769,-0.043399736285209656,-0.18060477077960968,0.3088643252849579,True
30779,-0.04570293053984642,-0.18120034039020538,0.3090064227581024,True
30789,-0.04634837061166763,-0.18184591829776764,0.3091767430305481,True
30799,-0.049431800842285156,-0.18186238408088684,0.30959630012512207,True
30809,-0.050807926803827286,-0.18304981291294098,0.30979132652282715,True
30819,-0.05266917496919632,-0.18286751210689545,0.30997318029403687,True
30829,-0.05446019023656845,-0.1828046590089798,0.31013739109039307,True
30839,-0.056062035262584686,-0.18334107100963593,0.30978262424468994,True
30849,-0.05638048052787781,-0.18398047983646393,0.3098978102207184,True
30859,-0.05853758752346039,-0.18394620716571808,0.30999520421028137,True
30869,-0.06062784790992737,-0.1838599592447281,0.31008508801460266,True
30879,-0.0634569600224495,-0.18379464745521545,0.31016767024993896,True
30889,-0.06424359977245331,-0.18387331068515778,0.3089990019798279,True
30899,-0.0665820986032486,-0.18445390462875366,0.30902615189552307,True
30909,-0.06908154487609863,-0.18507736921310425,0.3090396225452423,True
30919,-0.06927068531513214,-0.18449346721172333,0.3090539574623108,True
30929,-0.0709073543548584,-0.18503142893314362,0.3090149760246277,True
30939,-0.07399940490722656,-0.18492814898490906,0.3089882433414459,True
30949,-0.07501941919326782,-0.18558578193187714,0.3089791238307953,True
30959,-0.07598211616277695,-0.18541817367076874,0.30896902084350586,True
30969,-0.07887539267539978,-0.1852930188179016,0.30815720558166504,True
30979,-0.07970348000526428,-0.18598590791225433,0.30774566531181335,True
30989,-0.0804458037018776,-0.18587841093540192,0.3076492249965668,True
30999,-0.08132296800613403,-0.18577171862125397,0.3075563907623291,True
31009,-0.08421391248703003,-0.18574747443199158,0.3074618875980377,True
31019,-0.08665391802787781,-0.185604065656662,0.3073801100254059,True
31029,-0.08835014700889587,-0.18553708493709564,0.30820709466934204,True
31039,-0.08994720876216888,-0.18557098507881165,0.30819517374038696,True
31049,-0.0916532650589943,-0.18549005687236786,0.30819612741470337,True
31059,-0.09330029040575027,-0.18561425805091858,0.3081960380077362,True
31069,-0.09556397795677185,-0.18560481071472168,0.3066486716270447,True
31079,-0.09643671661615372,-0.18553867936134338,0.3065441846847534,True
31089,-0.09881605952978134,-0.18563604354858398,0.3064310550689697,True
31099,-0.10018034279346466,-0.18565090000629425,0.30633899569511414,True
31109,-0.10229159891605377,-0.1847599744796753,0.3057686984539032,True
31119,-0.10306068509817123,-0.1849803626537323,0.30567091703414917,True
31129,-0.10501505434513092,-0.18464815616607666,0.30557411909103394,True
31139,-0.1071951612830162,-0.18442782759666443,0.3054829239845276,True
31149,-0.10937415808439255,-0.18436643481254578,0.30561619997024536,True
31159,-0.10966311395168304,-0.18431879580020905,0.305571973323822,True
31169,-0.10921589285135269,-0.18294812738895416,0.30554068088531494,True
31179,-0.11307457834482193,-0.1841907948255539,0.30550330877304077,True
31189,-0.11415530741214752,-0.18302907049655914,0.30548667907714844,True
31199,-0.11421530693769455,-0.18306772410869598,0.3059556186199188,True
31209,-0.11832235753536224,-0.18430767953395844,0.30600595474243164,True
31219,-0.11897315084934235,-0.18443214893341064,0.3060719668865204,True
31229,-0.12041586637496948,-0.1842893362045288,0.3061426877975464,True
31239,-0.12195657193660736,-0.18453432619571686,0.30587437748908997,True
31249,-0.12349211424589157,-0.18344981968402863,0.305929958820343,True
31259,-0.12567749619483948,-0.18360573053359985,0.30599310994148254,True
31269,-0.12619541585445404,-0.1826578676700592,0.3060612976551056,True
31279,-0.1279747188091278,-0.1823974996805191,0.3041868209838867,True
31289,-0.12798891961574554,-0.1808936595916748,0.3041512668132782,True
31299,-0.12879322469234467,-0.18007490038871765,0.3041250705718994,True
31309,-0.1318288892507553,-0.17981719970703125,0.3041095435619354,True
31319,-0.13287068903446198,-0.17913231253623962,0.3041064441204071,True
31329,-0.1333121508359909,-0.17903394997119904,0.30408844351768494,True
31339,-0.134816512465477,-0.17778174579143524,0.3041096031665802,True
31349,-0.13594794273376465,-0.1768980175256729,0.3041507601737976,True
31359,-0.1368914395570755,-0.17609481513500214,0.30421334505081177,True
31369,-0.13717488944530487,-0.1753019243478775,0.3042263686656952,True
31379,-0.1375935673713684,-0.17321166396141052,0.30428963899612427,True
31389,-0.13881750404834747,-0.17219063639640808,0.30435895919799805,True
31399,-0.1392633616924286,-0.171843484044075,0.3044288456439972,True
31409,-0.13955464959144592,-0.17058604955673218,0.3043901026248932,True
31419,-0.13979721069335938,-0.16853542625904083,0.30443882942199707,True
31429,-0.1400764286518097,-0.16790273785591125,0.30449703335762024,True
31439,-0.14125028252601624,-0.16650858521461487,0.30454757809638977,True
31449,-0.14166228473186493,-0.16403648257255554,0.3046005368232727,True
31459,-0.14220912754535675,-0.16273851692676544,0.3061876595020294,True
31469,-0.14279164373874664,-0.16062064468860626,0.30633118748664856,True
31479,-0.1426038146018982,-0.16052494943141937,0.3064834177494049,True
31489,-0.14242489635944366,-0.1576966643333435,0.30660754442214966,True
31499,-0.14303088188171387,-0.15682843327522278,0.30668875575065613,True
31509,-0.14348579943180084,-0.1559140682220459,0.3068099915981293,True
31519,-0.1433604657649994,-0.15213778614997864,0.30690133571624756,True
31529,-0.14332112669944763,-0.15053419768810272,0.3070051372051239,True
31539,-0.14323146641254425,-0.14894025027751923,0.3061421811580658,True
31549,-0.14383380115032196,-0.14791253209114075,0.3062124252319336,True
31559,-0.14362682402133942,-0.14467202126979828,0.3062630593776703,True
31569,-0.14266636967658997,-0.14311467111110687,0.3063286542892456,True
31579,-0.14301085472106934,-0.14148913323879242,0.30640190839767456,True
31589,-0.14276939630508423,-0.13837669789791107,0.30581173300743103,True
31599,-0.14262042939662933,-0.13671673834323883,0.305839866399765,True
31609,-0.1432221233844757,-0.13497014343738556,0.3058741092681885,True
31619,-0.1423981785774231,-0.13269513845443726,0.30590271949768066,True
31629,-0.14149700105190277,-0.13112467527389526,0.30514973402023315,True
31639,-0.1420070230960846,-0.1295241117477417,0.3051615059375763,True
31649,-0.1426922082901001,-0.1278494894504547,0.3051794469356537,True
31659,-0.14032891392707825,-0.1240464299917221,0.3051742613315582,True
31669,-0.14010806381702423,-0.12360803782939911,0.3054991066455841,True
31679,-0.1400047093629837,-0.12189280241727829,0.3055484890937805,True
31689,-0.1406174749135971,-0.11837930232286453,0.3055917024612427,True
31699,-0.14024099707603455,-0.11731740832328796,0.30565017461776733,True
31709,-0.1391594111919403,-0.11455579847097397,0.3056992292404175,True
31719,-0.13962668180465698,-0.11345914751291275,0.3062845468521118,True
31729,-0.13911019265651703,-0.11007373034954071,0.3063586950302124,True
31739,-0.13885396718978882,-0.10908585786819458,0.30645835399627686,True
31749,-0.13834248483181,-0.1070873811841011,0.30655765533447266,True
31759,-0.13873828947544098,-0.10527999699115753,0.3060353398323059,True
31769,-0.1383627951145172,-0.10336300730705261,0.30611127614974976,True
31779,-0.13810621201992035,-0.10150182992219925,0.3061981797218323,True
31789,-0.137558713555336,-0.09857352823019028,0.3062763512134552,True
31799,-0.13700255751609802,-0.0958716869354248,0.30701932311058044,True
31809,-0.13719335198402405,-0.09452327340841293,0.3071574568748474,True
31819,-0.13733017444610596,-0.09328276664018631,0.3073023557662964,True
31829,-0.1367591917514801,-0.09046711027622223,0.3074328303337097,True
31839,-0.13695530593395233,-0.08849530667066574,0.3075691759586334,True
31849,-0.13726989924907684,-0.08705002814531326,0.3074662983417511,True
31859,-0.13698023557662964,-0.08509549498558044,0.3075776696205139,True
31869,-0.13650394976139069,-0.08208081871271133,0.3076832592487335,True
31879,-0.13670365512371063,-0.08000792562961578,0.30779409408569336,True
31889,-0.13613839447498322,-0.07923268526792526,0.3091776967048645,True
31899,-0.1363072544336319,-0.0758473202586174,0.30932480096817017,True
31909,-0.13608449697494507,-0.07440650463104248,0.30946582555770874,True
31919,-0.13596312701702118,-0.0732286348938942,0.30959707498550415,True
31929,-0.1352546066045761,-0.07038259506225586,0.30902814865112305,True
31939,-0.13524974882602692,-0.06894394010305405,0.30879703164100647,True
31949,-0.13525274395942688,-0.06740007549524307,0.3088477551937103,True
31959,-0.13541248440742493,-0.0656861737370491,0.30889102816581726,True
31969,-0.13556553423404694,-0.06322388350963593,0.3089153468608856,True
31979,-0.13564401865005493,-0.06235658749938011,0.30962061882019043,True
31989,-0.13576854765415192,-0.06066468730568886,0.30966728925704956,True
31999,-0.13582828640937805,-0.05688047409057617,0.30968862771987915,True
32009,-0.13580293953418732,-0.05616353079676628,0.30971503257751465,True
32019,-0.1358061581850052,-0.05398555472493172,0.30972588062286377,True
32029,-0.13572870194911957,-0.05313865467905998,0.309467613697052,True
32039,-0.13632038235664368,-0.050817497074604034,0.3094683885574341,True
32049,-0.13605546951293945,-0.0492032989859581,0.3094722330570221,True
32059,-0.13575902581214905,-0.048328276723623276,0.3094708323478699,True
32069,-0.1356935352087021,-0.04574582353234291,0.3100213408470154,True
32079,-0.13563884794712067,-0.04478726163506508,0.3100353479385376,True
32089,-0.13566133379936218,-0.043935056775808334,0.31006520986557007,True
32099,-0.13555458188056946,-0.041766710579395294,0.31010332703590393,True
32109,-0.13551972806453705,-0.039991315454244614,0.3108643591403961,True
32119,-0.1361757218837738,-0.039014361798763275,0.31094124913215637,True
32129,-0.1360922008752823,-0.03653986379504204,0.311004102230072,True
32139,-0.13576838374137878,-0.03490777313709259,0.3110736012458801,True
32149,-0.1364530771970749,-0.03446654602885246,0.3111532926559448,True
32159,-0.1362861543893814,-0.03187546879053116,0.3107554018497467,True
32169,-0.13620463013648987,-0.02918250299990177,0.3108054995536804,True
32179,-0.1368890106678009,-0.028788341209292412,0.310886025428772,True
32189,-0.13683168590068817,-0.026991337537765503,0.31098514795303345,True
32199,-0.13673917949199677,-0.02599809505045414,0.310709685087204,True
32209,-0.13711820542812347,-0.023662101477384567,0.31080615520477295,True
32219,-0.13703490793704987,-0.022725988179445267,0.31091293692588806,True
32229,-0.137619748711586,-0.021962884813547134,0.31101322174072266,True
32239,-0.137534961104393,-0.017939629033207893,0.3114485740661621,True
32249,-0.13748084008693695,-0.016985375434160233,0.3115612864494324,True
32259,-0.13801835477352142,-0.015201124362647533,0.3116694688796997,True
32269,-0.13775083422660828,-0.01348796859383583,0.31175941228866577,True
32279,-0.13753466308116913,-0.011881399899721146,0.31183794140815735,True
32289,-0.138153076171875,-0.010829203762114048,0.31199538707733154,True
32299,-0.1387665569782257,-0.010027270764112473,0.31211039423942566,True
32309,-0.13867801427841187,-0.007559229154139757,0.31221577525138855,True
32319,-0.13948729634284973,-0.005786425434052944,0.31231701374053955,True
32329,-0.1393728405237198,-0.004098193719983101,0.31148746609687805,True
32339,-0.13919883966445923,-0.003310956759378314,0.3115306496620178,True
32349,-0.1392708420753479,-0.0009095706045627594,0.31154975295066833,True
32359,-0.13999012112617493,5.3590862080454826e-05,0.3115561008453369,True
32369,-0.14086158573627472,0.0016149509465321898,0.31251487135887146,True
32379,-0.14066921174526215,0.004138298332691193,0.3125241994857788,True
32389,-0.14047805964946747,0.005811731331050396,0.31251853704452515,True
32399,-0.14037694036960602,0.006725052371621132,0.3124956488609314,True
32409,-0.14078079164028168,0.007756197825074196,0.31244274973869324,True
32419,-0.1413409262895584,0.00943615473806858,0.3113805055618286,True
32429,-0.14186899363994598,0.011275231838226318,0.31122878193855286,True
32439,-0.14200733602046967,0.013062871992588043,0.31106311082839966,True
32449,-0.14187273383140564,0.014239677228033543,0.3108929693698883,True
32459,-0.14256037771701813,0.014957217499613762,0.3107503652572632,True
32469,-0.14260558784008026,0.016555331647396088,0.31056055426597595,True
32479,-0.14251768589019775,0.018883727490901947,0.31036996841430664,True
32489,-0.14251451194286346,0.02104831673204899,0.31019797921180725,True
32499,-0.14235998690128326,0.022595293819904327,0.31002140045166016,True
32509,-0.1424684375524521,0.024406369775533676,0.3098592758178711,True
32519,-0.1442638337612152,0.024521198123693466,0.3096848130226135,True
32529,-0.1448134332895279,0.026134202256798744,0.30948176980018616,True
32539,-0.14538633823394775,0.026968883350491524,0.30928704142570496,True
32549,-0.14580103754997253,0.030110273510217667,0.3097670078277588,True
32559,-0.14574062824249268,0.030855493620038033,0.30962926149368286,True
32569,-0.14634175598621368,0.033011071383953094,0.3094939589500427,True
32579,-0.14649169147014618,0.03482449799776077,0.3093786835670471,True
32589,-0.14581812918186188,0.035716138780117035,0.3095163106918335,True
32599,-0.14653559029102325,0.03649156540632248,0.30942803621292114,False
32609,-0.1465524286031723,0.03802408650517464,0.30932772159576416,False
32619,-0.14721283316612244,0.040893856436014175,0.30921614170074463,False
32629,-0.147703155875206,0.04081106558442116,0.3079023063182831,False
32639,-0.1474805772304535,0.042335111647844315,0.3077731728553772,False
32649,-0.14717485010623932,0.042391031980514526,0.30767613649368286,False
32659,-0.14743360877037048,0.04700503870844841,0.3075777590274811,False
32669,-0.14735855162143707,0.04611610993742943,0.3075273334980011,False
32679,-0.14571592211723328,0.04768385365605354,0.30842041969299316,False
32689,-0.14757929742336273,0.05076609551906586,0.3084507882595062,False
32699,-0.14781668782234192,0.05192182958126068,0.3085067868232727,False
32709,-0.1473037153482437,0.05351676419377327,0.3085709512233734,False
32719,-0.14756226539611816,0.05681537091732025,0.310566782951355,False
32729,-0.14799578487873077,0.056776538491249084,0.3107590973377228,False
32739,-0.14818373322486877,0.057120490819215775,0.31097331643104553,False
32749,-0.14826379716396332,0.05876176059246063,0.31120043992996216,False
32759,-0.1487070918083191,0.06019171327352524,0.3117813467979431,False
32769,-0.1482589840888977,0.06145470589399338,0.3120117783546448,False
32779,-0.14747479557991028,0.06193719059228897,0.31222662329673767,False
32789,-0.14661699533462524,0.06407061219215393,0.3124251067638397,False
32799,-0.1455869823694229,0.06420072913169861,0.3126082718372345,False
32809,-0.14556321501731873,0.065425805747509,0.3117079734802246,False
32819,-0.14488078653812408,0.06635379791259766,0.31178030371665955,False
32829,-0.14477406442165375,0.06802006810903549,0.3118276596069336,False
32839,-0.14406049251556396,0.0690598264336586,0.311838835477829,False
32849,-0.1433584988117218,0.07004211097955704,0.3102671504020691,False
32859,-0.14749659597873688,0.06651410460472107,0.3101721405982971,False
32869,-0.14707234501838684,0.0668300911784172,0.31002360582351685,False
32879,-0.14624448120594025,0.06755604594945908,0.3098442852497101,False
32889,-0.1462024450302124,0.06735402345657349,0.3102017343044281,False
32899,-0.14483921229839325,0.06823661178350449,0.3102662265300751,False
32909,-0.14401543140411377,0.0685880109667778,0.31007009744644165,False
32919,-0.1425171196460724,0.06975216418504715,0.30983978509902954,False
32929,-0.1404435783624649,0.06963786482810974,0.3095698952674866,False
32939,-0.14032568037509918,0.06968186795711517,0.3092285096645355,False
32949,-0.1398572474718094,0.06903263926506042,0.3089020848274231,False
32959,-0.13801315426826477,0.07034352421760559,0.308520644903183,False
32969,-0.1370738446712494,0.07043348252773285,0.30815449357032776,False
32979,-0.13625751435756683,0.0704214870929718,0.3077687621116638,False
32989,-0.13413557410240173,0.07044383138418198,0.30649077892303467,False
32999,-0.13230185210704803,0.07035078853368759,0.3060694634914398,False
33009,-0.13049614429473877,0.07085123658180237,0.3056580424308777,False
33019,-0.1299384981393814,0.07068633288145065,0.305271714925766,False
33029,-0.12835940718650818,0.06988150626420975,0.30347374081611633,False
33039,-0.1265268474817276,0.06920062005519867,0.3030124306678772,False
33049,-0.12623649835586548,0.06972479820251465,0.3025677502155304,False
33059,-0.12460939586162567,0.06976882368326187,0.30214065313339233,False
33069,-0.1222347840666771,0.06975527107715607,0.30133095383644104,False
33079,-0.1212424710392952,0.06901945173740387,0.3009573519229889,False
33089,-0.11958972364664078,0.06873569637537003,0.30060824751853943,False
33099,-0.11718523502349854,0.06868012994527817,0.30027198791503906,False
33109,-0.11552781611680984,0.06914503872394562,0.29996952414512634,False
33119,-0.11452120542526245,0.06836490333080292,0.29922738671302795,False
33129,-0.11287833005189896,0.06872691214084625,0.29897215962409973,False
33139,-0.10994897782802582,0.06771355867385864,0.298755019903183,False
33149,-0.10898458957672119,0.06755703687667847,0.29860976338386536,False
33159,-0.1072753444314003,0.06672807037830353,0.29860228300094604,False
33169,-0.10355816036462784,0.06587070971727371,0.2985202372074127,False
33179,-0.10247828811407089,0.06627728044986725,0.29849696159362793,False
33189,-0.10066740959882736,0.06613749265670776,0.2984945476055145,False
33199,-0.099051333963871,0.06513799726963043,0.2985250949859619,False
33209,-0.09576509892940521,0.06363748759031296,0.2987511157989502,False
33219,-0.09541582316160202,0.06384485214948654,0.29887107014656067,False
33229,-0.09446409344673157,0.06283797323703766,0.2990158498287201,False
33239,-0.08922311663627625,0.06323008984327316,0.2991558015346527,False
33249,-0.08740992099046707,0.06289634108543396,0.3005112111568451,False
33259,-0.08633117377758026,0.062459323555231094,0.30129462480545044,False
33269,-0.08533962070941925,0.061334408819675446,0.30167901515960693,False
33279,-0.08196711540222168,0.061082229018211365,0.3020862936973572,False
33289,-0.08018924295902252,0.06061388924717903,0.3025316298007965,False
33299,-0.0787956565618515,0.06089124456048012,0.3034855127334595,False
33309,-0.07535871863365173,0.06016848236322403,0.3039645254611969,False
33319,-0.0741417333483696,0.05966219678521156,0.3044704794883728,False
33329,-0.07354378700256348,0.05896051973104477,0.30499961972236633,False
33339,-0.07176906615495682,0.058089613914489746,0.304982990026474,False
33349,-0.06769375503063202,0.05775145813822746,0.30505073070526123,False
33359,-0.06655530631542206,0.05725475028157234,0.3055035471916199,False
33369,-0.06539285182952881,0.057282235473394394,0.30594882369041443,False
33379,-0.06137487664818764,0.05591524392366409,0.30635735392570496,False
33389,-0.060506999492645264,0.055304065346717834,0.3081638813018799,False
33399,-0.059068597853183746,0.054749250411987305,0.3086051642894745,False
33409,-0.055128153413534164,0.05411132425069809,0.3090120255947113,False
33419,-0.05457831919193268,0.05282345414161682,0.30946624279022217,False
33429,-0.05558193102478981,0.05154518038034439,0.30998361110687256,False
33439,-0.05207360163331032,0.051863525062799454,0.31081798672676086,False
33449,-0.05089797452092171,0.05258030816912651,0.31081581115722656,False
33459,-0.04725278913974762,0.051827169954776764,0.31154578924179077,False
33469,-0.047030702233314514,0.052599962800741196,0.31258100271224976,False
33479,-0.042765408754348755,0.05169730633497238,0.3133295178413391,False
33489,-0.04341018944978714,0.05209740251302719,0.3133332431316376,False
33499,-0.04019872471690178,0.05110348388552666,0.31396758556365967,False
33509,-0.040536146610975266,0.05184785649180412,0.3139731287956238,False
33519,-0.03787835314869881,0.05076063424348831,0.3152616620063782,False
33529,-0.035692449659109116,0.04921326786279678,0.3154871165752411,False
33539,-0.03502742946147919,0.048694852739572525,0.31569212675094604,False
33549,-0.032216381281614304,0.04791444540023804,0.3158763349056244,False
33559,-0.03180700168013573,0.046856001019477844,0.31534701585769653,False
33569,-0.031370457261800766,0.0460042729973793,0.31546008586883545,False
33579,-0.030190302059054375,0.04524599388241768,0.3155498504638672,False
33589,-0.028841042891144753,0.044652894139289856,0.3155995309352875,False
33599,-0.027679603546857834,0.04376227781176567,0.3145545423030853,False
33609,-0.027284082025289536,0.04360691085457802,0.31447768211364746,False
33619,-0.026196742430329323,0.042470481246709824,0.3143479824066162,False
33629,-0.026607554405927658,0.042489681392908096,0.31434816122055054,False
33639,-0.02565157227218151,0.04143357649445534,0.31418073177337646,False
33649,-0.023900743573904037,0.04216606169939041,0.31361618638038635,False
33659,-0.023793933913111687,0.039839088916778564,0.31333115696907043,False
33669,-0.022885238751769066,0.03873622044920921,0.3130127191543579,False
33679,-0.023569755256175995,0.037475984543561935,0.31264644861221313,False
33689,-0.022827159613370895,0.035463083535432816,0.3126305937767029,False
33699,-0.022215161472558975,0.03475291281938553,0.3122265338897705,False
33709,-0.02151118963956833,0.03266262635588646,0.31179410219192505,False
33719,-0.022111132740974426,0.03078381158411503,0.311353474855423,False
33729,-0.021458981558680534,0.028907133266329765,0.31089720129966736,False
33739,-0.020877782255411148,0.028454333543777466,0.3104446232318878,False
33749,-0.020302757620811462,0.027484366670250893,0.30999550223350525,False
33759,-0.020781591534614563,0.025231631472706795,0.3095388412475586,False
33769,-0.020050503313541412,0.02432769536972046,0.30910754203796387,False
33779,-0.019262926653027534,0.023407800123095512,0.3081100881099701,False
33789,-0.021200038492679596,0.019714798778295517,0.3076349198818207,False
33799,-0.02042468823492527,0.01785864122211933,0.3071900010108948,False
33809,-0.021193232387304306,0.017238516360521317,0.30676916241645813,False
33819,-0.020273050293326378,0.016178274527192116,0.30479520559310913,False
33829,-0.020994314923882484,0.012177291326224804,0.304300993680954,False
33839,-0.020857445895671844,0.011843006126582623,0.3038642406463623,False
33849,-0.020356804132461548,0.011323991231620312,0.3034694492816925,False
33859,-0.021147001534700394,0.008407735265791416,0.3018081486225128,False
33869,-0.021075235679745674,0.005992991849780083,0.3014056086540222,False
33879,-0.02105233073234558,0.005019791424274445,0.30102843046188354,False
33889,-0.02133716642856598,0.002322803484275937,0.3006040155887604,False
33899,-0.02217625267803669,-0.00033443671418353915,0.2975042164325714,False
33909,-0.022796550765633583,-0.0008411661256104708,0.297500342130661,False
33919,-0.022820208221673965,-0.0018704727990552783,0.2971116304397583,False
33929,-0.02351382188498974,-0.0053063053637743,0.2967751920223236,False
33939,-0.024279095232486725,-0.005671404302120209,0.2965364456176758,False
33949,-0.023794308304786682,-0.007656855043023825,0.2962011992931366,False
33959,-0.024759341031312943,-0.010867312550544739,0.29603880643844604,False
33969,-0.02525431290268898,-0.01205994002521038,0.29593542218208313,False
33979,-0.02584679238498211,-0.013809469528496265,0.29587894678115845,False
33989,-0.02550763450562954,-0.01507168635725975,0.29592669010162354,False
33999,-0.026509009301662445,-0.01841428130865097,0.29599493741989136,False
34009,-0.02627241611480713,-0.020927786827087402,0.2961426079273224,False
34019,-0.025792820379137993,-0.02138763666152954,0.29637569189071655,False
34029,-0.02542945370078087,-0.02402840182185173,0.29664576053619385,False
34039,-0.026535414159297943,-0.025960227474570274,0.2977783977985382,False
34049,-0.027009597048163414,-0.02780310809612274,0.29818031191825867,False
34059,-0.026547163724899292,-0.029032625257968903,0.2986202836036682,False
34069,-0.02698572166264057,-0.03170386329293251,0.2990718483924866,False
34079,-0.026842394843697548,-0.03384101018309593,0.2997197210788727,False
34089,-0.026752164587378502,-0.03445345535874367,0.30022144317626953,False
34099,-0.028279423713684082,-0.037943724542856216,0.3007059395313263,False
34109,-0.028098272159695625,-0.039147354662418365,0.3012024462223053,False
34119,-0.028112778440117836,-0.040668513625860214,0.3025718033313751,False
34129,-0.027944665402173996,-0.041505537927150726,0.3031167685985565,False
34139,-0.02782461792230606,-0.04453333467245102,0.3036436438560486,False
34149,-0.027761399745941162,-0.04522103816270828,0.30417659878730774,False
34159,-0.028609326109290123,-0.046419307589530945,0.3046906292438507,False
34169,-0.028623756021261215,-0.05088408291339874,0.30628594756126404,False
34179,-0.028677131980657578,-0.05191074684262276,0.30680403113365173,False
34189,-0.02871684543788433,-0.05192694813013077,0.3072932958602905,False
34199,-0.028729340061545372,-0.05534498393535614,0.30773448944091797,False
34209,-0.029409099370241165,-0.0567668154835701,0.3091186285018921,False
34219,-0.02940811961889267,-0.0579981654882431,0.30988240242004395,False
34229,-0.02939091995358467,-0.05950477346777916,0.31032654643058777,False
34239,-0.029350483790040016,-0.0612393356859684,0.31073760986328125,False
34249,-0.02945353463292122,-0.06218229606747627,0.31111642718315125,False
34259,-0.028920864686369896,-0.06307622045278549,0.31052905321121216,False
34269,-0.02832411788403988,-0.06426691263914108,0.3107597827911377,False
34279,-0.02856474183499813,-0.06606735289096832,0.3109395205974579,False
34289,-0.0280796866863966,-0.06543144583702087,0.31107962131500244,False
34299,-0.02830953523516655,-0.06630123406648636,0.3116310238838196,False
34309,-0.028600923717021942,-0.06870529800653458,0.3117077946662903,False
34319,-0.028752831742167473,-0.06915535777807236,0.31173303723335266,False
34329,-0.028668131679296494,-0.07093143463134766,0.3116927444934845,False
34339,-0.027014316990971565,-0.07119923830032349,0.31159088015556335,False
34349,-0.026973819360136986,-0.07226584851741791,0.31180721521377563,False
34359,-0.02676183171570301,-0.07267948240041733,0.31160447001457214,False
34369,-0.025403527542948723,-0.07273153960704803,0.3113306760787964,False
34379,-0.025310231372714043,-0.07360094785690308,0.3109947443008423,False
34389,-0.02522222138941288,-0.07443893700838089,0.30908501148223877,False
34399,-0.025114143267273903,-0.07520253211259842,0.3085903227329254,False
34409,-0.024999160319566727,-0.07591501623392105,0.3080609440803528,False
34419,-0.024877913296222687,-0.07657771557569504,0.3074943423271179,False
34429,-0.026267237961292267,-0.0716942697763443,0.3053019046783447,False
34439,-0.025861799716949463,-0.07167337089776993,0.30458980798721313,False
34449,-0.025364015251398087,-0.07205753773450851,0.3038715124130249,False
34459,-0.025245366618037224,-0.0723809152841568,0.30314531922340393,False
34469,-0.02461467869579792,-0.07400449365377426,0.30242013931274414,False
34479,-0.024144265800714493,-0.07345402985811234,0.3012872040271759,False
34489,-0.023640263825654984,-0.0728246197104454,0.3005598187446594,False
34499,-0.023202253505587578,-0.07343665510416031,0.2998567521572113,False
34509,-0.02323491871356964,-0.07357801496982574,0.29918476939201355,False
34519,-0.02244851365685463,-0.0736248567700386,0.29825559258461,False
34529,-0.02245423011481762,-0.07310895621776581,0.2976166903972626,False
34539,-0.021590983495116234,-0.07351726293563843,0.2970151901245117,False
34549,-0.021399758756160736,-0.07312868535518646,0.2964641749858856,False
34559,-0.020490923896431923,-0.0730244368314743,0.29670462012290955,False
34569,-0.020091895014047623,-0.07270003855228424,0.2963407039642334,False
34579,-0.01966193877160549,-0.07265253365039825,0.29603999853134155,False
34589,-0.019739091396331787,-0.07226438075304031,0.2957921326160431,False
34599,-0.019270606338977814,-0.07212171703577042,0.2956012487411499,False
34609,-0.018850810825824738,-0.07172125577926636,0.2944553792476654,False
34619,-0.018763670697808266,-0.07109861075878143,0.29432404041290283,False
34629,-0.01848910190165043,-0.07102460414171219,0.2942587733268738,False
34639,-0.01753220148384571,-0.07035520672798157,0.2942656874656677,False
34649,-0.017649617046117783,-0.07002077251672745,0.29419997334480286,False
34659,-0.016750134527683258,-0.06970572471618652,0.29430896043777466,False
34669,-0.016635499894618988,-0.0688706785440445,0.2944626212120056,False
34679,-0.01608208194375038,-0.0682172104716301,0.29466938972473145,False
34689,-0.015028614550828934,-0.06801299750804901,0.2949298918247223,False
34699,-0.015557363629341125,-0.0678025484085083,0.2959349453449249,False
34709,-0.01548795960843563,-0.06750938296318054,0.29629871249198914,False
34719,-0.014481276273727417,-0.0663764476776123,0.2966877818107605,False
34729,-0.01406315341591835,-0.06601855903863907,0.297116756439209,False
34739,-0.014146098867058754,-0.06568248569965363,0.2988850772380829,False
34749,-0.013245661742985249,-0.06482557207345963,0.29942744970321655,False
34759,-0.01302475668489933,-0.0644117072224617,0.2999590337276459,False
34769,-0.012096798978745937,-0.06290527433156967,0.3004755675792694,False
34779,-0.01187271811068058,-0.0624382458627224,0.30172812938690186,False
34789,-0.011269992217421532,-0.06324300169944763,0.3023160696029663,False
34799,-0.011200878769159317,-0.06288027763366699,0.302832692861557,False
34809,-0.010996074415743351,-0.06249362975358963,0.30333152413368225,False
34819,-0.010395976714789867,-0.06093199551105499,0.30380913615226746,False
34829,-0.010348571464419365,-0.06003345921635628,0.3043350875377655,False
34839,-0.010297189466655254,-0.05950135737657547,0.30477869510650635,False
34849,-0.009383562952280045,-0.05941354110836983,0.3052031695842743,False
34859,-0.009358009323477745,-0.058885447680950165,0.30561280250549316,False
34869,-0.009190471842885017,-0.058485303074121475,0.30716201663017273,False
34879,-0.008764837868511677,-0.05840228497982025,0.307574599981308,False
34889,-0.007718945853412151,-0.057920362800359726,0.3079421818256378,False
34899,-0.0075212512165308,-0.057543009519577026,0.30829593539237976,False
34909,-0.007820391096174717,-0.05740376561880112,0.3091283142566681,False
34919,-0.007672093342989683,-0.05709123611450195,0.30938899517059326,False
34929,-0.005875415168702602,-0.05569783225655556,0.3095986843109131,False
34939,-0.005694677587598562,-0.055376868695020676,0.30976128578186035,False
34949,-0.005521366838365793,-0.05506756156682968,0.30987223982810974,False
34959,-0.005567257292568684,-0.05638928338885307,0.30917495489120483,False
34969,-0.005112261977046728,-0.05624726787209511,0.3091595768928528,False
34979,-0.0049604191444814205,-0.05602342262864113,0.3091074526309967,False
34989,-0.004817081615328789,-0.05581171065568924,0.3090158700942993,False
34999,-0.0036393008194863796,-0.055409714579582214,0.3089151084423065,False
35009,-0.003482414409518242,-0.05521680787205696,0.3087542653083801,False
35019,-0.0033333604224026203,-0.05503636226058006,0.3085707128047943,False
35029,-0.003957319539040327,-0.054719213396310806,0.3083530068397522,False
35039,-0.0038283606991171837,-0.054543640464544296,0.3061116337776184,False
35049,-0.0038259723223745823,-0.05507201328873634,0.3056994676589966,False
35059,-0.0037319164257496595,-0.05495300516486168,0.30524611473083496,False
35069,-0.0028721895068883896,-0.054354891180992126,0.3047558069229126,False
35079,-0.002773367566987872,-0.05457433685660362,0.30422812700271606,False
35089,-0.002350347116589546,-0.054481200873851776,0.304368257522583,False
35099,-0.00225233007222414,-0.05439938232302666,0.30384528636932373,False
